provider,code,message_zh,message_en,category,severity,solution
ecpay,1,付款成功,Success,success,info,（/2878）
ecpay,2,ATM 取號成功,ATM number issued,success,info,不是錯誤；等消費者轉帳後會再收到付款通知（/2881）
ecpay,10100073,CVS／BARCODE 取號成功,CVS/Barcode number issued,success,info,不是錯誤；等消費者繳費後會再收到付款通知（/2881）
ecpay,10100001,超商代碼已失效,CVS code expired,payment,error,重新取號（出處：綠界官方 skill guides/20，developers.ecpay.com.tw 未列，以後台「交易狀態代碼查詢」為準）
ecpay,10100058,Pay fail（3D 驗證未完成）,Pay fail.,payment,error,請消費者更換瀏覽器或裝置、關閉 VPN、切換網路取得新 IP；定期定額時手機號碼須與銀行資料一致（/5740）
ecpay,10100248,信用卡被銀行拒絕,Wrong merchant account,payment,error,資料錯誤、額度不足等，請消費者洽發卡行（/5740）
ecpay,10200009,訂單已過期,Order expired,payment,error,檢查 ExpireDate 設定，重新建立訂單（出處：綠界官方 skill guides/20，developers.ecpay.com.tw 未列，以後台「交易狀態代碼查詢」為準）
ecpay,10200043,3D 驗證失敗,3D Secure failed,payment,error,請消費者重新進行 3D 驗證（出處：綠界官方 skill guides/20，developers.ecpay.com.tw 未列，以後台「交易狀態代碼查詢」為準）
ecpay,10200047,MerchantTradeNo 重複,Duplicate MerchantTradeNo,validation,error,使用不同的訂單編號（最長 20 字元，僅英數字）（出處：綠界官方 skill guides/20，developers.ecpay.com.tw 未列，以後台「交易狀態代碼查詢」為準）
ecpay,10200050,TotalAmount 超出範圍（金額不符）,TotalAmount out of range,validation,error,檢查 TotalAmount（出處：綠界官方 skill guides/20，developers.ecpay.com.tw 未列，以後台「交易狀態代碼查詢」為準）
ecpay,10200058,信用卡授權失敗,Card authorization failed,payment,error,請消費者確認卡片資訊或更換信用卡（出處：綠界官方 skill guides/20，developers.ecpay.com.tw 未列，以後台「交易狀態代碼查詢」為準）
ecpay,10200073,CheckMacValue 驗證失敗,CheckMacValue verify fail,auth,error,不分大小寫排序、PHP urlencode 後轉小寫並還原 ( ) ! *、金流 SHA256 / 物流 MD5；確認 HashKey/HashIV（出處：綠界官方 skill guides/20，developers.ecpay.com.tw 未列，以後台「交易狀態代碼查詢」為準）
ecpay,10200095,訂單未成立，消費者未完成付款,Already paid,payment,warning,查詢 API 的 TradeStatus；不是已付款或已退款（/2890）
ecpay,10200105,BNPL 金額未達最低,BNPL amount below minimum,validation,error,"TotalAmount 需 >= 3,000 元（出處：綠界官方 skill guides/20，developers.ecpay.com.tw 未列，以後台「交易狀態代碼查詢」為準）"
ecpay,10200115,信用卡授權逾時,Card authorization timeout,payment,error,請消費者重新付款（出處：綠界官方 skill guides/20，developers.ecpay.com.tw 未列，以後台「交易狀態代碼查詢」為準）
ecpay,10300006,超商繳費期限已過（國內物流中為物流訂單已過期）,CVS payment expired,payment,error,重新建立訂單；同一代碼在物流服務含意不同（出處：綠界官方 skill guides/20，developers.ecpay.com.tw 未列，以後台「交易狀態代碼查詢」為準）
ecpay,10400011,WAF 關鍵字攔截,Blocked by WAF keyword,validation,error,ItemName / TradeDesc 含 echo、python、curl 等系統指令關鍵字，移除即可（出處：綠界官方 skill guides/20，developers.ecpay.com.tw 未列，以後台「交易狀態代碼查詢」為準）
ecpay,10800001,觸發綠界風控,,payment,error,連續刷卡、可疑電話等；後台交易明細灰底表示扣款失敗（/5740）
ecpay,10200141,商店未開啟收款服務,,config,error,測試／正式環境金鑰混用，或正式環境未完成金流申請（/5740）
ecpay,10200146,此商店不支援信用卡分期,,config,error,分期服務未啟用（/5740）
ecpay,10300023,本次交易未提供任何付款方式,,config,error,MerchantID 錯誤，或收款審核未通過、服務未開通（/5740）
ecpay,10300024,資料驗證錯誤，請回到原廠商頁面重新操作,,payment,warning,消費者於簡訊驗證時返回上一頁再送出所致（/5740）
ecpay,5100070,建立訂單失敗：金額超出上下限或無可用付款方式,,api,error,例：1 元訂單只開 ATM；測試環境請用 2 元以上（/5740）
ecpay,5100071,建立訂單失敗：無權限使用,,config,error,服務未開通，請聯繫業務（/5740）
newebpay,SUCCESS,成功,Success,success,info,
newebpay,MPG01002,時間戳記不可空白,,validation,error,見藍新規格書 NDNF-1.2.5 錯誤代碼表
newebpay,MPG01005,TokenTerm 不可空白/設定錯誤,,validation,error,見藍新規格書 NDNF-1.2.5 錯誤代碼表
newebpay,MPG01008,分期參數設定錯誤,,validation,error,見藍新規格書 NDNF-1.2.5 錯誤代碼表
newebpay,MPG01009,商店代號不可空白,,validation,error,見藍新規格書 NDNF-1.2.5 錯誤代碼表
newebpay,MPG01010,程式版本設定錯誤,,validation,error,見藍新規格書 NDNF-1.2.5 錯誤代碼表
newebpay,MPG01011,回傳規格設定錯誤,,validation,error,見藍新規格書 NDNF-1.2.5 錯誤代碼表
newebpay,MPG01012,商店訂單編號不可空白/設定錯誤,,validation,error,見藍新規格書 NDNF-1.2.5 錯誤代碼表
newebpay,MPG01013,付款人電子信箱設定錯誤,,validation,error,見藍新規格書 NDNF-1.2.5 錯誤代碼表
newebpay,MPG01014,網址設定錯誤,,validation,error,見藍新規格書 NDNF-1.2.5 錯誤代碼表
newebpay,MPG01015,訂單金額不可空白/設定錯誤,,validation,error,見藍新規格書 NDNF-1.2.5 錯誤代碼表
newebpay,MPG01016,檢查碼不可空白,,validation,error,見藍新規格書 NDNF-1.2.5 錯誤代碼表
newebpay,MPG01017,商品資訊不可空白,,validation,error,見藍新規格書 NDNF-1.2.5 錯誤代碼表
newebpay,MPG01018,繳費有效期限設定錯誤,,validation,error,見藍新規格書 NDNF-1.2.5 錯誤代碼表
newebpay,MPG01023,交易加密資料不可空白,,validation,error,見藍新規格書 NDNF-1.2.5 錯誤代碼表
newebpay,MPG01024,交易加密SHA 資料不可空白,,validation,error,見藍新規格書 NDNF-1.2.5 錯誤代碼表
newebpay,MPG01025,金融機構格式錯誤,,validation,error,見藍新規格書 NDNF-1.2.5 錯誤代碼表
newebpay,MPG01026,金融機構格式錯誤，不接受XXX 參數,,validation,error,見藍新規格書 NDNF-1.2.5 錯誤代碼表
newebpay,MPG01027,一銀維護中，請選擇其他金融機構,,validation,error,見藍新規格書 NDNF-1.2.5 錯誤代碼表
newebpay,MPG01028,訂單細項格式錯誤,,validation,error,見藍新規格書 NDNF-1.2.5 錯誤代碼表
newebpay,MPG01029,訂單金額與訂單細項總金額不相符,,validation,error,Amt 須等於訂單細項總金額
newebpay,MPG01030,訂單細項品項編號不可重複,,validation,error,見藍新規格書 NDNF-1.2.5 錯誤代碼表
newebpay,MPG02001,檢查碼錯誤,,auth,error,"TradeSha 錯誤：SHA256(""HashKey={key}&{TradeInfo}&HashIV={iv}"") 轉大寫；確認 HashKey/HashIV"
newebpay,MPG02002,查無商店開啟任何金流服務,,auth,error,見藍新規格書 NDNF-1.2.5 錯誤代碼表
newebpay,MPG02003,支付方式未啟用，請洽客服中心,,auth,error,見藍新規格書 NDNF-1.2.5 錯誤代碼表
newebpay,MPG02004,匯率時間戳記不存在，請確認,,auth,error,見藍新規格書 NDNF-1.2.5 錯誤代碼表
newebpay,MPG02005,驗證資料錯誤(來源不合法),,auth,error,見藍新規格書 NDNF-1.2.5 錯誤代碼表
newebpay,MPG02006,信用卡收單機構系統發生異常，請洽客服中心,,auth,error,見藍新規格書 NDNF-1.2.5 錯誤代碼表
newebpay,MPG02007,本商店強制指定需檢核轉出行，請先啟用智慧,,auth,error,見藍新規格書 NDNF-1.2.5 錯誤代碼表
newebpay,MPG02008,SourceType 參數錯誤，本商店強制指定需檢核,,auth,error,見藍新規格書 NDNF-1.2.5 錯誤代碼表
newebpay,MPG02009,不可修改銀行代號與帳號時，須提供指定轉帳,,auth,error,見藍新規格書 NDNF-1.2.5 錯誤代碼表
newebpay,MPG02010,此版本不支援，請升級至v2.3,,auth,error,見藍新規格書 NDNF-1.2.5 錯誤代碼表
newebpay,MPG03001,FormPost 加密失敗,,system,error,見藍新規格書 NDNF-1.2.5 錯誤代碼表
newebpay,MPG03002,拒絕交易 IP,,system,error,見藍新規格書 NDNF-1.2.5 錯誤代碼表
newebpay,MPG03003,IP 交易次數限制,,system,error,見藍新規格書 NDNF-1.2.5 錯誤代碼表
newebpay,MPG03004,商店狀態已被暫停或是關閉，無法進行交易,,system,error,見藍新規格書 NDNF-1.2.5 錯誤代碼表
newebpay,MPG03005,回傳參數資料不存在/解密失敗,,system,error,見藍新規格書 NDNF-1.2.5 錯誤代碼表
newebpay,MPG03006,回傳參數資料不存在/解密失敗,,system,error,見藍新規格書 NDNF-1.2.5 錯誤代碼表
newebpay,MPG03007,該筆訂單交易資訊不存在，請重新交易,,system,error,見藍新規格書 NDNF-1.2.5 錯誤代碼表
newebpay,MPG03008,已存在相同的商店訂單編號,,system,error,MerchantOrderNo 不可重複
newebpay,MPG03009,交易失敗,,system,error,交易失敗，依 Message 判斷原因
newebpay,MPG03010,驗證資料不存在或錯誤,,system,error,見藍新規格書 NDNF-1.2.5 錯誤代碼表
newebpay,MPG03011,訂單資料已不存在，請重新交易,,system,error,見藍新規格書 NDNF-1.2.5 錯誤代碼表
newebpay,MPG05001,未有信用卡驗證資料,,payment,error,見藍新規格書 NDNF-1.2.5 錯誤代碼表
newebpay,MPG05002,信用卡卡號長度不足,,payment,error,見藍新規格書 NDNF-1.2.5 錯誤代碼表
newebpay,MPG05003,此信用卡不支援一次付清，請改用可一次付清,,payment,error,見藍新規格書 NDNF-1.2.5 錯誤代碼表
newebpay,MPG05004,發卡行暫時無法提供信用卡分期付款服務,,payment,error,見藍新規格書 NDNF-1.2.5 錯誤代碼表
newebpay,MPG05005,警示交易,,payment,error,見藍新規格書 NDNF-1.2.5 錯誤代碼表
newebpay,MPG05006,物流設定參數[LgsType]錯誤,,payment,error,見藍新規格書 NDNF-1.2.5 錯誤代碼表
newebpay,MPG05007,請開啟其他支付方式,,payment,error,見藍新規格書 NDNF-1.2.5 錯誤代碼表
newebpay,MPG05008,因金額限制關係，無法使用物流服務,,payment,error,見藍新規格書 NDNF-1.2.5 錯誤代碼表
newebpay,TRA10001,商店資料取得失敗,,request,error,見藍新規格書 NDNF-1.2.5 錯誤代碼表
newebpay,TRA10003,金額必須為數字,,request,error,見藍新規格書 NDNF-1.2.5 錯誤代碼表
newebpay,TRA10008,資料加密錯誤,,request,error,見藍新規格書 NDNF-1.2.5 錯誤代碼表
newebpay,TRA10009,商店代號不可空白,,request,error,見藍新規格書 NDNF-1.2.5 錯誤代碼表
newebpay,TRA10012,商店代號停用,,request,error,見藍新規格書 NDNF-1.2.5 錯誤代碼表
newebpay,TRA10013,商店信用卡資格停用,,request,error,見藍新規格書 NDNF-1.2.5 錯誤代碼表
newebpay,TRA10015,網路連線失敗,,request,error,見藍新規格書 NDNF-1.2.5 錯誤代碼表
newebpay,TRA10018,資料不足,,request,error,見藍新規格書 NDNF-1.2.5 錯誤代碼表
newebpay,TRA10021,查無該筆交易或該筆交易不為信用卡交易,,request,error,見藍新規格書 NDNF-1.2.5 錯誤代碼表
newebpay,TRA10026,此訂單非授權成功狀態，不可請款,,request,error,見藍新規格書 NDNF-1.2.5 錯誤代碼表
newebpay,TRA10027,此訂單已申請過請款，不可重覆請款,,request,error,見藍新規格書 NDNF-1.2.5 錯誤代碼表
newebpay,TRA10028,請退款金額超過授權金額，請確認,,request,error,見藍新規格書 NDNF-1.2.5 錯誤代碼表
newebpay,TRA10029,請款超過授權日N 天，已不得請(退)款,,request,error,見藍新規格書 NDNF-1.2.5 錯誤代碼表
newebpay,TRA10030,請款/退款資料新增失敗,,request,error,見藍新規格書 NDNF-1.2.5 錯誤代碼表
newebpay,TRA10031,銀聯卡交易只接受全額請退款,,request,error,見藍新規格書 NDNF-1.2.5 錯誤代碼表
newebpay,TRA10032,單號類型只能為數字1 或2,,request,error,見藍新規格書 NDNF-1.2.5 錯誤代碼表
newebpay,TRA10033,選擇使用商店自訂單號不可空白,,request,error,見藍新規格書 NDNF-1.2.5 錯誤代碼表
newebpay,TRA10035,該交易非授權成功或已請款完成狀態，請確認,,request,error,見藍新規格書 NDNF-1.2.5 錯誤代碼表
newebpay,TRA10036,RespondType 欄位資料格式錯誤,,request,error,見藍新規格書 NDNF-1.2.5 錯誤代碼表
newebpay,TRA10037,商家自訂單號錯誤，只允許英數字及_符號,,request,error,見藍新規格書 NDNF-1.2.5 錯誤代碼表
newebpay,TRA10038,選擇使用系統單號格式錯誤,,request,error,見藍新規格書 NDNF-1.2.5 錯誤代碼表
newebpay,TRA10039,退款金額已超過請款金額，請確認,,request,error,見藍新規格書 NDNF-1.2.5 錯誤代碼表
newebpay,TRA10041,網址格式錯誤,,request,error,見藍新規格書 NDNF-1.2.5 錯誤代碼表
newebpay,TRA10045,該筆交易正在退款中或退款失敗,,request,error,見藍新規格書 NDNF-1.2.5 錯誤代碼表
newebpay,TRA10046,該筆交易撥款狀態異常，無法執行退款,,request,error,見藍新規格書 NDNF-1.2.5 錯誤代碼表
newebpay,TRA10047,該交易不為授權成功狀態，不可放棄授權,,request,error,見藍新規格書 NDNF-1.2.5 錯誤代碼表
newebpay,TRA10048,該交易正在請款狀態,,request,error,見藍新規格書 NDNF-1.2.5 錯誤代碼表
newebpay,TRA10049,該交易正在退款狀態,,request,error,見藍新規格書 NDNF-1.2.5 錯誤代碼表
newebpay,TRA10050,金額不符,,request,error,見藍新規格書 NDNF-1.2.5 錯誤代碼表
newebpay,TRA10051,取消授權失敗,,request,error,見藍新規格書 NDNF-1.2.5 錯誤代碼表
newebpay,TRA10054,檢查碼CheckValue 有錯誤,,request,error,"CheckValue 錯誤：SHA256(""IV={iv}&Amt=..&MerchantID=..&MerchantOrderNo=..&Key={key}"") 轉大寫"
newebpay,TRA10058,動態貨幣轉換交易只接授全額請款,,request,error,見藍新規格書 NDNF-1.2.5 錯誤代碼表
newebpay,TRA10070,銀聯卡交易無需請款,,request,error,見藍新規格書 NDNF-1.2.5 錯誤代碼表
newebpay,TRA10071,因查無交易資料次數已達上限，已鎖定交易查,,request,error,見藍新規格書 NDNF-1.2.5 錯誤代碼表
newebpay,TRA10077,只能退未撥金額,,request,error,見藍新規格書 NDNF-1.2.5 錯誤代碼表
newebpay,TRA10094,資料取消失敗,,request,error,見藍新規格書 NDNF-1.2.5 錯誤代碼表
newebpay,TRA10095,此筆交易已過關帳時間，不可取消,,request,error,見藍新規格書 NDNF-1.2.5 錯誤代碼表
newebpay,TRA10678,銀聯卡退款失敗,,request,error,見藍新規格書 NDNF-1.2.5 錯誤代碼表
newebpay,TRA10675,紅利交易只接授全額請退款,,request,error,見藍新規格書 NDNF-1.2.5 錯誤代碼表
newebpay,TRA10702,因達到執行請退款筆數上限，您的商店暫時無,,request,error,見藍新規格書 NDNF-1.2.5 錯誤代碼表
newebpay,TRA11002,因失敗過多您的商店暫時無法使用本功能,,request,error,見藍新規格書 NDNF-1.2.5 錯誤代碼表
newebpay,TRA20001,金融機構取消授權批次處理中,,request,info,非錯誤：取消授權需由金融機構批次處理，稍後以查詢確認
newebpay,TRA20002,查無交易資料,,request,error,見藍新規格書 NDNF-1.2.5 錯誤代碼表
newebpay,TRA20004,商店訂單編號重覆,,request,error,見藍新規格書 NDNF-1.2.5 錯誤代碼表
newebpay,TRA20011,該筆交易已請款,,request,error,見藍新規格書 NDNF-1.2.5 錯誤代碼表
newebpay,TRA20027,此訂單已申請過退款，退款中,,request,error,見藍新規格書 NDNF-1.2.5 錯誤代碼表
newebpay,TRA20028,可退款金額不足，請查看常見問題 https://,,request,error,見藍新規格書 NDNF-1.2.5 錯誤代碼表
newebpay,TRA40014,TimeStamp 欄位錯誤,,request,error,見藍新規格書 NDNF-1.2.5 錯誤代碼表
newebpay,MPG05009,超商取貨服務未啟用[服務型態]請洽客服中心,,payment,error,服務型態：取貨付款、取貨不付款；見藍新規格書 NDNF-1.2.5 錯誤代碼表
newebpay,ACC10005,會員已被暫時停權/永久停權，請洽藍新金流客服中心查詢,,auth,error,見藍新規格書 NDNF-1.2.5 錯誤代碼表
newebpay,MEM40008,必填欄位資料不可空白,,validation,error,會提示空白欄位；見藍新規格書 NDNF-1.2.5 錯誤代碼表
newebpay,MEM40012,必填欄位資料傳遞錯誤,,validation,error,PostData_ 空白；見藍新規格書 NDNF-1.2.5 錯誤代碼表
newebpay,MEM40013,必填欄位資料不齊全,,validation,error,會提示空白欄位；見藍新規格書 NDNF-1.2.5 錯誤代碼表
newebpay,MEM40014,傳送時間錯誤,,request,error,見藍新規格書 NDNF-1.2.5 錯誤代碼表
newebpay,NOR1001,連線異常,,system,error,見藍新規格書 NDNF-1.2.5 錯誤代碼表
newebpay,1101,退款失敗,,request,error,見藍新規格書 NDNF-1.2.5 錯誤代碼表
newebpay,1102,查無商店,,request,error,見藍新規格書 NDNF-1.2.5 錯誤代碼表
newebpay,1103,查無訂單資料,,request,error,見藍新規格書 NDNF-1.2.5 錯誤代碼表
newebpay,1104,訂單狀態不為可請/退款狀態,,request,error,見藍新規格書 NDNF-1.2.5 錯誤代碼表
newebpay,1105,可退金額不足,,request,error,見藍新規格書 NDNF-1.2.5 錯誤代碼表
newebpay,1106,錢包類型不符,,request,error,見藍新規格書 NDNF-1.2.5 錯誤代碼表
newebpay,1107,尚未請款,,request,error,見藍新規格書 NDNF-1.2.5 錯誤代碼表
newebpay,1108,僅支援全額退款,,request,error,見藍新規格書 NDNF-1.2.5 錯誤代碼表
newebpay,1109,退款交易申請中，請稍後,,request,error,見藍新規格書 NDNF-1.2.5 錯誤代碼表
newebpay,1110,商店支付方式未啟用,,request,error,見藍新規格書 NDNF-1.2.5 錯誤代碼表
newebpay,1111,查詢商店閘道設定，查無資料,,request,error,見藍新規格書 NDNF-1.2.5 錯誤代碼表
newebpay,1116,可退款金額不足,,request,error,見 https://www.newebpay.com/website/Page/content/faq；見藍新規格書 NDNF-1.2.5 錯誤代碼表
newebpay,2100,最低金額為 1,,validation,error,The Amount minimum is 1；見藍新規格書 NDNF-1.2.5 錯誤代碼表
newebpay,4101,EncryptData_ 不可為空白,,validation,error,見藍新規格書 NDNF-1.2.5 錯誤代碼表
newebpay,4102,HashData_ 不可為空白,,validation,error,見藍新規格書 NDNF-1.2.5 錯誤代碼表
newebpay,4103,HashData_ 資料檢查不符合,,auth,error,見藍新規格書 NDNF-1.2.5 錯誤代碼表
newebpay,4104,加密資料有誤，請確認 Hash_Key 與 Hash_IV 是否正確,,auth,error,見藍新規格書 NDNF-1.2.5 錯誤代碼表
newebpay,4105,TimeStamp 為空,,validation,error,見藍新規格書 NDNF-1.2.5 錯誤代碼表
newebpay,4106,UID_ 不可為空白,,validation,error,見藍新規格書 NDNF-1.2.5 錯誤代碼表
newebpay,9000,網路連線失敗,,system,error,見藍新規格書 NDNF-1.2.5 錯誤代碼表
newebpay,NOR10001,連線異常,,system,error,見藍新規格書 NDNP-1.0.8（信用卡定期定額）錯誤代碼表
newebpay,PER10001,商店資料取得失敗,,request,error,見藍新規格書 NDNP-1.0.8（信用卡定期定額）錯誤代碼表
newebpay,PER10002,資料解密錯誤,,validation,error,見藍新規格書 NDNP-1.0.8（信用卡定期定額）錯誤代碼表
newebpay,PER10003,POST 資料傳遞錯誤,,validation,error,見藍新規格書 NDNP-1.0.8（信用卡定期定額）錯誤代碼表
newebpay,PER10004,OOO 資料不齊全 (OOO 帶入缺少參數),,validation,error,見藍新規格書 NDNP-1.0.8（信用卡定期定額）錯誤代碼表
newebpay,PER10005,資料不可空白,,validation,error,見藍新規格書 NDNP-1.0.8（信用卡定期定額）錯誤代碼表
newebpay,PER10006,商品名稱不得含有 JavaScript 語法、CSS 語法,,validation,error,見藍新規格書 NDNP-1.0.8（信用卡定期定額）錯誤代碼表
newebpay,PER10007,委託金額格式不對，金額必須為數字 委託金額超過單筆金額上限,,validation,error,見藍新規格書 NDNP-1.0.8（信用卡定期定額）錯誤代碼表
newebpay,PER10008,委託金額不能為零。 本 API 限定為線上商店使用，如需使用請洽客服人員。,,validation,error,見藍新規格書 NDNP-1.0.8（信用卡定期定額）錯誤代碼表
newebpay,PER10009,"週期設定錯誤! (W=週,M=月,Y=年)",,validation,error,見藍新規格書 NDNP-1.0.8（信用卡定期定額）錯誤代碼表
newebpay,PER10010,商店訂單編號錯誤，只允許英數與底線,,validation,error,見藍新規格書 NDNP-1.0.8（信用卡定期定額）錯誤代碼表
newebpay,PER10011,商店訂單編號長度限制為 30 字,,validation,error,見藍新規格書 NDNP-1.0.8（信用卡定期定額）錯誤代碼表
newebpay,PER10012,回傳格式錯誤，只接受 JSON 或 String,,validation,error,見藍新規格書 NDNP-1.0.8（信用卡定期定額）錯誤代碼表
newebpay,PER10013,日期授權時間資料不正確，日期格式為 2 到 364 週期授權時間資料不正確，日期格式為 1 到 7(長度不符),,validation,error,見藍新規格書 NDNP-1.0.8（信用卡定期定額）錯誤代碼表
newebpay,PER10014,週期授權時間資料不正確，日期格式為 1 到 7(長度不符),,validation,error,見藍新規格書 NDNP-1.0.8（信用卡定期定額）錯誤代碼表
newebpay,PER10015,月期授權時間資料不正確，日期格式為 01 到 31,,validation,error,見藍新規格書 NDNP-1.0.8（信用卡定期定額）錯誤代碼表
newebpay,PER10016,月期授權時間資料不正確，日期格式為 01 到 31(長度不符),,validation,error,見藍新規格書 NDNP-1.0.8（信用卡定期定額）錯誤代碼表
newebpay,PER10017,年期授權時間資料不正確，日期格式為 01 到 12,,validation,error,見藍新規格書 NDNP-1.0.8（信用卡定期定額）錯誤代碼表
newebpay,PER10018,年期授權時間資料不正確，日期格式為 01 到 31,,validation,error,見藍新規格書 NDNP-1.0.8（信用卡定期定額）錯誤代碼表
newebpay,PER10019,定期授權時間資料不正確，無該日期,,validation,error,見藍新規格書 NDNP-1.0.8（信用卡定期定額）錯誤代碼表
newebpay,PER10020,首期授權模式設定錯誤(1-3)，請檢查,,validation,error,見藍新規格書 NDNP-1.0.8（信用卡定期定額）錯誤代碼表
newebpay,PER10021,備註說明不得含有 JavaScript 語法、CSS 語法,,validation,error,見藍新規格書 NDNP-1.0.8（信用卡定期定額）錯誤代碼表
newebpay,PER10022,授權期數格式不對，必須為數字,,validation,error,見藍新規格書 NDNP-1.0.8（信用卡定期定額）錯誤代碼表
newebpay,PER10023,授權期數不能為零,,validation,error,見藍新規格書 NDNP-1.0.8（信用卡定期定額）錯誤代碼表
newebpay,PER10024,授權期數不能多於 99 次,,validation,error,見藍新規格書 NDNP-1.0.8（信用卡定期定額）錯誤代碼表
newebpay,PER10025,返回商店網址格式錯誤,,validation,error,見藍新規格書 NDNP-1.0.8（信用卡定期定額）錯誤代碼表
newebpay,PER10026,每期授權通知網址格式錯誤,,validation,error,見藍新規格書 NDNP-1.0.8（信用卡定期定額）錯誤代碼表
newebpay,PER10027,是否開啟付款人資訊設定錯誤,,validation,error,見藍新規格書 NDNP-1.0.8（信用卡定期定額）錯誤代碼表
newebpay,PER10028,付款人電子信箱格式錯誤 商品名稱僅限制使用中文、英文、數字、空格及底線，請勿使用其他符 號字,,validation,error,見藍新規格書 NDNP-1.0.8（信用卡定期定額）錯誤代碼表
newebpay,PER10029,商店代號停用,,request,error,見藍新規格書 NDNP-1.0.8（信用卡定期定額）錯誤代碼表
newebpay,PER10030,商店信用卡資格停用,,request,error,見藍新規格書 NDNP-1.0.8（信用卡定期定額）錯誤代碼表
newebpay,PER10031,商店定期定額資格停用,,request,error,見藍新規格書 NDNP-1.0.8（信用卡定期定額）錯誤代碼表
newebpay,PER10032,該訂單編號已重覆,,request,error,見藍新規格書 NDNP-1.0.8（信用卡定期定額）錯誤代碼表
newebpay,PER10033,寫入委託單失敗,,request,error,見藍新規格書 NDNP-1.0.8（信用卡定期定額）錯誤代碼表
newebpay,PER10034,授權失敗，委託單建立失敗,,request,error,見藍新規格書 NDNP-1.0.8（信用卡定期定額）錯誤代碼表
newebpay,PER10035,委託單更新授權結果失敗,,request,error,見藍新規格書 NDNP-1.0.8（信用卡定期定額）錯誤代碼表
newebpay,PER10036,驗證資料錯誤(來源不合法),,validation,error,見藍新規格書 NDNP-1.0.8（信用卡定期定額）錯誤代碼表
newebpay,PER10037,付款頁參數不足,,request,error,見藍新規格書 NDNP-1.0.8（信用卡定期定額）錯誤代碼表
newebpay,PER10038,商品名稱僅限制使用中文、英文、數字、空格及底線，請勿使用其他符 號字元,,validation,error,見藍新規格書 NDNP-1.0.8（信用卡定期定額）錯誤代碼表
newebpay,PER10041,第一期發動日日期不正確,,validation,error,見藍新規格書 NDNP-1.0.8（信用卡定期定額）錯誤代碼表
newebpay,PER10061,該定期定額委託單為暫停狀態，無法重複暫停,,request,error,見藍新規格書 NDNP-1.0.8（信用卡定期定額）錯誤代碼表
newebpay,PER10062,該定期定額委託單為終止狀態，無法暫停,,request,error,見藍新規格書 NDNP-1.0.8（信用卡定期定額）錯誤代碼表
newebpay,PER10063,該定期定額委託單為啟用狀態，無法重複啟用,,request,error,見藍新規格書 NDNP-1.0.8（信用卡定期定額）錯誤代碼表
newebpay,PER10064,該定期定額委託單為終止狀態，無法啟用,,request,error,見藍新規格書 NDNP-1.0.8（信用卡定期定額）錯誤代碼表
newebpay,PER10065,該定期定額委託單為終止狀態，無法重複終止,,request,error,見藍新規格書 NDNP-1.0.8（信用卡定期定額）錯誤代碼表
newebpay,PER10066,Version 參數錯誤,,validation,error,見藍新規格書 NDNP-1.0.8（信用卡定期定額）錯誤代碼表
newebpay,PER10067,查無委託單資料,,request,error,見藍新規格書 NDNP-1.0.8（信用卡定期定額）錯誤代碼表
newebpay,PER10068,委託單狀態更新失敗,,request,error,見藍新規格書 NDNP-1.0.8（信用卡定期定額）錯誤代碼表
newebpay,PER10071,該定期定額委託單已暫停無法修改。,,request,error,見藍新規格書 NDNP-1.0.8（信用卡定期定額）錯誤代碼表
newebpay,PER10072,定期定額委託單為終止狀態無法修改。,,request,error,見藍新規格書 NDNP-1.0.8（信用卡定期定額）錯誤代碼表
newebpay,PER10073,此 IP 不允許執行變更該委託單狀態,,request,error,見藍新規格書 NDNP-1.0.8（信用卡定期定額）錯誤代碼表
newebpay,PER10074,本 API 需由藍新金流審核通過後才得以使用 ， 若有串接需求請聯繫客戶 服務中心或商務經理。,,request,error,見藍新規格書 NDNP-1.0.8（信用卡定期定額）錯誤代碼表
newebpay,PER10075,該委託單已到期,,request,error,見藍新規格書 NDNP-1.0.8（信用卡定期定額）錯誤代碼表
newebpay,PER10076,信用卡到期日參數錯誤,,validation,error,見藍新規格書 NDNP-1.0.8（信用卡定期定額）錯誤代碼表
newebpay,PER10078,警示交易,,request,error,見藍新規格書 NDNP-1.0.8（信用卡定期定額）錯誤代碼表
newebpay,TRA10043,卡片到期日格式錯誤,,validation,error,見藍新規格書 NDNP-1.0.8（信用卡定期定額）錯誤代碼表
payuni,SUCCESS,成功,,success,info,Status 值；見 PAYUNi 官方文件（docs.payuni.com.tw/web/#/7）
payuni,UNKNOWN,等待授權結果逾期,,payment,warning,Status 值；見 PAYUNi 官方文件（docs.payuni.com.tw/web/#/7）
payuni,UNAPPROVED,訂單待確認，買家會員資格審查中（AFTEE）,,payment,warning,Status 值；見 PAYUNi 官方文件（docs.payuni.com.tw/web/#/7）
payuni,OK,AFTEE 審核通過（不代表付款成功）,,payment,info,Status 值；見 PAYUNi 官方文件（docs.payuni.com.tw/web/#/7）
payuni,FAIL,失敗（退款轉匯通知）,,refund,error,Status 值；見 PAYUNi 官方文件（docs.payuni.com.tw/web/#/7）
payuni,API00001,[所有API通用錯誤代碼] 無API類型 / [續期收款建立、續期收款狀態修改、續期收款訂單內容修改、續期收款卡號修改、續期收款訂單查詢] API程式不存在,,api,error,見 PAYUNi 官方文件（docs.payuni.com.tw/web/#/7）「錯誤代碼」：所有API通用錯誤代碼、續期收款建立、續期收款狀態修改、續期收款訂單內容修改、續期收款卡號修改、續期收款訂單查詢
payuni,API00002,[所有API通用錯誤代碼] 無API版本號 / [續期收款建立、續期收款狀態修改、續期收款訂單內容修改、續期收款卡號修改、續期收款訂單查詢] 無API類型,,api,error,見 PAYUNi 官方文件（docs.payuni.com.tw/web/#/7）「錯誤代碼」：所有API通用錯誤代碼、續期收款建立、續期收款狀態修改、續期收款訂單內容修改、續期收款卡號修改、續期收款訂單查詢
payuni,API00003,[所有API通用錯誤代碼] 無API對應程式 / [續期收款建立、續期收款狀態修改、續期收款訂單內容修改、續期收款卡號修改、續期收款訂單查詢] 無API版本號,,api,error,見 PAYUNi 官方文件（docs.payuni.com.tw/web/#/7）「錯誤代碼」：所有API通用錯誤代碼、續期收款建立、續期收款狀態修改、續期收款訂單內容修改、續期收款卡號修改、續期收款訂單查詢
payuni,API00004,[所有API通用錯誤代碼] 無API加密資料 / [續期收款建立、續期收款狀態修改、續期收款訂單內容修改、續期收款卡號修改、續期收款訂單查詢] 未有交易Token,,api,error,見 PAYUNi 官方文件（docs.payuni.com.tw/web/#/7）「錯誤代碼」：所有API通用錯誤代碼、續期收款建立、續期收款狀態修改、續期收款訂單內容修改、續期收款卡號修改、續期收款訂單查詢
payuni,API00005,[所有API通用錯誤代碼] 無API加密比對資料 / [續期收款建立、續期收款狀態修改、續期收款訂單內容修改、續期收款卡號修改、續期收款訂單查詢] 未有加密資料(EncryptInfo),,api,error,見 PAYUNi 官方文件（docs.payuni.com.tw/web/#/7）「錯誤代碼」：所有API通用錯誤代碼、續期收款建立、續期收款狀態修改、續期收款訂單內容修改、續期收款卡號修改、續期收款訂單查詢
payuni,API00007,Token已失效,,api,error,見 PAYUNi 官方文件（docs.payuni.com.tw/web/#/7）「錯誤代碼」：所有API通用錯誤代碼
payuni,API00008,Gateway錯誤,,api,error,見 PAYUNi 官方文件（docs.payuni.com.tw/web/#/7）「錯誤代碼」：所有API通用錯誤代碼
payuni,API00009,已有相同資料處理中,,api,error,見 PAYUNi 官方文件（docs.payuni.com.tw/web/#/7）「錯誤代碼」：所有API通用錯誤代碼
payuni,API00010,EncryptInfo 格式錯誤,,api,error,見 PAYUNi 官方文件（docs.payuni.com.tw/web/#/7）「錯誤代碼」：所有API通用錯誤代碼
payuni,API00011,HashInfo 格式錯誤,,api,error,見 PAYUNi 官方文件（docs.payuni.com.tw/web/#/7）「錯誤代碼」：所有API通用錯誤代碼
payuni,API01001,執行幕後3D，未有訂單編號,,api,error,見 PAYUNi 官方文件（docs.payuni.com.tw/web/#/7）「錯誤代碼」：所有API通用錯誤代碼
payuni,API01002,執行幕後3D，未有暫存資訊,,api,error,見 PAYUNi 官方文件（docs.payuni.com.tw/web/#/7）「錯誤代碼」：所有API通用錯誤代碼
payuni,API01003,執行幕後3D，已超過允許時間,,api,error,見 PAYUNi 官方文件（docs.payuni.com.tw/web/#/7）「錯誤代碼」：所有API通用錯誤代碼
payuni,API01004,執行幕後3D，解析資料失敗,,api,error,見 PAYUNi 官方文件（docs.payuni.com.tw/web/#/7）「錯誤代碼」：所有API通用錯誤代碼
payuni,API02001,SamsungPay處理異常(RefID),,api,error,見 PAYUNi 官方文件（docs.payuni.com.tw/web/#/7）「錯誤代碼」：所有API通用錯誤代碼
payuni,API02002,SamsungPay處理異常(SendDT),,api,error,見 PAYUNi 官方文件（docs.payuni.com.tw/web/#/7）「錯誤代碼」：所有API通用錯誤代碼
payuni,DEF01001,未有商店代號,,api,error,見 PAYUNi 官方文件（docs.payuni.com.tw/web/#/7）「錯誤代碼」：所有API通用錯誤代碼
payuni,DEF01002,資料解密失敗,,api,error,見 PAYUNi 官方文件（docs.payuni.com.tw/web/#/7）「錯誤代碼」：所有API通用錯誤代碼
payuni,DEF01003,代理商不存在,,api,error,見 PAYUNi 官方文件（docs.payuni.com.tw/web/#/7）「錯誤代碼」：所有API通用錯誤代碼
payuni,DEF01004,代理商狀態不符合,,api,error,見 PAYUNi 官方文件（docs.payuni.com.tw/web/#/7）「錯誤代碼」：所有API通用錯誤代碼
payuni,DEF01005,商店不存在,,api,error,見 PAYUNi 官方文件（docs.payuni.com.tw/web/#/7）「錯誤代碼」：所有API通用錯誤代碼
payuni,DEF01006,商店狀態不符合,,api,error,見 PAYUNi 官方文件（docs.payuni.com.tw/web/#/7）「錯誤代碼」：所有API通用錯誤代碼
payuni,DEF01007,Hash比對不符合,,api,error,見 PAYUNi 官方文件（docs.payuni.com.tw/web/#/7）「錯誤代碼」：所有API通用錯誤代碼
payuni,UPP00000,系統異常,,api,error,見 PAYUNi 官方文件（docs.payuni.com.tw/web/#/7）「錯誤代碼」：交易建立 (整合式支付頁|UPP)
payuni,UPP01001,已達連線處理上限，請稍後再試,,api,error,見 PAYUNi 官方文件（docs.payuni.com.tw/web/#/7）「錯誤代碼」：交易建立 (整合式支付頁|UPP)
payuni,UPP01002,未有商店代號,,api,error,見 PAYUNi 官方文件（docs.payuni.com.tw/web/#/7）「錯誤代碼」：交易建立 (整合式支付頁|UPP)
payuni,UPP01003,資料 HASH 比對不符合,,api,error,見 PAYUNi 官方文件（docs.payuni.com.tw/web/#/7）「錯誤代碼」：交易建立 (整合式支付頁|UPP)
payuni,UPP01004,資料解密失敗,,api,error,見 PAYUNi 官方文件（docs.payuni.com.tw/web/#/7）「錯誤代碼」：交易建立 (整合式支付頁|UPP)
payuni,UPP01005,解密資料不存在,,api,error,見 PAYUNi 官方文件（docs.payuni.com.tw/web/#/7）「錯誤代碼」：交易建立 (整合式支付頁|UPP)
payuni,UPP01006,[交易建立 (整合式支付頁|UPP)] 查無符合商店資料 / [交易建立 (整合式支付頁|UPP)] 查無符合商店(代理商)資料,,api,error,見 PAYUNi 官方文件（docs.payuni.com.tw/web/#/7）「錯誤代碼」：交易建立 (整合式支付頁|UPP)
payuni,UPP01007,已存在相同商店訂單編號,,api,error,見 PAYUNi 官方文件（docs.payuni.com.tw/web/#/7）「錯誤代碼」：交易建立 (整合式支付頁|UPP)
payuni,UPP01008,查無符合商店物流資料,,api,error,見 PAYUNi 官方文件（docs.payuni.com.tw/web/#/7）「錯誤代碼」：交易建立 (整合式支付頁|UPP)
payuni,UPP01009,商店B2C物流服務尚未開通,,api,error,見 PAYUNi 官方文件（docs.payuni.com.tw/web/#/7）「錯誤代碼」：交易建立 (整合式支付頁|UPP)
payuni,UPP01010,商店C2C物流服務尚未開通,,api,error,見 PAYUNi 官方文件（docs.payuni.com.tw/web/#/7）「錯誤代碼」：交易建立 (整合式支付頁|UPP)
payuni,UPP01011,商店未啟用B2C物流服務,,api,error,見 PAYUNi 官方文件（docs.payuni.com.tw/web/#/7）「錯誤代碼」：交易建立 (整合式支付頁|UPP)
payuni,UPP01012,商店未啟用C2C物流服務,,api,error,見 PAYUNi 官方文件（docs.payuni.com.tw/web/#/7）「錯誤代碼」：交易建立 (整合式支付頁|UPP)
payuni,UPP01013,商店未啟用,,api,error,見 PAYUNi 官方文件（docs.payuni.com.tw/web/#/7）「錯誤代碼」：交易建立 (整合式支付頁|UPP)
payuni,UPP01014,平台商未啟用,,api,error,見 PAYUNi 官方文件（docs.payuni.com.tw/web/#/7）「錯誤代碼」：交易建立 (整合式支付頁|UPP)
payuni,UPP01015,收(寄)件人姓名僅支援輸入中文/英文/數字,,api,error,見 PAYUNi 官方文件（docs.payuni.com.tw/web/#/7）「錯誤代碼」：交易建立 (整合式支付頁|UPP)
payuni,UPP01016,收(寄)件人的姓名包含 emoji 符號,,api,error,見 PAYUNi 官方文件（docs.payuni.com.tw/web/#/7）「錯誤代碼」：交易建立 (整合式支付頁|UPP)
payuni,UPP02001,未有商店代號,,api,error,見 PAYUNi 官方文件（docs.payuni.com.tw/web/#/7）「錯誤代碼」：交易建立 (整合式支付頁|UPP)
payuni,UPP02002,未有商店訂單編號,,api,error,見 PAYUNi 官方文件（docs.payuni.com.tw/web/#/7）「錯誤代碼」：交易建立 (整合式支付頁|UPP)
payuni,UPP02003,商店訂單編號，超過長度限制,,api,error,見 PAYUNi 官方文件（docs.payuni.com.tw/web/#/7）「錯誤代碼」：交易建立 (整合式支付頁|UPP)
payuni,UPP02004,商店訂單編號，格式錯誤(英數字-_),,api,error,見 PAYUNi 官方文件（docs.payuni.com.tw/web/#/7）「錯誤代碼」：交易建立 (整合式支付頁|UPP)
payuni,UPP02005,未有訂單金額,,api,error,見 PAYUNi 官方文件（docs.payuni.com.tw/web/#/7）「錯誤代碼」：交易建立 (整合式支付頁|UPP)
payuni,UPP02006,訂單金額，僅可輸入整數,,api,error,見 PAYUNi 官方文件（docs.payuni.com.tw/web/#/7）「錯誤代碼」：交易建立 (整合式支付頁|UPP)
payuni,UPP02007,訂單金額，格式錯誤,,api,error,見 PAYUNi 官方文件（docs.payuni.com.tw/web/#/7）「錯誤代碼」：交易建立 (整合式支付頁|UPP)
payuni,UPP02008,未有時間戳記,,api,error,見 PAYUNi 官方文件（docs.payuni.com.tw/web/#/7）「錯誤代碼」：交易建立 (整合式支付頁|UPP)
payuni,UPP02009,時間戳記，僅可輸入整數,,api,error,見 PAYUNi 官方文件（docs.payuni.com.tw/web/#/7）「錯誤代碼」：交易建立 (整合式支付頁|UPP)
payuni,UPP02010,時間戳記，已過期,,api,error,見 PAYUNi 官方文件（docs.payuni.com.tw/web/#/7）「錯誤代碼」：交易建立 (整合式支付頁|UPP)
payuni,UPP02011,前景導回網址，格式錯誤,,api,error,見 PAYUNi 官方文件（docs.payuni.com.tw/web/#/7）「錯誤代碼」：交易建立 (整合式支付頁|UPP)
payuni,UPP02012,背景通知網址，格式錯誤,,api,error,見 PAYUNi 官方文件（docs.payuni.com.tw/web/#/7）「錯誤代碼」：交易建立 (整合式支付頁|UPP)
payuni,UPP02013,寄送信箱，格式錯誤,,api,error,見 PAYUNi 官方文件（docs.payuni.com.tw/web/#/7）「錯誤代碼」：交易建立 (整合式支付頁|UPP)
payuni,UPP02014,綁定類型，格式錯誤,,api,error,見 PAYUNi 官方文件（docs.payuni.com.tw/web/#/7）「錯誤代碼」：交易建立 (整合式支付頁|UPP)
payuni,UPP02015,未有綁定Token,,api,error,見 PAYUNi 官方文件（docs.payuni.com.tw/web/#/7）「錯誤代碼」：交易建立 (整合式支付頁|UPP)
payuni,UPP02016,綁定Token，長度超過限制,,api,error,見 PAYUNi 官方文件（docs.payuni.com.tw/web/#/7）「錯誤代碼」：交易建立 (整合式支付頁|UPP)
payuni,UPP02017,綁定Token，格式錯誤,,api,error,見 PAYUNi 官方文件（docs.payuni.com.tw/web/#/7）「錯誤代碼」：交易建立 (整合式支付頁|UPP)
payuni,UPP02018,綁定Token類型，格式錯誤,,api,error,見 PAYUNi 官方文件（docs.payuni.com.tw/web/#/7）「錯誤代碼」：交易建立 (整合式支付頁|UPP)
payuni,UPP02019,綁定有效期間，格式錯誤(MMYY),,api,error,見 PAYUNi 官方文件（docs.payuni.com.tw/web/#/7）「錯誤代碼」：交易建立 (整合式支付頁|UPP)
payuni,UPP02020,綁定有效期間，年份格式錯誤(MMYY),,api,error,見 PAYUNi 官方文件（docs.payuni.com.tw/web/#/7）「錯誤代碼」：交易建立 (整合式支付頁|UPP)
payuni,UPP02021,綁定有效期間，月份格式錯誤(MMYY),,api,error,見 PAYUNi 官方文件（docs.payuni.com.tw/web/#/7）「錯誤代碼」：交易建立 (整合式支付頁|UPP)
payuni,UPP02022,無合適的支付工具可供使用，請聯繫商店,,api,error,見 PAYUNi 官方文件（docs.payuni.com.tw/web/#/7）「錯誤代碼」：交易建立 (整合式支付頁|UPP)
payuni,UPP02023,信用卡(一次)支付開關，格式錯誤,,api,error,見 PAYUNi 官方文件（docs.payuni.com.tw/web/#/7）「錯誤代碼」：交易建立 (整合式支付頁|UPP)
payuni,UPP02024,ATM 轉帳支付開關，格式錯誤,,api,error,見 PAYUNi 官方文件（docs.payuni.com.tw/web/#/7）「錯誤代碼」：交易建立 (整合式支付頁|UPP)
payuni,UPP02025,超商代碼支付開關，格式錯誤,,api,error,見 PAYUNi 官方文件（docs.payuni.com.tw/web/#/7）「錯誤代碼」：交易建立 (整合式支付頁|UPP)
payuni,UPP02026,信用卡(銀聯)支付開關，格式錯誤,,api,error,見 PAYUNi 官方文件（docs.payuni.com.tw/web/#/7）「錯誤代碼」：交易建立 (整合式支付頁|UPP)
payuni,UPP02027,信用卡(紅利)支付開關，格式錯誤,,api,error,見 PAYUNi 官方文件（docs.payuni.com.tw/web/#/7）「錯誤代碼」：交易建立 (整合式支付頁|UPP)
payuni,UPP02028,信用卡(分期)支付開關，分期數錯誤,,api,error,見 PAYUNi 官方文件（docs.payuni.com.tw/web/#/7）「錯誤代碼」：交易建立 (整合式支付頁|UPP)
payuni,UPP02029,此支付工具未啟用，信用卡(一次付清)，請聯繫商店。,,api,error,見 PAYUNi 官方文件（docs.payuni.com.tw/web/#/7）「錯誤代碼」：交易建立 (整合式支付頁|UPP)
payuni,UPP02030,此支付工具未啟用，ATM轉帳，請聯繫商店。,,api,error,見 PAYUNi 官方文件（docs.payuni.com.tw/web/#/7）「錯誤代碼」：交易建立 (整合式支付頁|UPP)
payuni,UPP02031,此支付工具未啟用，超商代碼，請聯繫商店。,,api,error,見 PAYUNi 官方文件（docs.payuni.com.tw/web/#/7）「錯誤代碼」：交易建立 (整合式支付頁|UPP)
payuni,UPP02032,此支付工具未啟用，信用卡(銀聯卡)，請聯繫商店。,,api,error,見 PAYUNi 官方文件（docs.payuni.com.tw/web/#/7）「錯誤代碼」：交易建立 (整合式支付頁|UPP)
payuni,UPP02033,此支付工具未啟用，信用卡(紅利折抵)，請聯繫商店。,,api,error,見 PAYUNi 官方文件（docs.payuni.com.tw/web/#/7）「錯誤代碼」：交易建立 (整合式支付頁|UPP)
payuni,UPP02034,支付工具未啟用，信用卡(分期付款3期)，請聯繫商店。,,api,error,見 PAYUNi 官方文件（docs.payuni.com.tw/web/#/7）「錯誤代碼」：交易建立 (整合式支付頁|UPP)
payuni,UPP02035,支付工具未啟用，信用卡(分期付款6期)，請聯繫商店。,,api,error,見 PAYUNi 官方文件（docs.payuni.com.tw/web/#/7）「錯誤代碼」：交易建立 (整合式支付頁|UPP)
payuni,UPP02036,支付工具未啟用，信用卡(分期付款9期)，請聯繫商店。,,api,error,見 PAYUNi 官方文件（docs.payuni.com.tw/web/#/7）「錯誤代碼」：交易建立 (整合式支付頁|UPP)
payuni,UPP02037,支付工具未啟用，信用卡(分期付款12期)，請聯繫商店。,,api,error,見 PAYUNi 官方文件（docs.payuni.com.tw/web/#/7）「錯誤代碼」：交易建立 (整合式支付頁|UPP)
payuni,UPP02038,支付工具未啟用，信用卡(分期付款18期)，請聯繫商店。,,api,error,見 PAYUNi 官方文件（docs.payuni.com.tw/web/#/7）「錯誤代碼」：交易建立 (整合式支付頁|UPP)
payuni,UPP02039,支付工具未啟用，信用卡(分期付款24期)，請聯繫商店。,,api,error,見 PAYUNi 官方文件（docs.payuni.com.tw/web/#/7）「錯誤代碼」：交易建立 (整合式支付頁|UPP)
payuni,UPP02040,支付工具未啟用，信用卡(分期付款30期)，請聯繫商店。,,api,error,見 PAYUNi 官方文件（docs.payuni.com.tw/web/#/7）「錯誤代碼」：交易建立 (整合式支付頁|UPP)
payuni,UPP02041,寄送信箱(固定)，格式錯誤,,api,error,見 PAYUNi 官方文件（docs.payuni.com.tw/web/#/7）「錯誤代碼」：交易建立 (整合式支付頁|UPP)
payuni,UPP02042,繳費期限日期格式有誤，應為日期格式,,api,error,見 PAYUNi 官方文件（docs.payuni.com.tw/web/#/7）「錯誤代碼」：交易建立 (整合式支付頁|UPP)
payuni,UPP02043,繳費期限日期為無效日期，請重新確認,,api,error,見 PAYUNi 官方文件（docs.payuni.com.tw/web/#/7）「錯誤代碼」：交易建立 (整合式支付頁|UPP)
payuni,UPP02044,返回網址，格式錯誤,,api,error,見 PAYUNi 官方文件（docs.payuni.com.tw/web/#/7）「錯誤代碼」：交易建立 (整合式支付頁|UPP)
payuni,UPP02045,交易截止秒數，僅可輸入整數,,api,error,見 PAYUNi 官方文件（docs.payuni.com.tw/web/#/7）「錯誤代碼」：交易建立 (整合式支付頁|UPP)
payuni,UPP02046,交易截止秒數，格式錯誤(60~600),,api,error,見 PAYUNi 官方文件（docs.payuni.com.tw/web/#/7）「錯誤代碼」：交易建立 (整合式支付頁|UPP)
payuni,UPP02047,顯示類型(快速)，格式錯誤,,api,error,見 PAYUNi 官方文件（docs.payuni.com.tw/web/#/7）「錯誤代碼」：交易建立 (整合式支付頁|UPP)
payuni,UPP02048,交易時間已截止,,api,error,見 PAYUNi 官方文件（docs.payuni.com.tw/web/#/7）「錯誤代碼」：交易建立 (整合式支付頁|UPP)
payuni,UPP02049,此支付工具未啟用，愛金卡，請聯繫商店。,,api,error,見 PAYUNi 官方文件（docs.payuni.com.tw/web/#/7）「錯誤代碼」：交易建立 (整合式支付頁|UPP)
payuni,UPP02050,此支付工具未啟用，後支付(AFTEE) ，請聯繫商店。,,api,error,見 PAYUNi 官方文件（docs.payuni.com.tw/web/#/7）「錯誤代碼」：交易建立 (整合式支付頁|UPP)
payuni,UPP02051,愛金卡支付開關，格式錯誤,,api,error,見 PAYUNi 官方文件（docs.payuni.com.tw/web/#/7）「錯誤代碼」：交易建立 (整合式支付頁|UPP)
payuni,UPP02052,先享後付支付開關，格式錯誤,,api,error,見 PAYUNi 官方文件（docs.payuni.com.tw/web/#/7）「錯誤代碼」：交易建立 (整合式支付頁|UPP)
payuni,UPP02053,貨到付款支付開關，格式錯誤,,api,error,見 PAYUNi 官方文件（docs.payuni.com.tw/web/#/7）「錯誤代碼」：交易建立 (整合式支付頁|UPP)
payuni,UPP02054,啟用物流開關，格式錯誤,,api,error,見 PAYUNi 官方文件（docs.payuni.com.tw/web/#/7）「錯誤代碼」：交易建立 (整合式支付頁|UPP)
payuni,UPP02055,未有物流通路,,api,error,見 PAYUNi 官方文件（docs.payuni.com.tw/web/#/7）「錯誤代碼」：交易建立 (整合式支付頁|UPP)
payuni,UPP02056,物流通路，格式錯誤,,api,error,見 PAYUNi 官方文件（docs.payuni.com.tw/web/#/7）「錯誤代碼」：交易建立 (整合式支付頁|UPP)
payuni,UPP02057,未有寄件型態,,api,error,見 PAYUNi 官方文件（docs.payuni.com.tw/web/#/7）「錯誤代碼」：交易建立 (整合式支付頁|UPP)
payuni,UPP02058,寄件型態，格式錯誤,,api,error,見 PAYUNi 官方文件（docs.payuni.com.tw/web/#/7）「錯誤代碼」：交易建立 (整合式支付頁|UPP)
payuni,UPP02059,未有門市(貨運)通路類別,,api,error,見 PAYUNi 官方文件（docs.payuni.com.tw/web/#/7）「錯誤代碼」：交易建立 (整合式支付頁|UPP)
payuni,UPP02060,門市(貨運)通路類別，格式錯誤,,api,error,見 PAYUNi 官方文件（docs.payuni.com.tw/web/#/7）「錯誤代碼」：交易建立 (整合式支付頁|UPP)
payuni,UPP02061,[交易建立 (整合式支付頁|UPP)] 此支付工具未啟用，7-ELEVEN大宗寄倉-常溫，請聯繫商店。 / [交易建立 (整合式支付頁|UPP)] 此支付工具未啟用，7-ELEVEN店到店-常溫，請聯繫商店。,,api,error,見 PAYUNi 官方文件（docs.payuni.com.tw/web/#/7）「錯誤代碼」：交易建立 (整合式支付頁|UPP)
payuni,UPP02062,[交易建立 (整合式支付頁|UPP)] 此支付工具未啟用，7-ELEVEN大宗寄倉-冷凍，請聯繫商店。 / [交易建立 (整合式支付頁|UPP)] 此支付工具未啟用，7-ELEVEN店到店-冷凍，請聯繫商店。 / [交易建立 (整合式支付頁|UPP)] 此支付工具未啟用，黑貓宅配，請聯繫商店。,,api,error,見 PAYUNi 官方文件（docs.payuni.com.tw/web/#/7）「錯誤代碼」：交易建立 (整合式支付頁|UPP)
payuni,UPP02063,此支付工具未啟用，信用卡(ApplePay)，請聯繫商店。,,api,error,見 PAYUNi 官方文件（docs.payuni.com.tw/web/#/7）「錯誤代碼」：交易建立 (整合式支付頁|UPP)
payuni,UPP02064,GrantExport參數值錯誤,,api,error,見 PAYUNi 官方文件（docs.payuni.com.tw/web/#/7）「錯誤代碼」：交易建立 (整合式支付頁|UPP)
payuni,UPP02065,代理商未開啟撥款指示功能,,api,error,見 PAYUNi 官方文件（docs.payuni.com.tw/web/#/7）「錯誤代碼」：交易建立 (整合式支付頁|UPP)
payuni,UPP02066,使用Token類型，格式錯誤,,api,error,見 PAYUNi 官方文件（docs.payuni.com.tw/web/#/7）「錯誤代碼」：交易建立 (整合式支付頁|UPP)
payuni,UPP02068,AesType，格式錯誤,,api,error,見 PAYUNi 官方文件（docs.payuni.com.tw/web/#/7）「錯誤代碼」：交易建立 (整合式支付頁|UPP)
payuni,UPP02069,商店未有設定AesType,,api,error,見 PAYUNi 官方文件（docs.payuni.com.tw/web/#/7）「錯誤代碼」：交易建立 (整合式支付頁|UPP)
payuni,UPP02070,商店AesType不符合,,api,error,見 PAYUNi 官方文件（docs.payuni.com.tw/web/#/7）「錯誤代碼」：交易建立 (整合式支付頁|UPP)
payuni,UPP02071,啟用ApplePay開關，格式錯誤,,api,error,見 PAYUNi 官方文件（docs.payuni.com.tw/web/#/7）「錯誤代碼」：交易建立 (整合式支付頁|UPP)
payuni,UPP02072,啟用LinePay開關，格式錯誤,,api,error,見 PAYUNi 官方文件（docs.payuni.com.tw/web/#/7）「錯誤代碼」：交易建立 (整合式支付頁|UPP)
payuni,UPP02073,此支付工具未啟用，LinePay，請聯繫商店。,,api,error,見 PAYUNi 官方文件（docs.payuni.com.tw/web/#/7）「錯誤代碼」：交易建立 (整合式支付頁|UPP)
payuni,UPP02074,[交易建立 (整合式支付頁|UPP)] API3D，格式錯誤 / [交易建立 (整合式支付頁|UPP)] Union3D，格式錯誤,,api,error,見 PAYUNi 官方文件（docs.payuni.com.tw/web/#/7）「錯誤代碼」：交易建立 (整合式支付頁|UPP)
payuni,UPP02075,啟用GooglePay開關，格式錯誤,,api,error,見 PAYUNi 官方文件（docs.payuni.com.tw/web/#/7）「錯誤代碼」：交易建立 (整合式支付頁|UPP)
payuni,UPP02076,此支付工具未啟用，信用卡(GooglePay)，請聯繫商店。,,api,error,見 PAYUNi 官方文件（docs.payuni.com.tw/web/#/7）「錯誤代碼」：交易建立 (整合式支付頁|UPP)
payuni,UPP02077,無法辨識的銀行別,,api,error,見 PAYUNi 官方文件（docs.payuni.com.tw/web/#/7）「錯誤代碼」：交易建立 (整合式支付頁|UPP)
payuni,UPP02078,此支付工具未啟用，信用卡(SamsungPay)，請聯繫商店。,,api,error,見 PAYUNi 官方文件（docs.payuni.com.tw/web/#/7）「錯誤代碼」：交易建立 (整合式支付頁|UPP)
payuni,UPP02079,收件人地址(固定)，格式錯誤,,api,error,見 PAYUNi 官方文件（docs.payuni.com.tw/web/#/7）「錯誤代碼」：交易建立 (整合式支付頁|UPP)
payuni,UPP02080,綁定Token(買方)，長度超過限制,,api,error,見 PAYUNi 官方文件（docs.payuni.com.tw/web/#/7）「錯誤代碼」：交易建立 (整合式支付頁|UPP)
payuni,UPP02081,綁定Token(買方)，格式錯誤,,api,error,見 PAYUNi 官方文件（docs.payuni.com.tw/web/#/7）「錯誤代碼」：交易建立 (整合式支付頁|UPP)
payuni,UPP02082,綁定Token類型(買方)，格式錯誤,,api,error,見 PAYUNi 官方文件（docs.payuni.com.tw/web/#/7）「錯誤代碼」：交易建立 (整合式支付頁|UPP)
payuni,UPP02083,查無符合會員資訊,,api,error,見 PAYUNi 官方文件（docs.payuni.com.tw/web/#/7）「錯誤代碼」：交易建立 (整合式支付頁|UPP)
payuni,UPP02084,電子發票，格式錯誤,,api,error,見 PAYUNi 官方文件（docs.payuni.com.tw/web/#/7）「錯誤代碼」：交易建立 (整合式支付頁|UPP)
payuni,UPP02085,商店尚未啟用電子發票,,api,error,見 PAYUNi 官方文件（docs.payuni.com.tw/web/#/7）「錯誤代碼」：交易建立 (整合式支付頁|UPP)
payuni,UPP02086,商店未提供信用卡幕後交易,,api,error,見 PAYUNi 官方文件（docs.payuni.com.tw/web/#/7）「錯誤代碼」：交易建立 (整合式支付頁|UPP)
payuni,UPP02087,商店未提供約定信用卡幕後交易,,api,error,見 PAYUNi 官方文件（docs.payuni.com.tw/web/#/7）「錯誤代碼」：交易建立 (整合式支付頁|UPP)
payuni,UPP02088,此交易金額無法使用，信用卡(一次付清)，請聯繫商店。,,api,error,見 PAYUNi 官方文件（docs.payuni.com.tw/web/#/7）「錯誤代碼」：交易建立 (整合式支付頁|UPP)
payuni,UPP02089,此交易金額無法使用，信用卡(銀聯卡)，請聯繫商店。,,api,error,見 PAYUNi 官方文件（docs.payuni.com.tw/web/#/7）「錯誤代碼」：交易建立 (整合式支付頁|UPP)
payuni,UPP02090,此交易金額無法使用，信用卡(紅利折抵)，請聯繫商店。,,api,error,見 PAYUNi 官方文件（docs.payuni.com.tw/web/#/7）「錯誤代碼」：交易建立 (整合式支付頁|UPP)
payuni,UPP02091,此交易金額無法使用，信用卡(分期付款3期)，請聯繫商店。,,api,error,見 PAYUNi 官方文件（docs.payuni.com.tw/web/#/7）「錯誤代碼」：交易建立 (整合式支付頁|UPP)
payuni,UPP02092,此交易金額無法使用，信用卡(分期付款6期)，請聯繫商店。,,api,error,見 PAYUNi 官方文件（docs.payuni.com.tw/web/#/7）「錯誤代碼」：交易建立 (整合式支付頁|UPP)
payuni,UPP02093,此交易金額無法使用，信用卡(分期付款9期)，請聯繫商店。,,api,error,見 PAYUNi 官方文件（docs.payuni.com.tw/web/#/7）「錯誤代碼」：交易建立 (整合式支付頁|UPP)
payuni,UPP02094,此交易金額無法使用，信用卡(分期付款12期)，請聯繫商店。,,api,error,見 PAYUNi 官方文件（docs.payuni.com.tw/web/#/7）「錯誤代碼」：交易建立 (整合式支付頁|UPP)
payuni,UPP02095,此交易金額無法使用，信用卡(分期付款18期)，請聯繫商店。,,api,error,見 PAYUNi 官方文件（docs.payuni.com.tw/web/#/7）「錯誤代碼」：交易建立 (整合式支付頁|UPP)
payuni,UPP02096,此交易金額無法使用，信用卡(分期付款24期)，請聯繫商店。,,api,error,見 PAYUNi 官方文件（docs.payuni.com.tw/web/#/7）「錯誤代碼」：交易建立 (整合式支付頁|UPP)
payuni,UPP02097,此交易金額無法使用，信用卡(分期付款30期)，請聯繫商店。,,api,error,見 PAYUNi 官方文件（docs.payuni.com.tw/web/#/7）「錯誤代碼」：交易建立 (整合式支付頁|UPP)
payuni,UPP02098,此交易金額無法使用，信用卡(ApplePay)，請聯繫商店。,,api,error,見 PAYUNi 官方文件（docs.payuni.com.tw/web/#/7）「錯誤代碼」：交易建立 (整合式支付頁|UPP)
payuni,UPP02099,此交易金額無法使用，信用卡(GooglePay)，請聯繫商店。,,api,error,見 PAYUNi 官方文件（docs.payuni.com.tw/web/#/7）「錯誤代碼」：交易建立 (整合式支付頁|UPP)
payuni,UPP02100,此交易金額無法使用，信用卡(SamsungPay)，請聯繫商店。,,api,error,見 PAYUNi 官方文件（docs.payuni.com.tw/web/#/7）「錯誤代碼」：交易建立 (整合式支付頁|UPP)
payuni,UPP02101,此交易金額無法使用，ATM轉帳，請聯繫商店。,,api,error,見 PAYUNi 官方文件（docs.payuni.com.tw/web/#/7）「錯誤代碼」：交易建立 (整合式支付頁|UPP)
payuni,UPP02102,此交易金額無法使用，超商代碼，請聯繫商店。,,api,error,見 PAYUNi 官方文件（docs.payuni.com.tw/web/#/7）「錯誤代碼」：交易建立 (整合式支付頁|UPP)
payuni,UPP02103,此交易金額無法使用，7-ELEVEN大宗寄倉-常溫，請聯繫商店。,,api,error,見 PAYUNi 官方文件（docs.payuni.com.tw/web/#/7）「錯誤代碼」：交易建立 (整合式支付頁|UPP)
payuni,UPP02104,此交易金額無法使用，7-ELEVEN大宗寄倉-冷凍，請聯繫商店。,,api,error,見 PAYUNi 官方文件（docs.payuni.com.tw/web/#/7）「錯誤代碼」：交易建立 (整合式支付頁|UPP)
payuni,UPP02105,此交易金額無法使用，7-ELEVEN店到店-常溫，請聯繫商店。,,api,error,見 PAYUNi 官方文件（docs.payuni.com.tw/web/#/7）「錯誤代碼」：交易建立 (整合式支付頁|UPP)
payuni,UPP02106,此交易金額無法使用，7-ELEVEN店到店-冷凍，請聯繫商店。,,api,error,見 PAYUNi 官方文件（docs.payuni.com.tw/web/#/7）「錯誤代碼」：交易建立 (整合式支付頁|UPP)
payuni,UPP02107,此交易金額無法使用，黑貓宅配，請聯繫商店。,,api,error,見 PAYUNi 官方文件（docs.payuni.com.tw/web/#/7）「錯誤代碼」：交易建立 (整合式支付頁|UPP)
payuni,UPP02108,此交易金額無法使用，後支付(AFTEE)，請聯繫商店。,,api,error,見 PAYUNi 官方文件（docs.payuni.com.tw/web/#/7）「錯誤代碼」：交易建立 (整合式支付頁|UPP)
payuni,UPP02109,此支付工具未啟用，街口支付，請聯繫商店。,,api,error,見 PAYUNi 官方文件（docs.payuni.com.tw/web/#/7）「錯誤代碼」：交易建立 (整合式支付頁|UPP)
payuni,UPP02110,街口支付開關，格式錯誤。,,api,error,見 PAYUNi 官方文件（docs.payuni.com.tw/web/#/7）「錯誤代碼」：交易建立 (整合式支付頁|UPP)
payuni,UPP02111,商店代號比對異常,,api,error,見 PAYUNi 官方文件（docs.payuni.com.tw/web/#/7）「錯誤代碼」：交易建立 (整合式支付頁|UPP)
payuni,UPP02112,優惠券使用開關，格式錯誤,,api,error,見 PAYUNi 官方文件（docs.payuni.com.tw/web/#/7）「錯誤代碼」：交易建立 (整合式支付頁|UPP)
payuni,UPP02113,代理商未開啟優惠券功能,,api,error,見 PAYUNi 官方文件（docs.payuni.com.tw/web/#/7）「錯誤代碼」：交易建立 (整合式支付頁|UPP)
payuni,UPP02114,商店尚未啟用優惠券,,api,error,見 PAYUNi 官方文件（docs.payuni.com.tw/web/#/7）「錯誤代碼」：交易建立 (整合式支付頁|UPP)
payuni,UPP02120,收件人姓名(固定)，格式錯誤,,api,error,見 PAYUNi 官方文件（docs.payuni.com.tw/web/#/7）「錯誤代碼」：交易建立 (整合式支付頁|UPP)
payuni,UPP02121,收件人手機(固定)，格式錯誤,,api,error,見 PAYUNi 官方文件（docs.payuni.com.tw/web/#/7）「錯誤代碼」：交易建立 (整合式支付頁|UPP)
payuni,UPP03000,交易已逾期,,api,error,見 PAYUNi 官方文件（docs.payuni.com.tw/web/#/7）「錯誤代碼」：交易建立 (整合式支付頁|UPP)
payuni,UPP03001,交易Token已失效,,api,error,見 PAYUNi 官方文件（docs.payuni.com.tw/web/#/7）「錯誤代碼」：交易建立 (整合式支付頁|UPP)
payuni,UPP03002,商店資料不存在,,api,error,見 PAYUNi 官方文件（docs.payuni.com.tw/web/#/7）「錯誤代碼」：交易建立 (整合式支付頁|UPP)
payuni,UPP03003,解密資料不存在,,api,error,見 PAYUNi 官方文件（docs.payuni.com.tw/web/#/7）「錯誤代碼」：交易建立 (整合式支付頁|UPP)
payuni,UPP03004,查無對應Gateway,,api,error,見 PAYUNi 官方文件（docs.payuni.com.tw/web/#/7）「錯誤代碼」：交易建立 (整合式支付頁|UPP)
payuni,UPP03005,Gateway結果空白,,api,error,見 PAYUNi 官方文件（docs.payuni.com.tw/web/#/7）「錯誤代碼」：交易建立 (整合式支付頁|UPP)
payuni,UPP03006,送出資料解析失敗,,api,error,見 PAYUNi 官方文件（docs.payuni.com.tw/web/#/7）「錯誤代碼」：交易建立 (整合式支付頁|UPP)
payuni,UPP03007,未有任何允許交易方式,,api,error,見 PAYUNi 官方文件（docs.payuni.com.tw/web/#/7）「錯誤代碼」：交易建立 (整合式支付頁|UPP)
payuni,UPP03008,訂單不允許此支付工具,,api,error,見 PAYUNi 官方文件（docs.payuni.com.tw/web/#/7）「錯誤代碼」：交易建立 (整合式支付頁|UPP)
payuni,UPP03009,未有信用卡卡號,,api,error,見 PAYUNi 官方文件（docs.payuni.com.tw/web/#/7）「錯誤代碼」：交易建立 (整合式支付頁|UPP)
payuni,UPP03010,信用卡卡號，長度不符合,,api,error,見 PAYUNi 官方文件（docs.payuni.com.tw/web/#/7）「錯誤代碼」：交易建立 (整合式支付頁|UPP)
payuni,UPP03011,未有信用卡分期數,,api,error,見 PAYUNi 官方文件（docs.payuni.com.tw/web/#/7）「錯誤代碼」：交易建立 (整合式支付頁|UPP)
payuni,UPP03012,信用卡分期數錯誤,,api,error,見 PAYUNi 官方文件（docs.payuni.com.tw/web/#/7）「錯誤代碼」：交易建立 (整合式支付頁|UPP)
payuni,UPP03013,未有信用卡到期日,,api,error,見 PAYUNi 官方文件（docs.payuni.com.tw/web/#/7）「錯誤代碼」：交易建立 (整合式支付頁|UPP)
payuni,UPP03014,信用卡到期日，格式錯誤(MMYY),,api,error,見 PAYUNi 官方文件（docs.payuni.com.tw/web/#/7）「錯誤代碼」：交易建立 (整合式支付頁|UPP)
payuni,UPP03015,信用卡到期日，年份錯誤,,api,error,見 PAYUNi 官方文件（docs.payuni.com.tw/web/#/7）「錯誤代碼」：交易建立 (整合式支付頁|UPP)
payuni,UPP03016,信用卡到期日，月份錯誤,,api,error,見 PAYUNi 官方文件（docs.payuni.com.tw/web/#/7）「錯誤代碼」：交易建立 (整合式支付頁|UPP)
payuni,UPP03017,未有信用卡安全碼,,api,error,見 PAYUNi 官方文件（docs.payuni.com.tw/web/#/7）「錯誤代碼」：交易建立 (整合式支付頁|UPP)
payuni,UPP03018,信用卡安全碼，長度不符合,,api,error,見 PAYUNi 官方文件（docs.payuni.com.tw/web/#/7）「錯誤代碼」：交易建立 (整合式支付頁|UPP)
payuni,UPP03019,信用卡安全碼，僅能輸入數字,,api,error,見 PAYUNi 官方文件（docs.payuni.com.tw/web/#/7）「錯誤代碼」：交易建立 (整合式支付頁|UPP)
payuni,UPP03020,虛擬帳號(ATM)銀行不符合,,api,error,見 PAYUNi 官方文件（docs.payuni.com.tw/web/#/7）「錯誤代碼」：交易建立 (整合式支付頁|UPP)
payuni,UPP03021,訂單金額不符合,,api,error,見 PAYUNi 官方文件（docs.payuni.com.tw/web/#/7）「錯誤代碼」：交易建立 (整合式支付頁|UPP)
payuni,UPP03022,[交易建立 (整合式支付頁|UPP)] 未有AppleDetail確認資料 / [交易建立 (整合式支付頁|UPP)] 未有GoogleDetail確認資料 / [交易建立 (整合式支付頁|UPP)] 未有SamsungDetail確認資料,,api,error,見 PAYUNi 官方文件（docs.payuni.com.tw/web/#/7）「錯誤代碼」：交易建立 (整合式支付頁|UPP)
payuni,UPP03023,未有選擇物流地圖,,api,error,見 PAYUNi 官方文件（docs.payuni.com.tw/web/#/7）「錯誤代碼」：交易建立 (整合式支付頁|UPP)
payuni,UPP03024,物流地圖資料異常,,api,error,見 PAYUNi 官方文件（docs.payuni.com.tw/web/#/7）「錯誤代碼」：交易建立 (整合式支付頁|UPP)
payuni,UPP03025,未有收件人姓名,,api,error,見 PAYUNi 官方文件（docs.payuni.com.tw/web/#/7）「錯誤代碼」：交易建立 (整合式支付頁|UPP)
payuni,UPP03026,收件人姓名，超過允許長度,,api,error,見 PAYUNi 官方文件（docs.payuni.com.tw/web/#/7）「錯誤代碼」：交易建立 (整合式支付頁|UPP)
payuni,UPP03027,未有收件人電子信箱,,api,error,見 PAYUNi 官方文件（docs.payuni.com.tw/web/#/7）「錯誤代碼」：交易建立 (整合式支付頁|UPP)
payuni,UPP03028,收件人電子信箱格式錯誤,,api,error,見 PAYUNi 官方文件（docs.payuni.com.tw/web/#/7）「錯誤代碼」：交易建立 (整合式支付頁|UPP)
payuni,UPP03029,未有收件人手機號碼,,api,error,見 PAYUNi 官方文件（docs.payuni.com.tw/web/#/7）「錯誤代碼」：交易建立 (整合式支付頁|UPP)
payuni,UPP03030,手機號碼格式錯誤(09開頭),,api,error,見 PAYUNi 官方文件（docs.payuni.com.tw/web/#/7）「錯誤代碼」：交易建立 (整合式支付頁|UPP)
payuni,UPP03031,未有收件人地址,,api,error,見 PAYUNi 官方文件（docs.payuni.com.tw/web/#/7）「錯誤代碼」：交易建立 (整合式支付頁|UPP)
payuni,UPP03032,收件人地址長度超過限制,,api,error,見 PAYUNi 官方文件（docs.payuni.com.tw/web/#/7）「錯誤代碼」：交易建立 (整合式支付頁|UPP)
payuni,UPP03033,未有希望配達時段,,api,error,見 PAYUNi 官方文件（docs.payuni.com.tw/web/#/7）「錯誤代碼」：交易建立 (整合式支付頁|UPP)
payuni,UPP03034,無法辨識的希望配達時段,,api,error,見 PAYUNi 官方文件（docs.payuni.com.tw/web/#/7）「錯誤代碼」：交易建立 (整合式支付頁|UPP)
payuni,UPP03035,取得資訊失敗(PayDetail),,api,error,見 PAYUNi 官方文件（docs.payuni.com.tw/web/#/7）「錯誤代碼」：交易建立 (整合式支付頁|UPP)
payuni,UPP03036,未有登入資訊,,api,error,見 PAYUNi 官方文件（docs.payuni.com.tw/web/#/7）「錯誤代碼」：交易建立 (整合式支付頁|UPP)
payuni,UPP03037,未有買方名稱(抬頭),,api,error,見 PAYUNi 官方文件（docs.payuni.com.tw/web/#/7）「錯誤代碼」：交易建立 (整合式支付頁|UPP)
payuni,UPP03038,未有載具類別,,api,error,見 PAYUNi 官方文件（docs.payuni.com.tw/web/#/7）「錯誤代碼」：交易建立 (整合式支付頁|UPP)
payuni,UPP03039,無法辨識的載具類別,,api,error,見 PAYUNi 官方文件（docs.payuni.com.tw/web/#/7）「錯誤代碼」：交易建立 (整合式支付頁|UPP)
payuni,UPP03040,載具資料不可為空,,api,error,見 PAYUNi 官方文件（docs.payuni.com.tw/web/#/7）「錯誤代碼」：交易建立 (整合式支付頁|UPP)
payuni,UPP03041,載具資料，格式錯誤,,api,error,見 PAYUNi 官方文件（docs.payuni.com.tw/web/#/7）「錯誤代碼」：交易建立 (整合式支付頁|UPP)
payuni,UPP03042,載具資料，格式錯誤(長度),,api,error,見 PAYUNi 官方文件（docs.payuni.com.tw/web/#/7）「錯誤代碼」：交易建立 (整合式支付頁|UPP)
payuni,UPP03043,"英文姓名格式錯誤(限大小寫英文，『,』『-』『.』)，不可空白結尾",,api,error,見 PAYUNi 官方文件（docs.payuni.com.tw/web/#/7）「錯誤代碼」：交易建立 (整合式支付頁|UPP)
payuni,UPP03044,未有優惠碼,,api,error,見 PAYUNi 官方文件（docs.payuni.com.tw/web/#/7）「錯誤代碼」：交易建立 (整合式支付頁|UPP)
payuni,UPP03045,優惠券優惠碼比對不符合,,api,error,見 PAYUNi 官方文件（docs.payuni.com.tw/web/#/7）「錯誤代碼」：交易建立 (整合式支付頁|UPP)
payuni,UPP03046,未有優惠券優惠碼對應資訊,,api,error,見 PAYUNi 官方文件（docs.payuni.com.tw/web/#/7）「錯誤代碼」：交易建立 (整合式支付頁|UPP)
payuni,UPP04001,等待Token已失效,,api,error,見 PAYUNi 官方文件（docs.payuni.com.tw/web/#/7）「錯誤代碼」：交易建立 (整合式支付頁|UPP)
payuni,UPP05001,交易風控(拒絕交易),,api,error,見 PAYUNi 官方文件（docs.payuni.com.tw/web/#/7）「錯誤代碼」：交易建立 (整合式支付頁|UPP)
payuni,UPP05002,交易風控(拒絕交易),,api,error,見 PAYUNi 官方文件（docs.payuni.com.tw/web/#/7）「錯誤代碼」：交易建立 (整合式支付頁|UPP)
payuni,UPP05003,交易風控(拒絕交易),,api,error,見 PAYUNi 官方文件（docs.payuni.com.tw/web/#/7）「錯誤代碼」：交易建立 (整合式支付頁|UPP)
payuni,UPP05004,交易風控(拒絕交易),,api,error,見 PAYUNi 官方文件（docs.payuni.com.tw/web/#/7）「錯誤代碼」：交易建立 (整合式支付頁|UPP)
payuni,UPP05005,交易風控(拒絕交易),,api,error,見 PAYUNi 官方文件（docs.payuni.com.tw/web/#/7）「錯誤代碼」：交易建立 (整合式支付頁|UPP)
payuni,UPP05006,交易風控(拒絕交易),,api,error,見 PAYUNi 官方文件（docs.payuni.com.tw/web/#/7）「錯誤代碼」：交易建立 (整合式支付頁|UPP)
payuni,UPP05007,交易風控(拒絕交易),,api,error,見 PAYUNi 官方文件（docs.payuni.com.tw/web/#/7）「錯誤代碼」：交易建立 (整合式支付頁|UPP)
payuni,UPP05008,交易風控(拒絕交易),,api,error,見 PAYUNi 官方文件（docs.payuni.com.tw/web/#/7）「錯誤代碼」：交易建立 (整合式支付頁|UPP)
payuni,UPP05009,交易風控(拒絕交易),,api,error,見 PAYUNi 官方文件（docs.payuni.com.tw/web/#/7）「錯誤代碼」：交易建立 (整合式支付頁|UPP)
payuni,UPP05010,交易風控(拒絕交易),,api,error,見 PAYUNi 官方文件（docs.payuni.com.tw/web/#/7）「錯誤代碼」：交易建立 (整合式支付頁|UPP)
payuni,UPP06001,顯示QRCode(未有TradeNo),,api,error,見 PAYUNi 官方文件（docs.payuni.com.tw/web/#/7）「錯誤代碼」：交易建立 (整合式支付頁|UPP)
payuni,UPP06002,顯示QRCode(未有QRCode值),,api,error,見 PAYUNi 官方文件（docs.payuni.com.tw/web/#/7）「錯誤代碼」：交易建立 (整合式支付頁|UPP)
payuni,OBJ01000,處理Token異常,,api,error,見 PAYUNi 官方文件（docs.payuni.com.tw/web/#/7）「錯誤代碼」：交易建立(信用卡免跳轉支付元件)
payuni,OBJ01001,查無符合對應類型,,api,error,見 PAYUNi 官方文件（docs.payuni.com.tw/web/#/7）「錯誤代碼」：交易建立(信用卡免跳轉支付元件)
payuni,OBJ01002,未有 Token,,api,error,見 PAYUNi 官方文件（docs.payuni.com.tw/web/#/7）「錯誤代碼」：交易建立(信用卡免跳轉支付元件)
payuni,OBJ01003,Token 已過期,,api,error,見 PAYUNi 官方文件（docs.payuni.com.tw/web/#/7）「錯誤代碼」：交易建立(信用卡免跳轉支付元件)
payuni,OBJ01004,未有商店資料,,api,error,見 PAYUNi 官方文件（docs.payuni.com.tw/web/#/7）「錯誤代碼」：交易建立(信用卡免跳轉支付元件)
payuni,OBJ01005,未有訂單資料,,api,error,見 PAYUNi 官方文件（docs.payuni.com.tw/web/#/7）「錯誤代碼」：交易建立(信用卡免跳轉支付元件)
payuni,OBJ01006,未有任何支付工具可使用,,api,error,見 PAYUNi 官方文件（docs.payuni.com.tw/web/#/7）「錯誤代碼」：交易建立(信用卡免跳轉支付元件)
payuni,TOKEN00000,系統異常,,api,error,見 PAYUNi 官方文件（docs.payuni.com.tw/web/#/7）「錯誤代碼」：交易建立(信用卡免跳轉支付元件)
payuni,TOKEN01001,未有商店代號,,api,error,見 PAYUNi 官方文件（docs.payuni.com.tw/web/#/7）「錯誤代碼」：交易建立(信用卡免跳轉支付元件)
payuni,TOKEN01002,資料 HASH 比對不符合,,api,error,見 PAYUNi 官方文件（docs.payuni.com.tw/web/#/7）「錯誤代碼」：交易建立(信用卡免跳轉支付元件)
payuni,TOKEN01003,資料解密失敗,,api,error,見 PAYUNi 官方文件（docs.payuni.com.tw/web/#/7）「錯誤代碼」：交易建立(信用卡免跳轉支付元件)
payuni,TOKEN01004,解密資料不存在,,api,error,見 PAYUNi 官方文件（docs.payuni.com.tw/web/#/7）「錯誤代碼」：交易建立(信用卡免跳轉支付元件)
payuni,TOKEN01005,[交易建立(信用卡免跳轉支付元件)] 查無符合商店資料 / [交易建立(信用卡免跳轉支付元件)] 查無符合商店(代理商)資料,,api,error,見 PAYUNi 官方文件（docs.payuni.com.tw/web/#/7）「錯誤代碼」：交易建立(信用卡免跳轉支付元件)
payuni,TOKEN01006,已存在相同商店訂單編號,,api,error,見 PAYUNi 官方文件（docs.payuni.com.tw/web/#/7）「錯誤代碼」：交易建立(信用卡免跳轉支付元件)
payuni,TOKEN02000,Token設定失敗,,api,error,見 PAYUNi 官方文件（docs.payuni.com.tw/web/#/7）「錯誤代碼」：交易建立(信用卡免跳轉支付元件)
payuni,TOKEN02001,AesType，格式錯誤,,api,error,見 PAYUNi 官方文件（docs.payuni.com.tw/web/#/7）「錯誤代碼」：交易建立(信用卡免跳轉支付元件)
payuni,TOKEN02002,商店未有設定AesType,,api,error,見 PAYUNi 官方文件（docs.payuni.com.tw/web/#/7）「錯誤代碼」：交易建立(信用卡免跳轉支付元件)
payuni,TOKEN02003,商店AesType不符合,,api,error,見 PAYUNi 官方文件（docs.payuni.com.tw/web/#/7）「錯誤代碼」：交易建立(信用卡免跳轉支付元件)
payuni,TOKEN02004,未有商店代號,,api,error,見 PAYUNi 官方文件（docs.payuni.com.tw/web/#/7）「錯誤代碼」：交易建立(信用卡免跳轉支付元件)
payuni,TOKEN02005,未有商店訂單編號,,api,error,見 PAYUNi 官方文件（docs.payuni.com.tw/web/#/7）「錯誤代碼」：交易建立(信用卡免跳轉支付元件)
payuni,TOKEN02006,商店訂單編號，超過長度限制,,api,error,見 PAYUNi 官方文件（docs.payuni.com.tw/web/#/7）「錯誤代碼」：交易建立(信用卡免跳轉支付元件)
payuni,TOKEN02007,商店訂單編號，格式錯誤(英數字-_),,api,error,見 PAYUNi 官方文件（docs.payuni.com.tw/web/#/7）「錯誤代碼」：交易建立(信用卡免跳轉支付元件)
payuni,TOKEN02008,未有訂單金額,,api,error,見 PAYUNi 官方文件（docs.payuni.com.tw/web/#/7）「錯誤代碼」：交易建立(信用卡免跳轉支付元件)
payuni,TOKEN02009,訂單金額，僅可輸入整數,,api,error,見 PAYUNi 官方文件（docs.payuni.com.tw/web/#/7）「錯誤代碼」：交易建立(信用卡免跳轉支付元件)
payuni,TOKEN02010,訂單金額，格式錯誤,,api,error,見 PAYUNi 官方文件（docs.payuni.com.tw/web/#/7）「錯誤代碼」：交易建立(信用卡免跳轉支付元件)
payuni,TOKEN02011,時間戳記，已過期,,api,error,見 PAYUNi 官方文件（docs.payuni.com.tw/web/#/7）「錯誤代碼」：交易建立(信用卡免跳轉支付元件)
payuni,TOKEN02012,時間戳記，僅可輸入整數,,api,error,見 PAYUNi 官方文件（docs.payuni.com.tw/web/#/7）「錯誤代碼」：交易建立(信用卡免跳轉支付元件)
payuni,TOKEN02013,時間戳記，已過期,,api,error,見 PAYUNi 官方文件（docs.payuni.com.tw/web/#/7）「錯誤代碼」：交易建立(信用卡免跳轉支付元件)
payuni,TOKEN02014,前景通知網址，格式錯誤,,api,error,見 PAYUNi 官方文件（docs.payuni.com.tw/web/#/7）「錯誤代碼」：交易建立(信用卡免跳轉支付元件)
payuni,TOKEN02015,背景通知網址，格式錯誤,,api,error,見 PAYUNi 官方文件（docs.payuni.com.tw/web/#/7）「錯誤代碼」：交易建立(信用卡免跳轉支付元件)
payuni,TOKEN02016,綁定類型，格式錯誤,,api,error,見 PAYUNi 官方文件（docs.payuni.com.tw/web/#/7）「錯誤代碼」：交易建立(信用卡免跳轉支付元件)
payuni,TOKEN02017,未有綁定Token,,api,error,見 PAYUNi 官方文件（docs.payuni.com.tw/web/#/7）「錯誤代碼」：交易建立(信用卡免跳轉支付元件)
payuni,TOKEN02018,綁定Token，長度超過限制,,api,error,見 PAYUNi 官方文件（docs.payuni.com.tw/web/#/7）「錯誤代碼」：交易建立(信用卡免跳轉支付元件)
payuni,TOKEN02019,綁定Token，格式錯誤,,api,error,見 PAYUNi 官方文件（docs.payuni.com.tw/web/#/7）「錯誤代碼」：交易建立(信用卡免跳轉支付元件)
payuni,TOKEN02020,綁定Token類型，格式錯誤,,api,error,見 PAYUNi 官方文件（docs.payuni.com.tw/web/#/7）「錯誤代碼」：交易建立(信用卡免跳轉支付元件)
payuni,TOKEN02021,超過額度，未有會員HASH,,api,error,見 PAYUNi 官方文件（docs.payuni.com.tw/web/#/7）「錯誤代碼」：交易建立(信用卡免跳轉支付元件)
payuni,TOKEN02022,Domain，不得空白,,api,error,見 PAYUNi 官方文件（docs.payuni.com.tw/web/#/7）「錯誤代碼」：交易建立(信用卡免跳轉支付元件)
payuni,TOKEN02023,Domain，格式錯誤,,api,error,見 PAYUNi 官方文件（docs.payuni.com.tw/web/#/7）「錯誤代碼」：交易建立(信用卡免跳轉支付元件)
payuni,TOKEN02024,GrantExport參數值錯誤,,api,error,見 PAYUNi 官方文件（docs.payuni.com.tw/web/#/7）「錯誤代碼」：交易建立(信用卡免跳轉支付元件)
payuni,TOKEN02025,未有商品說明,,api,error,見 PAYUNi 官方文件（docs.payuni.com.tw/web/#/7）「錯誤代碼」：交易建立(信用卡免跳轉支付元件)
payuni,TOKEN02026,未有消費者電子信箱,,api,error,見 PAYUNi 官方文件（docs.payuni.com.tw/web/#/7）「錯誤代碼」：交易建立(信用卡免跳轉支付元件)
payuni,TOKEN02027,消費者電子信箱，格式錯誤,,api,error,見 PAYUNi 官方文件（docs.payuni.com.tw/web/#/7）「錯誤代碼」：交易建立(信用卡免跳轉支付元件)
payuni,TOKEN02028,未有買方名稱(抬頭),,api,error,見 PAYUNi 官方文件（docs.payuni.com.tw/web/#/7）「錯誤代碼」：交易建立(信用卡免跳轉支付元件)
payuni,TOKEN02029,未有載具類別,,api,error,見 PAYUNi 官方文件（docs.payuni.com.tw/web/#/7）「錯誤代碼」：交易建立(信用卡免跳轉支付元件)
payuni,TOKEN02030,無法辨識的載具類別,,api,error,見 PAYUNi 官方文件（docs.payuni.com.tw/web/#/7）「錯誤代碼」：交易建立(信用卡免跳轉支付元件)
payuni,TOKEN02031,載具資料不可為空,,api,error,見 PAYUNi 官方文件（docs.payuni.com.tw/web/#/7）「錯誤代碼」：交易建立(信用卡免跳轉支付元件)
payuni,TOKEN02032,載具資料，格式錯誤,,api,error,見 PAYUNi 官方文件（docs.payuni.com.tw/web/#/7）「錯誤代碼」：交易建立(信用卡免跳轉支付元件)
payuni,TOKEN02033,載具資料，格式錯誤(長度),,api,error,見 PAYUNi 官方文件（docs.payuni.com.tw/web/#/7）「錯誤代碼」：交易建立(信用卡免跳轉支付元件)
payuni,TOKEN02034,商店不提供捐贈發票選項,,api,error,見 PAYUNi 官方文件（docs.payuni.com.tw/web/#/7）「錯誤代碼」：交易建立(信用卡免跳轉支付元件)
payuni,TOKEN02035,此捐贈碼不在商店提供範圍內,,api,error,見 PAYUNi 官方文件（docs.payuni.com.tw/web/#/7）「錯誤代碼」：交易建立(信用卡免跳轉支付元件)
payuni,TOKEN02036,手機條碼不正確,,api,error,見 PAYUNi 官方文件（docs.payuni.com.tw/web/#/7）「錯誤代碼」：交易建立(信用卡免跳轉支付元件)
payuni,TOKEN03001,未有商店資料,,api,error,見 PAYUNi 官方文件（docs.payuni.com.tw/web/#/7）「錯誤代碼」：交易建立(信用卡免跳轉支付元件)
payuni,TOKEN03002,確認支付工具異常,,api,error,見 PAYUNi 官方文件（docs.payuni.com.tw/web/#/7）「錯誤代碼」：交易建立(信用卡免跳轉支付元件)
payuni,TOKEN03003,商店資料異常,,api,error,見 PAYUNi 官方文件（docs.payuni.com.tw/web/#/7）「錯誤代碼」：交易建立(信用卡免跳轉支付元件)
payuni,TOKEN03004,未有設定允許Domain,,api,error,見 PAYUNi 官方文件（docs.payuni.com.tw/web/#/7）「錯誤代碼」：交易建立(信用卡免跳轉支付元件)
payuni,TOKEN03005,未有設定允許幕後IP,,api,error,見 PAYUNi 官方文件（docs.payuni.com.tw/web/#/7）「錯誤代碼」：交易建立(信用卡免跳轉支付元件)
payuni,TOKEN03006,設定允許幕後IP不符合,,api,error,見 PAYUNi 官方文件（docs.payuni.com.tw/web/#/7）「錯誤代碼」：交易建立(信用卡免跳轉支付元件)
payuni,TOKEN03007,代理商未開啟撥款指示功能,,api,error,見 PAYUNi 官方文件（docs.payuni.com.tw/web/#/7）「錯誤代碼」：交易建立(信用卡免跳轉支付元件)
payuni,TOKEN03008,商店未提供約定信用卡交易,,api,error,見 PAYUNi 官方文件（docs.payuni.com.tw/web/#/7）「錯誤代碼」：交易建立(信用卡免跳轉支付元件)
payuni,TOKEN04001,買方會員資料取得(驗證)失敗,,api,error,見 PAYUNi 官方文件（docs.payuni.com.tw/web/#/7）「錯誤代碼」：交易建立(信用卡免跳轉支付元件)
payuni,IFTRADE00000,系統異常,,api,error,見 PAYUNi 官方文件（docs.payuni.com.tw/web/#/7）「錯誤代碼」：交易建立(信用卡免跳轉支付元件)
payuni,IFTRADE01001,未有商店代號,,api,error,見 PAYUNi 官方文件（docs.payuni.com.tw/web/#/7）「錯誤代碼」：交易建立(信用卡免跳轉支付元件)
payuni,IFTRADE01002,資料 HASH 比對不符合,,api,error,見 PAYUNi 官方文件（docs.payuni.com.tw/web/#/7）「錯誤代碼」：交易建立(信用卡免跳轉支付元件)
payuni,IFTRADE01003,資料解密失敗,,api,error,見 PAYUNi 官方文件（docs.payuni.com.tw/web/#/7）「錯誤代碼」：交易建立(信用卡免跳轉支付元件)
payuni,IFTRADE01004,解密資料不存在,,api,error,見 PAYUNi 官方文件（docs.payuni.com.tw/web/#/7）「錯誤代碼」：交易建立(信用卡免跳轉支付元件)
payuni,IFTRADE01005,[交易建立(信用卡免跳轉支付元件)] 查無符合商店資料 / [交易建立(信用卡免跳轉支付元件)] 查無符合商店(代理商)資料,,api,error,見 PAYUNi 官方文件（docs.payuni.com.tw/web/#/7）「錯誤代碼」：交易建立(信用卡免跳轉支付元件)
payuni,IFTRADE01006,已存在相同商店訂單編號,,api,error,見 PAYUNi 官方文件（docs.payuni.com.tw/web/#/7）「錯誤代碼」：交易建立(信用卡免跳轉支付元件)
payuni,IFTRADE02001,AesType，格式錯誤,,api,error,見 PAYUNi 官方文件（docs.payuni.com.tw/web/#/7）「錯誤代碼」：交易建立(信用卡免跳轉支付元件)
payuni,IFTRADE02002,商店未有設定AesType,,api,error,見 PAYUNi 官方文件（docs.payuni.com.tw/web/#/7）「錯誤代碼」：交易建立(信用卡免跳轉支付元件)
payuni,IFTRADE02003,商店AesType不符合,,api,error,見 PAYUNi 官方文件（docs.payuni.com.tw/web/#/7）「錯誤代碼」：交易建立(信用卡免跳轉支付元件)
payuni,IFTRADE02004,未有交易Token,,api,error,見 PAYUNi 官方文件（docs.payuni.com.tw/web/#/7）「錯誤代碼」：交易建立(信用卡免跳轉支付元件)
payuni,IFTRADE02005,未有商店代號,,api,error,見 PAYUNi 官方文件（docs.payuni.com.tw/web/#/7）「錯誤代碼」：交易建立(信用卡免跳轉支付元件)
payuni,IFTRADE02006,未有商店訂單編號,,api,error,見 PAYUNi 官方文件（docs.payuni.com.tw/web/#/7）「錯誤代碼」：交易建立(信用卡免跳轉支付元件)
payuni,IFTRADE02007,商店訂單編號，超過長度限制,,api,error,見 PAYUNi 官方文件（docs.payuni.com.tw/web/#/7）「錯誤代碼」：交易建立(信用卡免跳轉支付元件)
payuni,IFTRADE02008,商店訂單編號，格式錯誤(英數字-_),,api,error,見 PAYUNi 官方文件（docs.payuni.com.tw/web/#/7）「錯誤代碼」：交易建立(信用卡免跳轉支付元件)
payuni,IFTRADE02009,未有訂單金額,,api,error,見 PAYUNi 官方文件（docs.payuni.com.tw/web/#/7）「錯誤代碼」：交易建立(信用卡免跳轉支付元件)
payuni,IFTRADE02010,訂單金額，僅可輸入整數,,api,error,見 PAYUNi 官方文件（docs.payuni.com.tw/web/#/7）「錯誤代碼」：交易建立(信用卡免跳轉支付元件)
payuni,IFTRADE02011,訂單金額，格式錯誤,,api,error,見 PAYUNi 官方文件（docs.payuni.com.tw/web/#/7）「錯誤代碼」：交易建立(信用卡免跳轉支付元件)
payuni,IFTRADE02012,未有時間戳記,,api,error,見 PAYUNi 官方文件（docs.payuni.com.tw/web/#/7）「錯誤代碼」：交易建立(信用卡免跳轉支付元件)
payuni,IFTRADE02013,時間戳記，僅可輸入整數,,api,error,見 PAYUNi 官方文件（docs.payuni.com.tw/web/#/7）「錯誤代碼」：交易建立(信用卡免跳轉支付元件)
payuni,IFTRADE02014,時間戳記，已過期,,api,error,見 PAYUNi 官方文件（docs.payuni.com.tw/web/#/7）「錯誤代碼」：交易建立(信用卡免跳轉支付元件)
payuni,IFTRADE02015,前景通知網址，格式錯誤,,api,error,見 PAYUNi 官方文件（docs.payuni.com.tw/web/#/7）「錯誤代碼」：交易建立(信用卡免跳轉支付元件)
payuni,IFTRADE02016,[交易建立(信用卡免跳轉支付元件)] 背景通知網址，格式錯誤 / [交易建立(信用卡免跳轉支付元件)] 綁定類型，格式錯誤,,api,error,見 PAYUNi 官方文件（docs.payuni.com.tw/web/#/7）「錯誤代碼」：交易建立(信用卡免跳轉支付元件)
payuni,IFTRADE02017,超過額度，未有會員HASH,,api,error,見 PAYUNi 官方文件（docs.payuni.com.tw/web/#/7）「錯誤代碼」：交易建立(信用卡免跳轉支付元件)
payuni,IFTRADE02018,未有商品說明,,api,error,見 PAYUNi 官方文件（docs.payuni.com.tw/web/#/7）「錯誤代碼」：交易建立(信用卡免跳轉支付元件)
payuni,IFTRADE02019,未有消費者電子信箱,,api,error,見 PAYUNi 官方文件（docs.payuni.com.tw/web/#/7）「錯誤代碼」：交易建立(信用卡免跳轉支付元件)
payuni,IFTRADE02020,消費者電子信箱，格式錯誤,,api,error,見 PAYUNi 官方文件（docs.payuni.com.tw/web/#/7）「錯誤代碼」：交易建立(信用卡免跳轉支付元件)
payuni,IFTRADE02021,未有買方名稱(抬頭),,api,error,見 PAYUNi 官方文件（docs.payuni.com.tw/web/#/7）「錯誤代碼」：交易建立(信用卡免跳轉支付元件)
payuni,IFTRADE02022,未有載具類別,,api,error,見 PAYUNi 官方文件（docs.payuni.com.tw/web/#/7）「錯誤代碼」：交易建立(信用卡免跳轉支付元件)
payuni,IFTRADE02023,無法辨識的載具類別,,api,error,見 PAYUNi 官方文件（docs.payuni.com.tw/web/#/7）「錯誤代碼」：交易建立(信用卡免跳轉支付元件)
payuni,IFTRADE02024,載具資料不可為空,,api,error,見 PAYUNi 官方文件（docs.payuni.com.tw/web/#/7）「錯誤代碼」：交易建立(信用卡免跳轉支付元件)
payuni,IFTRADE02025,載具資料，格式錯誤,,api,error,見 PAYUNi 官方文件（docs.payuni.com.tw/web/#/7）「錯誤代碼」：交易建立(信用卡免跳轉支付元件)
payuni,IFTRADE02026,載具資料，格式錯誤(長度),,api,error,見 PAYUNi 官方文件（docs.payuni.com.tw/web/#/7）「錯誤代碼」：交易建立(信用卡免跳轉支付元件)
payuni,IFTRADE02027,商店不提供捐贈發票選項,,api,error,見 PAYUNi 官方文件（docs.payuni.com.tw/web/#/7）「錯誤代碼」：交易建立(信用卡免跳轉支付元件)
payuni,IFTRADE02028,此捐贈碼不在商店提供範圍內,,api,error,見 PAYUNi 官方文件（docs.payuni.com.tw/web/#/7）「錯誤代碼」：交易建立(信用卡免跳轉支付元件)
payuni,IFTRADE02029,手機條碼不正確,,api,error,見 PAYUNi 官方文件（docs.payuni.com.tw/web/#/7）「錯誤代碼」：交易建立(信用卡免跳轉支付元件)
payuni,IFTRADE02030,API3D，格式錯誤,,api,error,見 PAYUNi 官方文件（docs.payuni.com.tw/web/#/7）「錯誤代碼」：交易建立(信用卡免跳轉支付元件)
payuni,IFTRADE02031,使用者IP格式錯誤,,api,error,見 PAYUNi 官方文件（docs.payuni.com.tw/web/#/7）「錯誤代碼」：交易建立(信用卡免跳轉支付元件)
payuni,IFTRADE03001,買方會員資料取得(驗證)失敗,,api,error,見 PAYUNi 官方文件（docs.payuni.com.tw/web/#/7）「錯誤代碼」：交易建立(信用卡免跳轉支付元件)
payuni,IFTRADE04001,Token已過期,,api,error,見 PAYUNi 官方文件（docs.payuni.com.tw/web/#/7）「錯誤代碼」：交易建立(信用卡免跳轉支付元件)
payuni,IFTRADE04002,未有交易設定資料,,api,error,見 PAYUNi 官方文件（docs.payuni.com.tw/web/#/7）「錯誤代碼」：交易建立(信用卡免跳轉支付元件)
payuni,IFTRADE04003,交易設定資料異常,,api,error,見 PAYUNi 官方文件（docs.payuni.com.tw/web/#/7）「錯誤代碼」：交易建立(信用卡免跳轉支付元件)
payuni,IFTRADE05001,交易設定異常(原始資料),,api,error,見 PAYUNi 官方文件（docs.payuni.com.tw/web/#/7）「錯誤代碼」：交易建立(信用卡免跳轉支付元件)
payuni,IFTRADE05002,交易設定異常(輸入資料),,api,error,見 PAYUNi 官方文件（docs.payuni.com.tw/web/#/7）「錯誤代碼」：交易建立(信用卡免跳轉支付元件)
payuni,IFTRADE05003,交易設定異常(商店資料),,api,error,見 PAYUNi 官方文件（docs.payuni.com.tw/web/#/7）「錯誤代碼」：交易建立(信用卡免跳轉支付元件)
payuni,TRADE00000,系統異常,,api,error,見 PAYUNi 官方文件（docs.payuni.com.tw/web/#/7）「錯誤代碼」：交易建立(信用卡免跳轉支付元件)
payuni,TRADE00001,無API對應程式,,api,error,見 PAYUNi 官方文件（docs.payuni.com.tw/web/#/7）「錯誤代碼」：交易建立(信用卡免跳轉支付元件)
payuni,TRADE01001,送出資料解析失敗,,api,error,見 PAYUNi 官方文件（docs.payuni.com.tw/web/#/7）「錯誤代碼」：交易建立(信用卡免跳轉支付元件)
payuni,TRADE01002,送出資料解析失敗(KEY),,api,error,見 PAYUNi 官方文件（docs.payuni.com.tw/web/#/7）「錯誤代碼」：交易建立(信用卡免跳轉支付元件)
payuni,TRADE01003,送出資料解析失敗(Decrypt),,api,error,見 PAYUNi 官方文件（docs.payuni.com.tw/web/#/7）「錯誤代碼」：交易建立(信用卡免跳轉支付元件)
payuni,TRADE01004,未有Token,,api,error,見 PAYUNi 官方文件（docs.payuni.com.tw/web/#/7）「錯誤代碼」：交易建立(信用卡免跳轉支付元件)
payuni,TRADE01005,Token已過期,,api,error,見 PAYUNi 官方文件（docs.payuni.com.tw/web/#/7）「錯誤代碼」：交易建立(信用卡免跳轉支付元件)
payuni,TRADE01006,未有支付方式,,api,error,見 PAYUNi 官方文件（docs.payuni.com.tw/web/#/7）「錯誤代碼」：交易建立(信用卡免跳轉支付元件)
payuni,TRADE01007,未有符合支付方式,,api,error,見 PAYUNi 官方文件（docs.payuni.com.tw/web/#/7）「錯誤代碼」：交易建立(信用卡免跳轉支付元件)
payuni,TRADE02001,未有解密資料,,api,error,見 PAYUNi 官方文件（docs.payuni.com.tw/web/#/7）「錯誤代碼」：交易建立(信用卡免跳轉支付元件)
payuni,TRADE02002,支付方式錯誤,,api,error,見 PAYUNi 官方文件（docs.payuni.com.tw/web/#/7）「錯誤代碼」：交易建立(信用卡免跳轉支付元件)
payuni,TRADE02003,信用卡號，僅可輸入整數,,api,error,見 PAYUNi 官方文件（docs.payuni.com.tw/web/#/7）「錯誤代碼」：交易建立(信用卡免跳轉支付元件)
payuni,TRADE02004,信用卡號，僅可輸入整數,,api,error,見 PAYUNi 官方文件（docs.payuni.com.tw/web/#/7）「錯誤代碼」：交易建立(信用卡免跳轉支付元件)
payuni,TRADE02005,信用卡號，長度限制錯誤,,api,error,見 PAYUNi 官方文件（docs.payuni.com.tw/web/#/7）「錯誤代碼」：交易建立(信用卡免跳轉支付元件)
payuni,TRADE02006,未有信用卡到期日,,api,error,見 PAYUNi 官方文件（docs.payuni.com.tw/web/#/7）「錯誤代碼」：交易建立(信用卡免跳轉支付元件)
payuni,TRADE02007,信用卡到期日，格式錯誤(MMYY),,api,error,見 PAYUNi 官方文件（docs.payuni.com.tw/web/#/7）「錯誤代碼」：交易建立(信用卡免跳轉支付元件)
payuni,TRADE02008,信用卡到期日，已逾期,,api,error,見 PAYUNi 官方文件（docs.payuni.com.tw/web/#/7）「錯誤代碼」：交易建立(信用卡免跳轉支付元件)
payuni,TRADE02009,信用卡末三碼，長度限制錯誤,,api,error,見 PAYUNi 官方文件（docs.payuni.com.tw/web/#/7）「錯誤代碼」：交易建立(信用卡免跳轉支付元件)
payuni,TRADE02010,信用卡末三碼，格式錯誤,,api,error,見 PAYUNi 官方文件（docs.payuni.com.tw/web/#/7）「錯誤代碼」：交易建立(信用卡免跳轉支付元件)
payuni,TRADE02011,未有信用卡分期數,,api,error,見 PAYUNi 官方文件（docs.payuni.com.tw/web/#/7）「錯誤代碼」：交易建立(信用卡免跳轉支付元件)
payuni,TRADE02012,信用卡分期數，期數格式錯誤,,api,error,見 PAYUNi 官方文件（docs.payuni.com.tw/web/#/7）「錯誤代碼」：交易建立(信用卡免跳轉支付元件)
payuni,TRADE02013,未有信用卡末三碼,,api,error,見 PAYUNi 官方文件（docs.payuni.com.tw/web/#/7）「錯誤代碼」：交易建立(信用卡免跳轉支付元件)
payuni,TRADE03001,未有商店資料,,api,error,見 PAYUNi 官方文件（docs.payuni.com.tw/web/#/7）「錯誤代碼」：交易建立(信用卡免跳轉支付元件)
payuni,TRADE03002,確認支付工具異常,,api,error,見 PAYUNi 官方文件（docs.payuni.com.tw/web/#/7）「錯誤代碼」：交易建立(信用卡免跳轉支付元件)
payuni,TRADE03003,商店資料異常,,api,error,見 PAYUNi 官方文件（docs.payuni.com.tw/web/#/7）「錯誤代碼」：交易建立(信用卡免跳轉支付元件)
payuni,ATM01001,已達連線處理上限，請稍後再試,,api,error,見 PAYUNi 官方文件（docs.payuni.com.tw/web/#/7）「錯誤代碼」：交易建立 (虛擬帳號|ATM)
payuni,ATM01002,未有商店代號,,api,error,見 PAYUNi 官方文件（docs.payuni.com.tw/web/#/7）「錯誤代碼」：交易建立 (虛擬帳號|ATM)
payuni,ATM01003,資料 HASH 比對不符合,,api,error,見 PAYUNi 官方文件（docs.payuni.com.tw/web/#/7）「錯誤代碼」：交易建立 (虛擬帳號|ATM)
payuni,ATM01004,資料解密失敗,,api,error,見 PAYUNi 官方文件（docs.payuni.com.tw/web/#/7）「錯誤代碼」：交易建立 (虛擬帳號|ATM)
payuni,ATM01005,解密資料不存在,,api,error,見 PAYUNi 官方文件（docs.payuni.com.tw/web/#/7）「錯誤代碼」：交易建立 (虛擬帳號|ATM)
payuni,ATM01006,查無符合商店資料,,api,error,見 PAYUNi 官方文件（docs.payuni.com.tw/web/#/7）「錯誤代碼」：交易建立 (虛擬帳號|ATM)
payuni,ATM01007,ATM 轉帳帳號編譯異常,,api,error,見 PAYUNi 官方文件（docs.payuni.com.tw/web/#/7）「錯誤代碼」：交易建立 (虛擬帳號|ATM)
payuni,ATM01008,查無符合商店物流設定資料,,api,error,見 PAYUNi 官方文件（docs.payuni.com.tw/web/#/7）「錯誤代碼」：交易建立 (虛擬帳號|ATM)
payuni,ATM01009,商店B2C物流服務尚未開通,,api,error,見 PAYUNi 官方文件（docs.payuni.com.tw/web/#/7）「錯誤代碼」：交易建立 (虛擬帳號|ATM)
payuni,ATM01010,商店C2C物流服務尚未開通,,api,error,見 PAYUNi 官方文件（docs.payuni.com.tw/web/#/7）「錯誤代碼」：交易建立 (虛擬帳號|ATM)
payuni,ATM01011,商店未啟用B2C物流服務,,api,error,見 PAYUNi 官方文件（docs.payuni.com.tw/web/#/7）「錯誤代碼」：交易建立 (虛擬帳號|ATM)
payuni,ATM01012,商店未啟用C2C物流服務,,api,error,見 PAYUNi 官方文件（docs.payuni.com.tw/web/#/7）「錯誤代碼」：交易建立 (虛擬帳號|ATM)
payuni,ATM01013,中信ATM建檔失敗,,api,error,見 PAYUNi 官方文件（docs.payuni.com.tw/web/#/7）「錯誤代碼」：交易建立 (虛擬帳號|ATM)
payuni,ATM01014,未有API處理結果,,api,error,見 PAYUNi 官方文件（docs.payuni.com.tw/web/#/7）「錯誤代碼」：交易建立 (虛擬帳號|ATM)
payuni,ATM01015,回傳加密失敗,,api,error,見 PAYUNi 官方文件（docs.payuni.com.tw/web/#/7）「錯誤代碼」：交易建立 (虛擬帳號|ATM)
payuni,ATM01016,查無符合代理商資料,,api,error,見 PAYUNi 官方文件（docs.payuni.com.tw/web/#/7）「錯誤代碼」：交易建立 (虛擬帳號|ATM)
payuni,ATM01017,代理商狀態不符合,,api,error,見 PAYUNi 官方文件（docs.payuni.com.tw/web/#/7）「錯誤代碼」：交易建立 (虛擬帳號|ATM)
payuni,ATM01018,商店代號比對異常,,api,error,見 PAYUNi 官方文件（docs.payuni.com.tw/web/#/7）「錯誤代碼」：交易建立 (虛擬帳號|ATM)
payuni,ATM02001,未有商店代號,,api,error,見 PAYUNi 官方文件（docs.payuni.com.tw/web/#/7）「錯誤代碼」：交易建立 (虛擬帳號|ATM)
payuni,ATM02002,未有商店訂單編號,,api,error,見 PAYUNi 官方文件（docs.payuni.com.tw/web/#/7）「錯誤代碼」：交易建立 (虛擬帳號|ATM)
payuni,ATM02003,商店訂單編號，超過長度限制,,api,error,見 PAYUNi 官方文件（docs.payuni.com.tw/web/#/7）「錯誤代碼」：交易建立 (虛擬帳號|ATM)
payuni,ATM02004,商店訂單編號，格式錯誤(英數字-_),,api,error,見 PAYUNi 官方文件（docs.payuni.com.tw/web/#/7）「錯誤代碼」：交易建立 (虛擬帳號|ATM)
payuni,ATM02005,未有訂單金額,,api,error,見 PAYUNi 官方文件（docs.payuni.com.tw/web/#/7）「錯誤代碼」：交易建立 (虛擬帳號|ATM)
payuni,ATM02006,訂單金額，僅可輸入整數,,api,error,見 PAYUNi 官方文件（docs.payuni.com.tw/web/#/7）「錯誤代碼」：交易建立 (虛擬帳號|ATM)
payuni,ATM02007,訂單金額，不為允許範圍區間,,api,error,見 PAYUNi 官方文件（docs.payuni.com.tw/web/#/7）「錯誤代碼」：交易建立 (虛擬帳號|ATM)
payuni,ATM02008,未有時間戳記,,api,error,見 PAYUNi 官方文件（docs.payuni.com.tw/web/#/7）「錯誤代碼」：交易建立 (虛擬帳號|ATM)
payuni,ATM02009,時間戳記，僅可輸入整數,,api,error,見 PAYUNi 官方文件（docs.payuni.com.tw/web/#/7）「錯誤代碼」：交易建立 (虛擬帳號|ATM)
payuni,ATM02010,時間戳記，已過期,,api,error,見 PAYUNi 官方文件（docs.payuni.com.tw/web/#/7）「錯誤代碼」：交易建立 (虛擬帳號|ATM)
payuni,ATM02011,未有銀行別,,api,error,見 PAYUNi 官方文件（docs.payuni.com.tw/web/#/7）「錯誤代碼」：交易建立 (虛擬帳號|ATM)
payuni,ATM02012,無法辨識的銀行別,,api,error,見 PAYUNi 官方文件（docs.payuni.com.tw/web/#/7）「錯誤代碼」：交易建立 (虛擬帳號|ATM)
payuni,ATM02013,繳費期限日期格式有誤，應為日期格式,,api,error,見 PAYUNi 官方文件（docs.payuni.com.tw/web/#/7）「錯誤代碼」：交易建立 (虛擬帳號|ATM)
payuni,ATM02014,繳費期限日期為無效日期，請重新確認,,api,error,見 PAYUNi 官方文件（docs.payuni.com.tw/web/#/7）「錯誤代碼」：交易建立 (虛擬帳號|ATM)
payuni,ATM02015,無法載入該銀行系統程序檔,,api,error,見 PAYUNi 官方文件（docs.payuni.com.tw/web/#/7）「錯誤代碼」：交易建立 (虛擬帳號|ATM)
payuni,ATM02016,無法辨識的繳費類型,,api,error,見 PAYUNi 官方文件（docs.payuni.com.tw/web/#/7）「錯誤代碼」：交易建立 (虛擬帳號|ATM)
payuni,ATM02017,NotifyURL 格式有誤，請確認,,api,error,見 PAYUNi 官方文件（docs.payuni.com.tw/web/#/7）「錯誤代碼」：交易建立 (虛擬帳號|ATM)
payuni,ATM02018,消費者電子信箱，格式錯誤,,api,error,見 PAYUNi 官方文件（docs.payuni.com.tw/web/#/7）「錯誤代碼」：交易建立 (虛擬帳號|ATM)
payuni,ATM02019,訂單金額格式錯誤(隨繳代碼限帶0元金額),,api,error,見 PAYUNi 官方文件（docs.payuni.com.tw/web/#/7）「錯誤代碼」：交易建立 (虛擬帳號|ATM)
payuni,ATM02020,該銀行不支援隨繳虛擬帳號功能,,api,error,見 PAYUNi 官方文件（docs.payuni.com.tw/web/#/7）「錯誤代碼」：交易建立 (虛擬帳號|ATM)
payuni,ATM02021,GrantExport參數值錯誤,,api,error,見 PAYUNi 官方文件（docs.payuni.com.tw/web/#/7）「錯誤代碼」：交易建立 (虛擬帳號|ATM)
payuni,ATM02022,收(寄)件人姓名僅支援輸入中文/英文/數字,,api,error,見 PAYUNi 官方文件（docs.payuni.com.tw/web/#/7）「錯誤代碼」：交易建立 (虛擬帳號|ATM)
payuni,ATM02023,訂單金額超過洗防法限額，須有買方實名制TOKEN,,api,error,見 PAYUNi 官方文件（docs.payuni.com.tw/web/#/7）「錯誤代碼」：交易建立 (虛擬帳號|ATM)
payuni,ATM02024,買方會員資料取得(驗證)失敗,,api,error,見 PAYUNi 官方文件（docs.payuni.com.tw/web/#/7）「錯誤代碼」：交易建立 (虛擬帳號|ATM)
payuni,ATM02025,訂單金額超過洗防法限額，須先完成買方會員實名制(註冊),,api,error,見 PAYUNi 官方文件（docs.payuni.com.tw/web/#/7）「錯誤代碼」：交易建立 (虛擬帳號|ATM)
payuni,ATM02026,未有買方名稱(抬頭),,api,error,見 PAYUNi 官方文件（docs.payuni.com.tw/web/#/7）「錯誤代碼」：交易建立 (虛擬帳號|ATM)
payuni,ATM02027,買方統編長度有誤,,api,error,見 PAYUNi 官方文件（docs.payuni.com.tw/web/#/7）「錯誤代碼」：交易建立 (虛擬帳號|ATM)
payuni,ATM02028,未有消費者電子信箱,,api,error,見 PAYUNi 官方文件（docs.payuni.com.tw/web/#/7）「錯誤代碼」：交易建立 (虛擬帳號|ATM)
payuni,ATM02029,未有載具類別,,api,error,見 PAYUNi 官方文件（docs.payuni.com.tw/web/#/7）「錯誤代碼」：交易建立 (虛擬帳號|ATM)
payuni,ATM02030,無法辨識的載具類別,,api,error,見 PAYUNi 官方文件（docs.payuni.com.tw/web/#/7）「錯誤代碼」：交易建立 (虛擬帳號|ATM)
payuni,ATM02031,載具資料不可為空(手機條碼、自然人憑證條碼或是捐贈碼),,api,error,見 PAYUNi 官方文件（docs.payuni.com.tw/web/#/7）「錯誤代碼」：交易建立 (虛擬帳號|ATM)
payuni,ATM02032,買方統編格式有誤,,api,error,見 PAYUNi 官方文件（docs.payuni.com.tw/web/#/7）「錯誤代碼」：交易建立 (虛擬帳號|ATM)
payuni,ATM02033,未有公司統編,,api,error,見 PAYUNi 官方文件（docs.payuni.com.tw/web/#/7）「錯誤代碼」：交易建立 (虛擬帳號|ATM)
payuni,ATM02034,商店不提供捐贈發票選項,,api,error,見 PAYUNi 官方文件（docs.payuni.com.tw/web/#/7）「錯誤代碼」：交易建立 (虛擬帳號|ATM)
payuni,ATM02035,此捐贈碼不在商店提供範圍內,,api,error,見 PAYUNi 官方文件（docs.payuni.com.tw/web/#/7）「錯誤代碼」：交易建立 (虛擬帳號|ATM)
payuni,ATM02036,手機條碼(格式)不正確,,api,error,見 PAYUNi 官方文件（docs.payuni.com.tw/web/#/7）「錯誤代碼」：交易建立 (虛擬帳號|ATM)
payuni,ATM02037,收(寄)件人的姓名包含 emoji 符號,,api,error,見 PAYUNi 官方文件（docs.payuni.com.tw/web/#/7）「錯誤代碼」：交易建立 (虛擬帳號|ATM)
payuni,ATM03001,商店未啟用,,api,error,見 PAYUNi 官方文件（docs.payuni.com.tw/web/#/7）「錯誤代碼」：交易建立 (虛擬帳號|ATM)
payuni,ATM03002,商店未啟用ATM 轉帳服務,,api,error,見 PAYUNi 官方文件（docs.payuni.com.tw/web/#/7）「錯誤代碼」：交易建立 (虛擬帳號|ATM)
payuni,ATM03003,商店未啟用ATM轉帳之隨繳功能,,api,error,見 PAYUNi 官方文件（docs.payuni.com.tw/web/#/7）「錯誤代碼」：交易建立 (虛擬帳號|ATM)
payuni,ATM03004,未有代理商幕後相關設定,,api,error,見 PAYUNi 官方文件（docs.payuni.com.tw/web/#/7）「錯誤代碼」：交易建立 (虛擬帳號|ATM)
payuni,ATM03005,不提供此IP幕後交易,,api,error,見 PAYUNi 官方文件（docs.payuni.com.tw/web/#/7）「錯誤代碼」：交易建立 (虛擬帳號|ATM)
payuni,ATM03006,商店未提供ATM轉帳幕後交易,,api,error,見 PAYUNi 官方文件（docs.payuni.com.tw/web/#/7）「錯誤代碼」：交易建立 (虛擬帳號|ATM)
payuni,ATM03007,代理商未開啟撥款指示功能,,api,error,見 PAYUNi 官方文件（docs.payuni.com.tw/web/#/7）「錯誤代碼」：交易建立 (虛擬帳號|ATM)
payuni,ATM03008,商店未有設定AesType,,api,error,見 PAYUNi 官方文件（docs.payuni.com.tw/web/#/7）「錯誤代碼」：交易建立 (虛擬帳號|ATM)
payuni,ATM03009,商店AesType不符合,,api,error,見 PAYUNi 官方文件（docs.payuni.com.tw/web/#/7）「錯誤代碼」：交易建立 (虛擬帳號|ATM)
payuni,ATM03010,商店尚未啟用優惠券,,api,error,見 PAYUNi 官方文件（docs.payuni.com.tw/web/#/7）「錯誤代碼」：交易建立 (虛擬帳號|ATM)
payuni,ATM04001,已存在相同商店訂單編號,,api,error,見 PAYUNi 官方文件（docs.payuni.com.tw/web/#/7）「錯誤代碼」：交易建立 (虛擬帳號|ATM)
payuni,ATM04002,未有交易唯一Token,,api,error,見 PAYUNi 官方文件（docs.payuni.com.tw/web/#/7）「錯誤代碼」：交易建立 (虛擬帳號|ATM)
payuni,ATM04003,訂單已失效,,api,error,見 PAYUNi 官方文件（docs.payuni.com.tw/web/#/7）「錯誤代碼」：交易建立 (虛擬帳號|ATM)
payuni,ATM04004,訂單失敗,,api,error,見 PAYUNi 官方文件（docs.payuni.com.tw/web/#/7）「錯誤代碼」：交易建立 (虛擬帳號|ATM)
payuni,ATM04005,訂單已取消,,api,error,見 PAYUNi 官方文件（docs.payuni.com.tw/web/#/7）「錯誤代碼」：交易建立 (虛擬帳號|ATM)
payuni,ATM06001,未有物流別,,api,error,見 PAYUNi 官方文件（docs.payuni.com.tw/web/#/7）「錯誤代碼」：交易建立 (虛擬帳號|ATM)
payuni,ATM06002,無法辨識的物流別,,api,error,見 PAYUNi 官方文件（docs.payuni.com.tw/web/#/7）「錯誤代碼」：交易建立 (虛擬帳號|ATM)
payuni,ATM06003,未有超商/宅配通路別,,api,error,見 PAYUNi 官方文件（docs.payuni.com.tw/web/#/7）「錯誤代碼」：交易建立 (虛擬帳號|ATM)
payuni,ATM06004,無法辨識的超商/宅配通路別,,api,error,見 PAYUNi 官方文件（docs.payuni.com.tw/web/#/7）「錯誤代碼」：交易建立 (虛擬帳號|ATM)
payuni,ATM06005,無超商/宅配的合作模式資訊,,api,error,見 PAYUNi 官方文件（docs.payuni.com.tw/web/#/7）「錯誤代碼」：交易建立 (虛擬帳號|ATM)
payuni,ATM06006,無法辨識的取貨後付款方式,,api,error,見 PAYUNi 官方文件（docs.payuni.com.tw/web/#/7）「錯誤代碼」：交易建立 (虛擬帳號|ATM)
payuni,ATM06007,無超商的門市代碼,,api,error,見 PAYUNi 官方文件（docs.payuni.com.tw/web/#/7）「錯誤代碼」：交易建立 (虛擬帳號|ATM)
payuni,ATM06008,未有收件人姓名,,api,error,見 PAYUNi 官方文件（docs.payuni.com.tw/web/#/7）「錯誤代碼」：交易建立 (虛擬帳號|ATM)
payuni,ATM06009,未有收件人電子信箱,,api,error,見 PAYUNi 官方文件（docs.payuni.com.tw/web/#/7）「錯誤代碼」：交易建立 (虛擬帳號|ATM)
payuni,ATM06010,收件人電子信箱格式錯誤,,api,error,見 PAYUNi 官方文件（docs.payuni.com.tw/web/#/7）「錯誤代碼」：交易建立 (虛擬帳號|ATM)
payuni,ATM06011,未有收件人手機號碼,,api,error,見 PAYUNi 官方文件（docs.payuni.com.tw/web/#/7）「錯誤代碼」：交易建立 (虛擬帳號|ATM)
payuni,ATM06012,手機號碼格式錯誤(09開頭),,api,error,見 PAYUNi 官方文件（docs.payuni.com.tw/web/#/7）「錯誤代碼」：交易建立 (虛擬帳號|ATM)
payuni,ATM06013,暫不支援此物流,,api,error,見 PAYUNi 官方文件（docs.payuni.com.tw/web/#/7）「錯誤代碼」：交易建立 (虛擬帳號|ATM)
payuni,ATM06014,該門市無法配送，請重新選擇門市,,api,error,見 PAYUNi 官方文件（docs.payuni.com.tw/web/#/7）「錯誤代碼」：交易建立 (虛擬帳號|ATM)
payuni,ATM06015,未有寄件型態,,api,error,見 PAYUNi 官方文件（docs.payuni.com.tw/web/#/7）「錯誤代碼」：交易建立 (虛擬帳號|ATM)
payuni,ATM06016,無法辨識的寄件型態,,api,error,見 PAYUNi 官方文件（docs.payuni.com.tw/web/#/7）「錯誤代碼」：交易建立 (虛擬帳號|ATM)
payuni,ATM06017,收件人姓名長度超過限制,,api,error,見 PAYUNi 官方文件（docs.payuni.com.tw/web/#/7）「錯誤代碼」：交易建立 (虛擬帳號|ATM)
payuni,ATM06018,收件人電話區碼長度超過限制,,api,error,見 PAYUNi 官方文件（docs.payuni.com.tw/web/#/7）「錯誤代碼」：交易建立 (虛擬帳號|ATM)
payuni,ATM06019,收件人電話區碼格式錯誤,,api,error,見 PAYUNi 官方文件（docs.payuni.com.tw/web/#/7）「錯誤代碼」：交易建立 (虛擬帳號|ATM)
payuni,ATM06020,收件人電話長度超過限制,,api,error,見 PAYUNi 官方文件（docs.payuni.com.tw/web/#/7）「錯誤代碼」：交易建立 (虛擬帳號|ATM)
payuni,ATM06021,收件人電話格式錯誤,,api,error,見 PAYUNi 官方文件（docs.payuni.com.tw/web/#/7）「錯誤代碼」：交易建立 (虛擬帳號|ATM)
payuni,ATM06022,未有收件人地址,,api,error,見 PAYUNi 官方文件（docs.payuni.com.tw/web/#/7）「錯誤代碼」：交易建立 (虛擬帳號|ATM)
payuni,ATM06023,收件人地址長度超過限制,,api,error,見 PAYUNi 官方文件（docs.payuni.com.tw/web/#/7）「錯誤代碼」：交易建立 (虛擬帳號|ATM)
payuni,ATM06024,未有希望配達時間代碼,,api,error,見 PAYUNi 官方文件（docs.payuni.com.tw/web/#/7）「錯誤代碼」：交易建立 (虛擬帳號|ATM)
payuni,ATM06025,無法辨識的希望配達時間代碼,,api,error,見 PAYUNi 官方文件（docs.payuni.com.tw/web/#/7）「錯誤代碼」：交易建立 (虛擬帳號|ATM)
payuni,ATM06026,未有商品名稱,,api,error,見 PAYUNi 官方文件（docs.payuni.com.tw/web/#/7）「錯誤代碼」：交易建立 (虛擬帳號|ATM)
payuni,ATM06027,商品名稱長度超過限制,,api,error,見 PAYUNi 官方文件（docs.payuni.com.tw/web/#/7）「錯誤代碼」：交易建立 (虛擬帳號|ATM)
payuni,ATM06028,商品名稱不可含有禁用字眼,,api,error,見 PAYUNi 官方文件（docs.payuni.com.tw/web/#/7）「錯誤代碼」：交易建立 (虛擬帳號|ATM)
payuni,ATM06029,無法驗證(地址)郵遞區號,,api,error,見 PAYUNi 官方文件（docs.payuni.com.tw/web/#/7）「錯誤代碼」：交易建立 (虛擬帳號|ATM)
payuni,ATM06030,收件人的地址不在服務範圍內,,api,error,見 PAYUNi 官方文件（docs.payuni.com.tw/web/#/7）「錯誤代碼」：交易建立 (虛擬帳號|ATM)
payuni,ATM06031,無法辨識寄本島或是離島，須技術人員確認,,api,error,見 PAYUNi 官方文件（docs.payuni.com.tw/web/#/7）「錯誤代碼」：交易建立 (虛擬帳號|ATM)
payuni,ATM06032,未有優惠碼,,api,error,見 PAYUNi 官方文件（docs.payuni.com.tw/web/#/7）「錯誤代碼」：交易建立 (虛擬帳號|ATM)
payuni,ATM06033,折扣金額，格式錯誤,,api,error,見 PAYUNi 官方文件（docs.payuni.com.tw/web/#/7）「錯誤代碼」：交易建立 (虛擬帳號|ATM)
payuni,ATM06034,有優惠碼時，折扣金額(DiscountAmt)為必要欄位,,api,error,見 PAYUNi 官方文件（docs.payuni.com.tw/web/#/7）「錯誤代碼」：交易建立 (虛擬帳號|ATM)
payuni,ATM06035,訂單原始金額，格式錯誤,,api,error,見 PAYUNi 官方文件（docs.payuni.com.tw/web/#/7）「錯誤代碼」：交易建立 (虛擬帳號|ATM)
payuni,ATM06036,有優惠碼時，訂單原始金額(OrderAmt)為必要欄位,,api,error,見 PAYUNi 官方文件（docs.payuni.com.tw/web/#/7）「錯誤代碼」：交易建立 (虛擬帳號|ATM)
payuni,ATM06037,訂單原始金額(OrderAmt)不等於訂單金額(TradeAmt)+折扣金額(DiscountAmt),,api,error,見 PAYUNi 官方文件（docs.payuni.com.tw/web/#/7）「錯誤代碼」：交易建立 (虛擬帳號|ATM)
payuni,ATM06038,優惠券發券背景通知網址，格式錯誤,,api,error,見 PAYUNi 官方文件（docs.payuni.com.tw/web/#/7）「錯誤代碼」：交易建立 (虛擬帳號|ATM)
payuni,ATM07001,訂單建立失敗，請稍後再試,,api,error,見 PAYUNi 官方文件（docs.payuni.com.tw/web/#/7）「錯誤代碼」：交易建立 (虛擬帳號|ATM)
payuni,ATM05001,交易風控(拒絕交易),,api,error,見 PAYUNi 官方文件（docs.payuni.com.tw/web/#/7）「錯誤代碼」：交易建立 (虛擬帳號|ATM)
payuni,ATM05002,交易風控(拒絕交易),,api,error,見 PAYUNi 官方文件（docs.payuni.com.tw/web/#/7）「錯誤代碼」：交易建立 (虛擬帳號|ATM)
payuni,ATM05003,交易風控(拒絕交易),,api,error,見 PAYUNi 官方文件（docs.payuni.com.tw/web/#/7）「錯誤代碼」：交易建立 (虛擬帳號|ATM)
payuni,ATM05004,交易風控(拒絕交易),,api,error,見 PAYUNi 官方文件（docs.payuni.com.tw/web/#/7）「錯誤代碼」：交易建立 (虛擬帳號|ATM)
payuni,ATM05005,交易風控(拒絕交易),,api,error,見 PAYUNi 官方文件（docs.payuni.com.tw/web/#/7）「錯誤代碼」：交易建立 (虛擬帳號|ATM)
payuni,ATM10001,取得國泰世華虛擬帳號失敗,,api,error,見 PAYUNi 官方文件（docs.payuni.com.tw/web/#/7）「錯誤代碼」：交易建立 (虛擬帳號|ATM)
payuni,ATM10002,傳遞資料不可為空(國泰世華虛擬帳號建檔),,api,error,見 PAYUNi 官方文件（docs.payuni.com.tw/web/#/7）「錯誤代碼」：交易建立 (虛擬帳號|ATM)
payuni,ATM10003,無商店代號(國泰世華虛擬帳號建檔),,api,error,見 PAYUNi 官方文件（docs.payuni.com.tw/web/#/7）「錯誤代碼」：交易建立 (虛擬帳號|ATM)
payuni,ATM10004,無虛擬帳號資料(國泰世華虛擬帳號建檔),,api,error,見 PAYUNi 官方文件（docs.payuni.com.tw/web/#/7）「錯誤代碼」：交易建立 (虛擬帳號|ATM)
payuni,ATM10005,虛擬帳號建檔筆數超過系統限制(國泰世華),,api,error,見 PAYUNi 官方文件（docs.payuni.com.tw/web/#/7）「錯誤代碼」：交易建立 (虛擬帳號|ATM)
payuni,ATM10006,虛擬帳號建檔產XML失敗(國泰世華),,api,error,見 PAYUNi 官方文件（docs.payuni.com.tw/web/#/7）「錯誤代碼」：交易建立 (虛擬帳號|ATM)
payuni,ATM10007,虛擬帳號XML檔寫入暫存區失敗(國泰世華),,api,error,見 PAYUNi 官方文件（docs.payuni.com.tw/web/#/7）「錯誤代碼」：交易建立 (虛擬帳號|ATM)
payuni,ATM10008,網路連線異常，傳送建檔失敗(國泰世華),,api,error,見 PAYUNi 官方文件（docs.payuni.com.tw/web/#/7）「錯誤代碼」：交易建立 (虛擬帳號|ATM)
payuni,ATM10009,驗證建檔結果-無回覆資料(國泰世華),,api,error,見 PAYUNi 官方文件（docs.payuni.com.tw/web/#/7）「錯誤代碼」：交易建立 (虛擬帳號|ATM)
payuni,ATM10010,驗證建檔結果-無回應處理狀態(國泰世華),,api,error,見 PAYUNi 官方文件（docs.payuni.com.tw/web/#/7）「錯誤代碼」：交易建立 (虛擬帳號|ATM)
payuni,ATM10011,取得虛擬帳號失敗-國泰世華系統維護中,,api,error,見 PAYUNi 官方文件（docs.payuni.com.tw/web/#/7）「錯誤代碼」：交易建立 (虛擬帳號|ATM)
payuni,CVS01001,已達連線處理上限，請稍後再試,,api,error,見 PAYUNi 官方文件（docs.payuni.com.tw/web/#/7）「錯誤代碼」：交易建立 (超商代碼|CVS)
payuni,CVS01002,未有商店代號,,api,error,見 PAYUNi 官方文件（docs.payuni.com.tw/web/#/7）「錯誤代碼」：交易建立 (超商代碼|CVS)
payuni,CVS01003,資料 HASH 比對不符合,,api,error,見 PAYUNi 官方文件（docs.payuni.com.tw/web/#/7）「錯誤代碼」：交易建立 (超商代碼|CVS)
payuni,CVS01004,資料解密失敗,,api,error,見 PAYUNi 官方文件（docs.payuni.com.tw/web/#/7）「錯誤代碼」：交易建立 (超商代碼|CVS)
payuni,CVS01005,解密資料不存在,,api,error,見 PAYUNi 官方文件（docs.payuni.com.tw/web/#/7）「錯誤代碼」：交易建立 (超商代碼|CVS)
payuni,CVS01006,查無符合商店資料,,api,error,見 PAYUNi 官方文件（docs.payuni.com.tw/web/#/7）「錯誤代碼」：交易建立 (超商代碼|CVS)
payuni,CVS01007,超商代碼編譯異常,,api,error,見 PAYUNi 官方文件（docs.payuni.com.tw/web/#/7）「錯誤代碼」：交易建立 (超商代碼|CVS)
payuni,CVS01008,超商代碼取號失敗,,api,error,見 PAYUNi 官方文件（docs.payuni.com.tw/web/#/7）「錯誤代碼」：交易建立 (超商代碼|CVS)
payuni,CVS01019,商店尚未啟用優惠券,,api,error,見 PAYUNi 官方文件（docs.payuni.com.tw/web/#/7）「錯誤代碼」：交易建立 (超商代碼|CVS)
payuni,CVS02001,未有商店代號,,api,error,見 PAYUNi 官方文件（docs.payuni.com.tw/web/#/7）「錯誤代碼」：交易建立 (超商代碼|CVS)
payuni,CVS02002,未有商店訂單編號,,api,error,見 PAYUNi 官方文件（docs.payuni.com.tw/web/#/7）「錯誤代碼」：交易建立 (超商代碼|CVS)
payuni,CVS02003,商店訂單編號，超過長度限制,,api,error,見 PAYUNi 官方文件（docs.payuni.com.tw/web/#/7）「錯誤代碼」：交易建立 (超商代碼|CVS)
payuni,CVS02004,商店訂單編號，格式錯誤,,api,error,見 PAYUNi 官方文件（docs.payuni.com.tw/web/#/7）「錯誤代碼」：交易建立 (超商代碼|CVS)
payuni,CVS02005,未有訂單金額,,api,error,見 PAYUNi 官方文件（docs.payuni.com.tw/web/#/7）「錯誤代碼」：交易建立 (超商代碼|CVS)
payuni,CVS02006,訂單金額，僅可輸入整數,,api,error,見 PAYUNi 官方文件（docs.payuni.com.tw/web/#/7）「錯誤代碼」：交易建立 (超商代碼|CVS)
payuni,CVS02007,訂單金額，格式錯誤,,api,error,見 PAYUNi 官方文件（docs.payuni.com.tw/web/#/7）「錯誤代碼」：交易建立 (超商代碼|CVS)
payuni,CVS02008,未有時間戳記,,api,error,見 PAYUNi 官方文件（docs.payuni.com.tw/web/#/7）「錯誤代碼」：交易建立 (超商代碼|CVS)
payuni,CVS02009,時間戳記，僅可輸入整數,,api,error,見 PAYUNi 官方文件（docs.payuni.com.tw/web/#/7）「錯誤代碼」：交易建立 (超商代碼|CVS)
payuni,CVS02010,時間戳記，已過期,,api,error,見 PAYUNi 官方文件（docs.payuni.com.tw/web/#/7）「錯誤代碼」：交易建立 (超商代碼|CVS)
payuni,CVS02011,繳費期限日期格式有誤，應為日期格式,,api,error,見 PAYUNi 官方文件（docs.payuni.com.tw/web/#/7）「錯誤代碼」：交易建立 (超商代碼|CVS)
payuni,CVS02012,繳費期限日期為無效日期，請重新確認,,api,error,見 PAYUNi 官方文件（docs.payuni.com.tw/web/#/7）「錯誤代碼」：交易建立 (超商代碼|CVS)
payuni,CVS02013,無法載入該超商系統程序檔,,api,error,見 PAYUNi 官方文件（docs.payuni.com.tw/web/#/7）「錯誤代碼」：交易建立 (超商代碼|CVS)
payuni,CVS02014,NotifyURL 格式有誤，請確認,,api,error,見 PAYUNi 官方文件（docs.payuni.com.tw/web/#/7）「錯誤代碼」：交易建立 (超商代碼|CVS)
payuni,CVS02015,寄送信箱，格式錯誤,,api,error,見 PAYUNi 官方文件（docs.payuni.com.tw/web/#/7）「錯誤代碼」：交易建立 (超商代碼|CVS)
payuni,CVS02017,收(寄)件人姓名僅支援輸入中文/英文/數字,,api,error,見 PAYUNi 官方文件（docs.payuni.com.tw/web/#/7）「錯誤代碼」：交易建立 (超商代碼|CVS)
payuni,CVS02018,未有超商代碼,,api,error,見 PAYUNi 官方文件（docs.payuni.com.tw/web/#/7）「錯誤代碼」：交易建立 (超商代碼|CVS)、交易取消(超商代碼|CVS)
payuni,CVS02019,超商代碼長度規格有誤,,api,error,見 PAYUNi 官方文件（docs.payuni.com.tw/web/#/7）「錯誤代碼」：交易建立 (超商代碼|CVS)、交易取消(超商代碼|CVS)
payuni,CVS02020,查無該筆訂單資料,,api,error,見 PAYUNi 官方文件（docs.payuni.com.tw/web/#/7）「錯誤代碼」：交易建立 (超商代碼|CVS)、交易取消(超商代碼|CVS)
payuni,CVS02021,該筆訂單已經無法取消代碼了,,api,error,見 PAYUNi 官方文件（docs.payuni.com.tw/web/#/7）「錯誤代碼」：交易建立 (超商代碼|CVS)、交易取消(超商代碼|CVS)
payuni,CVS02022,該筆訂單因已有物流單已處理，無法取消代碼了,,api,error,見 PAYUNi 官方文件（docs.payuni.com.tw/web/#/7）「錯誤代碼」：交易建立 (超商代碼|CVS)、交易取消(超商代碼|CVS)
payuni,CVS02023,無法取得超商代碼中的驗證碼(4碼),,api,error,見 PAYUNi 官方文件（docs.payuni.com.tw/web/#/7）「錯誤代碼」：交易建立 (超商代碼|CVS)、交易取消(超商代碼|CVS)
payuni,CVS02024,系統異常，無法取得超商代碼編碼流水號,,api,error,見 PAYUNi 官方文件（docs.payuni.com.tw/web/#/7）「錯誤代碼」：交易建立 (超商代碼|CVS)、交易取消(超商代碼|CVS)
payuni,CVS02025,取消超商代碼失敗,,api,error,見 PAYUNi 官方文件（docs.payuni.com.tw/web/#/7）「錯誤代碼」：交易建立 (超商代碼|CVS)、交易取消(超商代碼|CVS)
payuni,CVS02026,系統異常，取消條件不齊全,,api,error,見 PAYUNi 官方文件（docs.payuni.com.tw/web/#/7）「錯誤代碼」：交易建立 (超商代碼|CVS)、交易取消(超商代碼|CVS)
payuni,CVS02027,更新訂單狀態失敗(取消超商代碼),,api,error,見 PAYUNi 官方文件（docs.payuni.com.tw/web/#/7）「錯誤代碼」：交易建立 (超商代碼|CVS)、交易取消(超商代碼|CVS)
payuni,CVS02028,更新物流單狀態失敗(取消超商代碼),,api,error,見 PAYUNi 官方文件（docs.payuni.com.tw/web/#/7）「錯誤代碼」：交易建立 (超商代碼|CVS)
payuni,CVS02029,更新宅配單狀態失敗(取消超商代碼),,api,error,見 PAYUNi 官方文件（docs.payuni.com.tw/web/#/7）「錯誤代碼」：交易建立 (超商代碼|CVS)
payuni,CVS02030,未有買方名稱(抬頭),,api,error,見 PAYUNi 官方文件（docs.payuni.com.tw/web/#/7）「錯誤代碼」：交易建立 (超商代碼|CVS)
payuni,CVS02031,買方統編長度有誤,,api,error,見 PAYUNi 官方文件（docs.payuni.com.tw/web/#/7）「錯誤代碼」：交易建立 (超商代碼|CVS)
payuni,CVS02032,未有消費者電子信箱,,api,error,見 PAYUNi 官方文件（docs.payuni.com.tw/web/#/7）「錯誤代碼」：交易建立 (超商代碼|CVS)
payuni,CVS02033,未有載具類別,,api,error,見 PAYUNi 官方文件（docs.payuni.com.tw/web/#/7）「錯誤代碼」：交易建立 (超商代碼|CVS)
payuni,CVS02034,無法辨識的載具類別,,api,error,見 PAYUNi 官方文件（docs.payuni.com.tw/web/#/7）「錯誤代碼」：交易建立 (超商代碼|CVS)
payuni,CVS02035,載具資料不可為空(手機條碼、自然人憑證條碼或是捐贈碼),,api,error,見 PAYUNi 官方文件（docs.payuni.com.tw/web/#/7）「錯誤代碼」：交易建立 (超商代碼|CVS)
payuni,CVS02036,買方統編格式有誤,,api,error,見 PAYUNi 官方文件（docs.payuni.com.tw/web/#/7）「錯誤代碼」：交易建立 (超商代碼|CVS)
payuni,CVS02037,未有公司統編,,api,error,見 PAYUNi 官方文件（docs.payuni.com.tw/web/#/7）「錯誤代碼」：交易建立 (超商代碼|CVS)
payuni,CVS02038,商店不提供捐贈發票選項,,api,error,見 PAYUNi 官方文件（docs.payuni.com.tw/web/#/7）「錯誤代碼」：交易建立 (超商代碼|CVS)
payuni,CVS02039,此捐贈碼不在商店提供範圍內,,api,error,見 PAYUNi 官方文件（docs.payuni.com.tw/web/#/7）「錯誤代碼」：交易建立 (超商代碼|CVS)
payuni,CVS02040,手機條碼不正確,,api,error,見 PAYUNi 官方文件（docs.payuni.com.tw/web/#/7）「錯誤代碼」：交易建立 (超商代碼|CVS)
payuni,CVS02042,繳費期限最少應設定訂單成立後 2 小時,,api,error,見 PAYUNi 官方文件（docs.payuni.com.tw/web/#/7）「錯誤代碼」：交易建立 (超商代碼|CVS)
payuni,CVS03001,商店未啟用,,api,error,見 PAYUNi 官方文件（docs.payuni.com.tw/web/#/7）「錯誤代碼」：交易建立 (超商代碼|CVS)
payuni,CVS03002,商店未啟用超商代碼服務,,api,error,見 PAYUNi 官方文件（docs.payuni.com.tw/web/#/7）「錯誤代碼」：交易建立 (超商代碼|CVS)
payuni,CVS03003,未有代理商幕後相關設定,,api,error,見 PAYUNi 官方文件（docs.payuni.com.tw/web/#/7）「錯誤代碼」：交易建立 (超商代碼|CVS)
payuni,CVS03004,不提供此IP幕後交易,,api,error,見 PAYUNi 官方文件（docs.payuni.com.tw/web/#/7）「錯誤代碼」：交易建立 (超商代碼|CVS)
payuni,CVS03005,商店未提供超商代碼幕後交易,,api,error,見 PAYUNi 官方文件（docs.payuni.com.tw/web/#/7）「錯誤代碼」：交易建立 (超商代碼|CVS)
payuni,CVS03007,商店未有設定AesType,,api,error,見 PAYUNi 官方文件（docs.payuni.com.tw/web/#/7）「錯誤代碼」：交易建立 (超商代碼|CVS)
payuni,CVS03008,商店AesType不符合,,api,error,見 PAYUNi 官方文件（docs.payuni.com.tw/web/#/7）「錯誤代碼」：交易建立 (超商代碼|CVS)
payuni,CVS04001,已存在相同商店訂單編號,,api,error,見 PAYUNi 官方文件（docs.payuni.com.tw/web/#/7）「錯誤代碼」：交易建立 (超商代碼|CVS)
payuni,CVS04002,未有交易唯一Token,,api,error,見 PAYUNi 官方文件（docs.payuni.com.tw/web/#/7）「錯誤代碼」：交易建立 (超商代碼|CVS)
payuni,CVS04003,訂單已失效,,api,error,見 PAYUNi 官方文件（docs.payuni.com.tw/web/#/7）「錯誤代碼」：交易建立 (超商代碼|CVS)
payuni,CVS04004,訂單失敗,,api,error,見 PAYUNi 官方文件（docs.payuni.com.tw/web/#/7）「錯誤代碼」：交易建立 (超商代碼|CVS)
payuni,CVS04005,訂單已取消,,api,error,見 PAYUNi 官方文件（docs.payuni.com.tw/web/#/7）「錯誤代碼」：交易建立 (超商代碼|CVS)
payuni,CVS06001,未有API處理結果,,api,error,見 PAYUNi 官方文件（docs.payuni.com.tw/web/#/7）「錯誤代碼」：交易建立 (超商代碼|CVS)
payuni,CVS06002,回傳加密失敗,,api,error,見 PAYUNi 官方文件（docs.payuni.com.tw/web/#/7）「錯誤代碼」：交易建立 (超商代碼|CVS)
payuni,CVS06006,無法辨識的取貨後付款方式,,api,error,見 PAYUNi 官方文件（docs.payuni.com.tw/web/#/7）「錯誤代碼」：交易建立 (超商代碼|CVS)
payuni,CVS06032,未有優惠碼,,api,error,見 PAYUNi 官方文件（docs.payuni.com.tw/web/#/7）「錯誤代碼」：交易建立 (超商代碼|CVS)
payuni,CVS06033,折扣金額，格式錯誤,,api,error,見 PAYUNi 官方文件（docs.payuni.com.tw/web/#/7）「錯誤代碼」：交易建立 (超商代碼|CVS)
payuni,CVS06034,有優惠碼時，折扣金額(DiscountAmt)為必要欄位,,api,error,見 PAYUNi 官方文件（docs.payuni.com.tw/web/#/7）「錯誤代碼」：交易建立 (超商代碼|CVS)
payuni,CVS06035,訂單原始金額，格式錯誤,,api,error,見 PAYUNi 官方文件（docs.payuni.com.tw/web/#/7）「錯誤代碼」：交易建立 (超商代碼|CVS)
payuni,CVS06036,有優惠碼時，訂單原始金額(OrderAmt)為必要欄位,,api,error,見 PAYUNi 官方文件（docs.payuni.com.tw/web/#/7）「錯誤代碼」：交易建立 (超商代碼|CVS)
payuni,CVS06037,訂單原始金額(OrderAmt)不等於訂單金額(TradeAmt)+折扣金額(DiscountAmt),,api,error,見 PAYUNi 官方文件（docs.payuni.com.tw/web/#/7）「錯誤代碼」：交易建立 (超商代碼|CVS)
payuni,CVS06038,優惠券發券背景通知網址，格式錯誤,,api,error,見 PAYUNi 官方文件（docs.payuni.com.tw/web/#/7）「錯誤代碼」：交易建立 (超商代碼|CVS)
payuni,CVS05001,交易風控，黑名單(IP)，取得失敗,,api,error,見 PAYUNi 官方文件（docs.payuni.com.tw/web/#/7）「錯誤代碼」：交易建立 (超商代碼|CVS)
payuni,CVS05002,交易風控，黑名單(IP-全平台禁止),,api,error,見 PAYUNi 官方文件（docs.payuni.com.tw/web/#/7）「錯誤代碼」：交易建立 (超商代碼|CVS)
payuni,CVS05003,交易風控，黑名單(IP-該商店禁止),,api,error,見 PAYUNi 官方文件（docs.payuni.com.tw/web/#/7）「錯誤代碼」：交易建立 (超商代碼|CVS)
payuni,CVS05004,交易風控，黑名單(IP-該會員禁止),,api,error,見 PAYUNi 官方文件（docs.payuni.com.tw/web/#/7）「錯誤代碼」：交易建立 (超商代碼|CVS)
payuni,CVS05005,交易風控，白名單(IP),,api,error,見 PAYUNi 官方文件（docs.payuni.com.tw/web/#/7）「錯誤代碼」：交易建立 (超商代碼|CVS)
payuni,REF01001,已達連線處理上限，請稍後再試,,api,error,見 PAYUNi 官方文件（docs.payuni.com.tw/web/#/7）「錯誤代碼」：非信用卡退款轉匯
payuni,REF01002,未有商店代號,,api,error,見 PAYUNi 官方文件（docs.payuni.com.tw/web/#/7）「錯誤代碼」：非信用卡退款轉匯
payuni,REF01003,資料 HASH 比對不符合,,api,error,見 PAYUNi 官方文件（docs.payuni.com.tw/web/#/7）「錯誤代碼」：非信用卡退款轉匯
payuni,REF01004,資料解密失敗,,api,error,見 PAYUNi 官方文件（docs.payuni.com.tw/web/#/7）「錯誤代碼」：非信用卡退款轉匯
payuni,REF01005,解密資料不存在,,api,error,見 PAYUNi 官方文件（docs.payuni.com.tw/web/#/7）「錯誤代碼」：非信用卡退款轉匯
payuni,REF01006,查無符合商店資料,,api,error,見 PAYUNi 官方文件（docs.payuni.com.tw/web/#/7）「錯誤代碼」：非信用卡退款轉匯
payuni,REF01007,網路連線異常,,api,error,見 PAYUNi 官方文件（docs.payuni.com.tw/web/#/7）「錯誤代碼」：非信用卡退款轉匯
payuni,REF01017,未有代理商幕後相關設定,,api,error,見 PAYUNi 官方文件（docs.payuni.com.tw/web/#/7）「錯誤代碼」：非信用卡退款轉匯
payuni,REF01018,不提供此IP幕後交易,,api,error,見 PAYUNi 官方文件（docs.payuni.com.tw/web/#/7）「錯誤代碼」：非信用卡退款轉匯
payuni,REF01019,商店未有設定AesType,,api,error,見 PAYUNi 官方文件（docs.payuni.com.tw/web/#/7）「錯誤代碼」：非信用卡退款轉匯
payuni,REF01020,商店AesType不符合,,api,error,見 PAYUNi 官方文件（docs.payuni.com.tw/web/#/7）「錯誤代碼」：非信用卡退款轉匯
payuni,REF02001,未有商店代號,,api,error,見 PAYUNi 官方文件（docs.payuni.com.tw/web/#/7）「錯誤代碼」：非信用卡退款轉匯
payuni,REF02002,未有商店訂單編號,,api,error,見 PAYUNi 官方文件（docs.payuni.com.tw/web/#/7）「錯誤代碼」：非信用卡退款轉匯
payuni,REF02003,商店訂單編號，超過長度限制,,api,error,見 PAYUNi 官方文件（docs.payuni.com.tw/web/#/7）「錯誤代碼」：非信用卡退款轉匯
payuni,REF02004,商店訂單編號，格式錯誤,,api,error,見 PAYUNi 官方文件（docs.payuni.com.tw/web/#/7）「錯誤代碼」：非信用卡退款轉匯
payuni,REF02005,未有退款金額,,api,error,見 PAYUNi 官方文件（docs.payuni.com.tw/web/#/7）「錯誤代碼」：非信用卡退款轉匯
payuni,REF02006,退款金額，僅可輸入整數,,api,error,見 PAYUNi 官方文件（docs.payuni.com.tw/web/#/7）「錯誤代碼」：非信用卡退款轉匯
payuni,REF02007,退款金額，格式錯誤,,api,error,見 PAYUNi 官方文件（docs.payuni.com.tw/web/#/7）「錯誤代碼」：非信用卡退款轉匯
payuni,REF02008,未有時間戳記,,api,error,見 PAYUNi 官方文件（docs.payuni.com.tw/web/#/7）「錯誤代碼」：非信用卡退款轉匯
payuni,REF02009,時間戳記，僅可輸入整數,,api,error,見 PAYUNi 官方文件（docs.payuni.com.tw/web/#/7）「錯誤代碼」：非信用卡退款轉匯
payuni,REF02010,時間戳記，已過期,,api,error,見 PAYUNi 官方文件（docs.payuni.com.tw/web/#/7）「錯誤代碼」：非信用卡退款轉匯
payuni,REF02011,未有支付方式,,api,error,見 PAYUNi 官方文件（docs.payuni.com.tw/web/#/7）「錯誤代碼」：非信用卡退款轉匯
payuni,REF02012,無法辨識的支付方式,,api,error,見 PAYUNi 官方文件（docs.payuni.com.tw/web/#/7）「錯誤代碼」：非信用卡退款轉匯
payuni,REF02018,無銀行代碼(3碼),,api,error,見 PAYUNi 官方文件（docs.payuni.com.tw/web/#/7）「錯誤代碼」：非信用卡退款轉匯
payuni,REF02019,銀行代碼格式錯誤,,api,error,見 PAYUNi 官方文件（docs.payuni.com.tw/web/#/7）「錯誤代碼」：非信用卡退款轉匯
payuni,REF02020,無銀行[分行代碼](4碼),,api,error,見 PAYUNi 官方文件（docs.payuni.com.tw/web/#/7）「錯誤代碼」：非信用卡退款轉匯
payuni,REF02021,銀行[分行代碼]格式錯誤,,api,error,見 PAYUNi 官方文件（docs.payuni.com.tw/web/#/7）「錯誤代碼」：非信用卡退款轉匯
payuni,REF02022,無收款人金融帳戶號碼,,api,error,見 PAYUNi 官方文件（docs.payuni.com.tw/web/#/7）「錯誤代碼」：非信用卡退款轉匯
payuni,REF02023,收款人金融帳戶號碼格式錯誤,,api,error,見 PAYUNi 官方文件（docs.payuni.com.tw/web/#/7）「錯誤代碼」：非信用卡退款轉匯
payuni,REF02024,無收款人金融帳戶戶名,,api,error,見 PAYUNi 官方文件（docs.payuni.com.tw/web/#/7）「錯誤代碼」：非信用卡退款轉匯
payuni,REF02025,無收款人身分證字號或是公司統編,,api,error,見 PAYUNi 官方文件（docs.payuni.com.tw/web/#/7）「錯誤代碼」：非信用卡退款轉匯
payuni,REF02026,未有UNi序號,,api,error,見 PAYUNi 官方文件（docs.payuni.com.tw/web/#/7）「錯誤代碼」：非信用卡退款轉匯
payuni,REF02028,收款人身分證字號或是公司統編格式有誤,,api,error,見 PAYUNi 官方文件（docs.payuni.com.tw/web/#/7）「錯誤代碼」：非信用卡退款轉匯
payuni,REF02030,UNi序號，超過長度限制,,api,error,見 PAYUNi 官方文件（docs.payuni.com.tw/web/#/7）「錯誤代碼」：非信用卡退款轉匯
payuni,REF02031,UNi序號格式有誤,,api,error,見 PAYUNi 官方文件（docs.payuni.com.tw/web/#/7）「錯誤代碼」：非信用卡退款轉匯
payuni,REF02032,返回商店網址格式有誤,,api,error,見 PAYUNi 官方文件（docs.payuni.com.tw/web/#/7）「錯誤代碼」：非信用卡退款轉匯
payuni,REF02033,前景導回網址，格式錯誤,,api,error,見 PAYUNi 官方文件（docs.payuni.com.tw/web/#/7）「錯誤代碼」：非信用卡退款轉匯
payuni,REF02034,無法取得金融機構名單資料,,api,error,見 PAYUNi 官方文件（docs.payuni.com.tw/web/#/7）「錯誤代碼」：非信用卡退款轉匯
payuni,REF02035,查無該筆訂單資料,,api,error,見 PAYUNi 官方文件（docs.payuni.com.tw/web/#/7）「錯誤代碼」：非信用卡退款轉匯
payuni,REF02036,該訂單支付方式暫不支援退款轉匯相關功能,,api,error,見 PAYUNi 官方文件（docs.payuni.com.tw/web/#/7）「錯誤代碼」：非信用卡退款轉匯
payuni,REF02037,無足夠金額可退款,,api,error,見 PAYUNi 官方文件（docs.payuni.com.tw/web/#/7）「錯誤代碼」：非信用卡退款轉匯
payuni,REF02038,該筆退款訂單的支付工具類別有誤,,api,error,見 PAYUNi 官方文件（docs.payuni.com.tw/web/#/7）「錯誤代碼」：非信用卡退款轉匯
payuni,REF03001,商店未啟用,,api,error,見 PAYUNi 官方文件（docs.payuni.com.tw/web/#/7）「錯誤代碼」：非信用卡退款轉匯
payuni,REF03002,商店未提供非信用卡退款轉匯幕後交易服務,,api,error,見 PAYUNi 官方文件（docs.payuni.com.tw/web/#/7）「錯誤代碼」：非信用卡退款轉匯
payuni,REF03003,商店未啟用非信用卡退款轉匯服務,,api,error,見 PAYUNi 官方文件（docs.payuni.com.tw/web/#/7）「錯誤代碼」：非信用卡退款轉匯
payuni,REF03004,商店退款功能已受限制,,api,error,見 PAYUNi 官方文件（docs.payuni.com.tw/web/#/7）「錯誤代碼」：非信用卡退款轉匯
payuni,REF04001,已存在相同商店訂單編號,,api,error,見 PAYUNi 官方文件（docs.payuni.com.tw/web/#/7）「錯誤代碼」：非信用卡退款轉匯
payuni,REF06001,未有API處理結果,,api,error,見 PAYUNi 官方文件（docs.payuni.com.tw/web/#/7）「錯誤代碼」：非信用卡退款轉匯
payuni,REF06002,回傳加密失敗,,api,error,見 PAYUNi 官方文件（docs.payuni.com.tw/web/#/7）「錯誤代碼」：非信用卡退款轉匯
payuni,REF05001,查無該會員的詳細資料,,api,error,見 PAYUNi 官方文件（docs.payuni.com.tw/web/#/7）「錯誤代碼」：非信用卡退款轉匯
payuni,REF05002,查無該商店的虛擬資金資訊,,api,error,見 PAYUNi 官方文件（docs.payuni.com.tw/web/#/7）「錯誤代碼」：非信用卡退款轉匯
payuni,REF05003,該訂單不為付款完成狀態，無法退款,,api,error,見 PAYUNi 官方文件（docs.payuni.com.tw/web/#/7）「錯誤代碼」：非信用卡退款轉匯
payuni,REF05004,該訂單付款完成日期時間，已超過可退款的期限,,api,error,見 PAYUNi 官方文件（docs.payuni.com.tw/web/#/7）「錯誤代碼」：非信用卡退款轉匯
payuni,REF05005,該帳戶的金融機構分行已不存在或是合併，無法使用,,api,error,見 PAYUNi 官方文件（docs.payuni.com.tw/web/#/7）「錯誤代碼」：非信用卡退款轉匯
payuni,REF05006,已有退款處理中，請先取消退款再重新,,api,error,見 PAYUNi 官方文件（docs.payuni.com.tw/web/#/7）「錯誤代碼」：非信用卡退款轉匯
payuni,REF05007,更新支付金額資料失敗,,api,error,見 PAYUNi 官方文件（docs.payuni.com.tw/web/#/7）「錯誤代碼」：非信用卡退款轉匯
payuni,REF05008,更新預計撥款日期失敗,,api,error,見 PAYUNi 官方文件（docs.payuni.com.tw/web/#/7）「錯誤代碼」：非信用卡退款轉匯
payuni,REF05009,新增退款匯轉資料失敗,,api,error,見 PAYUNi 官方文件（docs.payuni.com.tw/web/#/7）「錯誤代碼」：非信用卡退款轉匯
payuni,REF05010,更新系統流水號末6碼失敗,,api,error,見 PAYUNi 官方文件（docs.payuni.com.tw/web/#/7）「錯誤代碼」：非信用卡退款轉匯
payuni,REF05011,金融機構代碼格式有誤,,api,error,見 PAYUNi 官方文件（docs.payuni.com.tw/web/#/7）「錯誤代碼」：非信用卡退款轉匯
payuni,REF05012,該金融機構分行已將業務移轉至其它分行服務了，請更換其他金融帳戶,,api,error,見 PAYUNi 官方文件（docs.payuni.com.tw/web/#/7）「錯誤代碼」：非信用卡退款轉匯
payuni,REF05013,該筆退款資料已無法取消,,api,error,見 PAYUNi 官方文件（docs.payuni.com.tw/web/#/7）「錯誤代碼」：非信用卡退款轉匯
payuni,REF05014,已超過可取消退款操作的時間,,api,error,見 PAYUNi 官方文件（docs.payuni.com.tw/web/#/7）「錯誤代碼」：非信用卡退款轉匯
payuni,REF05015,更新該筆退款訂單狀態失敗,,api,error,見 PAYUNi 官方文件（docs.payuni.com.tw/web/#/7）「錯誤代碼」：非信用卡退款轉匯
payuni,REF05016,更新該筆訂單失敗,,api,error,見 PAYUNi 官方文件（docs.payuni.com.tw/web/#/7）「錯誤代碼」：非信用卡退款轉匯
payuni,REF05017,更新前筆退款轉匯紀錄狀態失敗,,api,error,見 PAYUNi 官方文件（docs.payuni.com.tw/web/#/7）「錯誤代碼」：非信用卡退款轉匯
payuni,REF05018,更新商店資金池失敗,,api,error,見 PAYUNi 官方文件（docs.payuni.com.tw/web/#/7）「錯誤代碼」：非信用卡退款轉匯
payuni,REF05019,新增帳務明細紀錄表失敗,,api,error,見 PAYUNi 官方文件（docs.payuni.com.tw/web/#/7）「錯誤代碼」：非信用卡退款轉匯
payuni,REF05020,還原預計撥款日期失敗,,api,error,見 PAYUNi 官方文件（docs.payuni.com.tw/web/#/7）「錯誤代碼」：非信用卡退款轉匯
payuni,REF05021,取消退款轉匯申請失敗,,api,error,見 PAYUNi 官方文件（docs.payuni.com.tw/web/#/7）「錯誤代碼」：非信用卡退款轉匯
payuni,QUERY01001,[交易查詢、信用卡綁定查詢 (約定) (CREDIT)] 未有商店代號 / [撥款提領查詢] 解密資料不存在,,api,error,見 PAYUNi 官方文件（docs.payuni.com.tw/web/#/7）「錯誤代碼」：交易查詢、信用卡綁定查詢 (約定) (CREDIT)、撥款提領查詢
payuni,QUERY01002,[交易查詢、信用卡綁定查詢 (約定) (CREDIT)] 資料 HASH 比對不符合 / [撥款提領查詢] 查無符合商店資料,,api,error,見 PAYUNi 官方文件（docs.payuni.com.tw/web/#/7）「錯誤代碼」：交易查詢、信用卡綁定查詢 (約定) (CREDIT)、撥款提領查詢
payuni,QUERY01003,資料解密失敗,,api,error,見 PAYUNi 官方文件（docs.payuni.com.tw/web/#/7）「錯誤代碼」：交易查詢、信用卡綁定查詢 (約定) (CREDIT)
payuni,QUERY01004,解密資料不存在,,api,error,見 PAYUNi 官方文件（docs.payuni.com.tw/web/#/7）「錯誤代碼」：交易查詢、信用卡綁定查詢 (約定) (CREDIT)
payuni,QUERY01005,查無符合商店資料,,api,error,見 PAYUNi 官方文件（docs.payuni.com.tw/web/#/7）「錯誤代碼」：交易查詢、信用卡綁定查詢 (約定) (CREDIT)
payuni,QUERY01006,網路連線異常,,api,error,見 PAYUNi 官方文件（docs.payuni.com.tw/web/#/7）「錯誤代碼」：交易查詢、信用卡綁定查詢 (約定) (CREDIT)
payuni,QUERY02001,[交易查詢、撥款提領查詢] 未有商店代號 / [信用卡綁定查詢 (約定) (CREDIT)] 綁定Token/Hash，請擇一送入,,api,error,見 PAYUNi 官方文件（docs.payuni.com.tw/web/#/7）「錯誤代碼」：交易查詢、信用卡綁定查詢 (約定) (CREDIT)、撥款提領查詢
payuni,QUERY02002,[交易查詢] 商店訂單或訂單編號，請擇一送入 / [信用卡綁定查詢 (約定) (CREDIT)] 未有商店代號 / [撥款提領查詢] 未有查詢日期,,api,error,見 PAYUNi 官方文件（docs.payuni.com.tw/web/#/7）「錯誤代碼」：交易查詢、信用卡綁定查詢 (約定) (CREDIT)、撥款提領查詢
payuni,QUERY02003,[交易查詢] 商店訂單編號，超過長度限制 / [信用卡綁定查詢 (約定) (CREDIT)] 未有時間戳記 / [撥款提領查詢] 查詢日期格式錯誤(yyyy-mm-dd),,api,error,見 PAYUNi 官方文件（docs.payuni.com.tw/web/#/7）「錯誤代碼」：交易查詢、信用卡綁定查詢 (約定) (CREDIT)、撥款提領查詢
payuni,QUERY02004,[交易查詢] 商店訂單編號，格式錯誤 / [信用卡綁定查詢 (約定) (CREDIT)] 時間戳記，僅可輸入整數 / [撥款提領查詢] 查詢日期須30天內，請重新確認,,api,error,見 PAYUNi 官方文件（docs.payuni.com.tw/web/#/7）「錯誤代碼」：交易查詢、信用卡綁定查詢 (約定) (CREDIT)、撥款提領查詢
payuni,QUERY02005,[交易查詢] 訂單編號，超過長度限制 / [信用卡綁定查詢 (約定) (CREDIT)] 時間戳記，已過期 / [撥款提領查詢] 頁碼錯誤，僅可輸入整數,,api,error,見 PAYUNi 官方文件（docs.payuni.com.tw/web/#/7）「錯誤代碼」：交易查詢、信用卡綁定查詢 (約定) (CREDIT)、撥款提領查詢
payuni,QUERY02006,[交易查詢] 訂單編號，格式錯誤 / [信用卡綁定查詢 (約定) (CREDIT)] 未有綁定Token類型,,api,error,見 PAYUNi 官方文件（docs.payuni.com.tw/web/#/7）「錯誤代碼」：交易查詢、信用卡綁定查詢 (約定) (CREDIT)
payuni,QUERY02007,[交易查詢] 未有時間戳記 / [信用卡綁定查詢 (約定) (CREDIT)] 綁定Token類型，格式錯誤,,api,error,見 PAYUNi 官方文件（docs.payuni.com.tw/web/#/7）「錯誤代碼」：交易查詢、信用卡綁定查詢 (約定) (CREDIT)
payuni,QUERY02008,時間戳記，僅可輸入整數,,api,error,見 PAYUNi 官方文件（docs.payuni.com.tw/web/#/7）「錯誤代碼」：交易查詢
payuni,QUERY02009,時間戳記，已過期,,api,error,見 PAYUNi 官方文件（docs.payuni.com.tw/web/#/7）「錯誤代碼」：交易查詢
payuni,QUERY02010,未有查詢類別,,api,error,見 PAYUNi 官方文件（docs.payuni.com.tw/web/#/7）「錯誤代碼」：交易查詢
payuni,QUERY02011,非可使用的查詢類別,,api,error,見 PAYUNi 官方文件（docs.payuni.com.tw/web/#/7）「錯誤代碼」：交易查詢
payuni,QUERY02012,參數格式錯誤(QueryNo),,api,error,見 PAYUNi 官方文件（docs.payuni.com.tw/web/#/7）「錯誤代碼」：交易查詢
payuni,QUERY02013,超過單次可查詢筆數上限,,api,error,見 PAYUNi 官方文件（docs.payuni.com.tw/web/#/7）「錯誤代碼」：交易查詢
payuni,QUERY03001,[交易查詢] 查無符合訂單資料 / [信用卡綁定查詢 (約定) (CREDIT)] 查無符合綁定資料 / [撥款提領查詢] 網路連線異常,,api,error,見 PAYUNi 官方文件（docs.payuni.com.tw/web/#/7）「錯誤代碼」：交易查詢、信用卡綁定查詢 (約定) (CREDIT)、撥款提領查詢
payuni,QUERY04001,未有API處理結果,,api,error,見 PAYUNi 官方文件（docs.payuni.com.tw/web/#/7）「錯誤代碼」：交易查詢、撥款提領查詢
payuni,QUERY04002,回傳加密失敗,,api,error,見 PAYUNi 官方文件（docs.payuni.com.tw/web/#/7）「錯誤代碼」：交易查詢
payuni,CREDIT01000,系統發生錯誤，請聯絡客服,,api,error,見 PAYUNi 官方文件（docs.payuni.com.tw/web/#/7）「錯誤代碼」：交易建立 (信用卡|CREDIT)
payuni,CREDIT01001,已達連線處理上限，請稍後再試,,api,error,見 PAYUNi 官方文件（docs.payuni.com.tw/web/#/7）「錯誤代碼」：交易建立 (信用卡|CREDIT)
payuni,CREDIT01002,未有商店代號,,api,error,見 PAYUNi 官方文件（docs.payuni.com.tw/web/#/7）「錯誤代碼」：交易建立 (信用卡|CREDIT)
payuni,CREDIT01003,資料 HASH 比對不符合,,api,error,見 PAYUNi 官方文件（docs.payuni.com.tw/web/#/7）「錯誤代碼」：交易建立 (信用卡|CREDIT)
payuni,CREDIT01004,資料解密失敗,,api,error,見 PAYUNi 官方文件（docs.payuni.com.tw/web/#/7）「錯誤代碼」：交易建立 (信用卡|CREDIT)
payuni,CREDIT01005,解密資料不存在,,api,error,見 PAYUNi 官方文件（docs.payuni.com.tw/web/#/7）「錯誤代碼」：交易建立 (信用卡|CREDIT)
payuni,CREDIT01006,[交易建立 (信用卡|CREDIT)] 查無符合商店資料 / [交易建立 (信用卡|CREDIT)] 查無符合代理商資料 / [交易建立 (信用卡|CREDIT)] 代理商狀態不符合,,api,error,見 PAYUNi 官方文件（docs.payuni.com.tw/web/#/7）「錯誤代碼」：交易建立 (信用卡|CREDIT)
payuni,CREDIT01007,未有交易 HASH,,api,error,見 PAYUNi 官方文件（docs.payuni.com.tw/web/#/7）「錯誤代碼」：交易建立 (信用卡|CREDIT)
payuni,CREDIT01008,查無符合商店物流資料,,api,error,見 PAYUNi 官方文件（docs.payuni.com.tw/web/#/7）「錯誤代碼」：交易建立 (信用卡|CREDIT)
payuni,CREDIT01009,商店B2C物流服務尚未開通,,api,error,見 PAYUNi 官方文件（docs.payuni.com.tw/web/#/7）「錯誤代碼」：交易建立 (信用卡|CREDIT)
payuni,CREDIT01010,商店C2C物流服務尚未開通,,api,error,見 PAYUNi 官方文件（docs.payuni.com.tw/web/#/7）「錯誤代碼」：交易建立 (信用卡|CREDIT)
payuni,CREDIT01011,商店未啟用B2C物流服務,,api,error,見 PAYUNi 官方文件（docs.payuni.com.tw/web/#/7）「錯誤代碼」：交易建立 (信用卡|CREDIT)
payuni,CREDIT01012,商店未啟用C2C物流服務,,api,error,見 PAYUNi 官方文件（docs.payuni.com.tw/web/#/7）「錯誤代碼」：交易建立 (信用卡|CREDIT)
payuni,CREDIT01013,收(寄)件人姓名僅支援輸入中文/英文/數字,,api,error,見 PAYUNi 官方文件（docs.payuni.com.tw/web/#/7）「錯誤代碼」：交易建立 (信用卡|CREDIT)
payuni,CREDIT02001,未有商店代號,,api,error,見 PAYUNi 官方文件（docs.payuni.com.tw/web/#/7）「錯誤代碼」：交易建立 (信用卡|CREDIT)
payuni,CREDIT02002,未有商店訂單編號,,api,error,見 PAYUNi 官方文件（docs.payuni.com.tw/web/#/7）「錯誤代碼」：交易建立 (信用卡|CREDIT)
payuni,CREDIT02003,商店訂單編號，超過長度限制,,api,error,見 PAYUNi 官方文件（docs.payuni.com.tw/web/#/7）「錯誤代碼」：交易建立 (信用卡|CREDIT)
payuni,CREDIT02004,商店訂單編號，格式錯誤,,api,error,見 PAYUNi 官方文件（docs.payuni.com.tw/web/#/7）「錯誤代碼」：交易建立 (信用卡|CREDIT)
payuni,CREDIT02005,未有訂單金額,,api,error,見 PAYUNi 官方文件（docs.payuni.com.tw/web/#/7）「錯誤代碼」：交易建立 (信用卡|CREDIT)
payuni,CREDIT02006,訂單金額，僅可輸入整數,,api,error,見 PAYUNi 官方文件（docs.payuni.com.tw/web/#/7）「錯誤代碼」：交易建立 (信用卡|CREDIT)
payuni,CREDIT02007,訂單金額，不為允許範圍區間,,api,error,見 PAYUNi 官方文件（docs.payuni.com.tw/web/#/7）「錯誤代碼」：交易建立 (信用卡|CREDIT)
payuni,CREDIT02008,未有時間戳記,,api,error,見 PAYUNi 官方文件（docs.payuni.com.tw/web/#/7）「錯誤代碼」：交易建立 (信用卡|CREDIT)
payuni,CREDIT02009,時間戳記，僅可輸入整數,,api,error,見 PAYUNi 官方文件（docs.payuni.com.tw/web/#/7）「錯誤代碼」：交易建立 (信用卡|CREDIT)
payuni,CREDIT02010,時間戳記，已過期,,api,error,見 PAYUNi 官方文件（docs.payuni.com.tw/web/#/7）「錯誤代碼」：交易建立 (信用卡|CREDIT)
payuni,CREDIT02011,未有信用卡號,,api,error,見 PAYUNi 官方文件（docs.payuni.com.tw/web/#/7）「錯誤代碼」：交易建立 (信用卡|CREDIT)
payuni,CREDIT02012,信用卡號，僅可輸入整數,,api,error,見 PAYUNi 官方文件（docs.payuni.com.tw/web/#/7）「錯誤代碼」：交易建立 (信用卡|CREDIT)
payuni,CREDIT02013,信用卡號，長度限制錯誤,,api,error,見 PAYUNi 官方文件（docs.payuni.com.tw/web/#/7）「錯誤代碼」：交易建立 (信用卡|CREDIT)
payuni,CREDIT02014,未有信用卡到期日,,api,error,見 PAYUNi 官方文件（docs.payuni.com.tw/web/#/7）「錯誤代碼」：交易建立 (信用卡|CREDIT)
payuni,CREDIT02015,信用卡到期日，格式錯誤,,api,error,見 PAYUNi 官方文件（docs.payuni.com.tw/web/#/7）「錯誤代碼」：交易建立 (信用卡|CREDIT)
payuni,CREDIT02016,信用卡到期日，年份格式錯誤,,api,error,見 PAYUNi 官方文件（docs.payuni.com.tw/web/#/7）「錯誤代碼」：交易建立 (信用卡|CREDIT)
payuni,CREDIT02017,信用卡到期日，月份格式錯誤,,api,error,見 PAYUNi 官方文件（docs.payuni.com.tw/web/#/7）「錯誤代碼」：交易建立 (信用卡|CREDIT)
payuni,CREDIT02018,信用卡末三碼，長度限制錯誤,,api,error,見 PAYUNi 官方文件（docs.payuni.com.tw/web/#/7）「錯誤代碼」：交易建立 (信用卡|CREDIT)
payuni,CREDIT02019,信用卡末三碼，格式錯誤,,api,error,見 PAYUNi 官方文件（docs.payuni.com.tw/web/#/7）「錯誤代碼」：交易建立 (信用卡|CREDIT)
payuni,CREDIT02020,信用卡分期數，期數格式錯誤,,api,error,見 PAYUNi 官方文件（docs.payuni.com.tw/web/#/7）「錯誤代碼」：交易建立 (信用卡|CREDIT)
payuni,CREDIT02021,信用卡類型，格式錯誤,,api,error,見 PAYUNi 官方文件（docs.payuni.com.tw/web/#/7）「錯誤代碼」：交易建立 (信用卡|CREDIT)
payuni,CREDIT02022,背景通知網址，格式錯誤,,api,error,見 PAYUNi 官方文件（docs.payuni.com.tw/web/#/7）「錯誤代碼」：交易建立 (信用卡|CREDIT)
payuni,CREDIT02023,未有信用卡末三碼,,api,error,見 PAYUNi 官方文件（docs.payuni.com.tw/web/#/7）「錯誤代碼」：交易建立 (信用卡|CREDIT)
payuni,CREDIT02024,寄送信箱，格式錯誤,,api,error,見 PAYUNi 官方文件（docs.payuni.com.tw/web/#/7）「錯誤代碼」：交易建立 (信用卡|CREDIT)
payuni,CREDIT02025,約定信用卡不存在,,api,error,見 PAYUNi 官方文件（docs.payuni.com.tw/web/#/7）「錯誤代碼」：交易建立 (信用卡|CREDIT)
payuni,CREDIT02026,約定信用卡不符合，限制會員使用,,api,error,見 PAYUNi 官方文件（docs.payuni.com.tw/web/#/7）「錯誤代碼」：交易建立 (信用卡|CREDIT)
payuni,CREDIT02027,約定信用卡不符合，限制商店使用,,api,error,見 PAYUNi 官方文件（docs.payuni.com.tw/web/#/7）「錯誤代碼」：交易建立 (信用卡|CREDIT)
payuni,CREDIT02028,綁定Token，長度超過限制,,api,error,見 PAYUNi 官方文件（docs.payuni.com.tw/web/#/7）「錯誤代碼」：交易建立 (信用卡|CREDIT)
payuni,CREDIT02029,綁定Token，格式錯誤,,api,error,見 PAYUNi 官方文件（docs.payuni.com.tw/web/#/7）「錯誤代碼」：交易建立 (信用卡|CREDIT)
payuni,CREDIT02030,綁定Token類型，格式錯誤,,api,error,見 PAYUNi 官方文件（docs.payuni.com.tw/web/#/7）「錯誤代碼」：交易建立 (信用卡|CREDIT)
payuni,CREDIT02031,綁定有效期間，格式錯誤,,api,error,見 PAYUNi 官方文件（docs.payuni.com.tw/web/#/7）「錯誤代碼」：交易建立 (信用卡|CREDIT)
payuni,CREDIT02032,綁定有效期間，年份格式錯誤,,api,error,見 PAYUNi 官方文件（docs.payuni.com.tw/web/#/7）「錯誤代碼」：交易建立 (信用卡|CREDIT)
payuni,CREDIT02033,綁定有效期間，月份格式錯誤,,api,error,見 PAYUNi 官方文件（docs.payuni.com.tw/web/#/7）「錯誤代碼」：交易建立 (信用卡|CREDIT)
payuni,CREDIT02034,API3D，格式錯誤,,api,error,見 PAYUNi 官方文件（docs.payuni.com.tw/web/#/7）「錯誤代碼」：交易建立 (信用卡|CREDIT)
payuni,CREDIT02035,不提供國外卡分期,,api,error,見 PAYUNi 官方文件（docs.payuni.com.tw/web/#/7）「錯誤代碼」：交易建立 (信用卡|CREDIT)
payuni,CREDIT02036,不提供國外卡紅利,,api,error,見 PAYUNi 官方文件（docs.payuni.com.tw/web/#/7）「錯誤代碼」：交易建立 (信用卡|CREDIT)
payuni,CREDIT02037,物流(取貨不付款)，未有電子信箱,,api,error,見 PAYUNi 官方文件（docs.payuni.com.tw/web/#/7）「錯誤代碼」：交易建立 (信用卡|CREDIT)
payuni,CREDIT02038,物流(取貨不付款)，電子信箱格式錯誤,,api,error,見 PAYUNi 官方文件（docs.payuni.com.tw/web/#/7）「錯誤代碼」：交易建立 (信用卡|CREDIT)
payuni,CREDIT02039,物流(取貨不付款)，未有寄件型態,,api,error,見 PAYUNi 官方文件（docs.payuni.com.tw/web/#/7）「錯誤代碼」：交易建立 (信用卡|CREDIT)
payuni,CREDIT02040,物流(取貨不付款)，無法辨識的寄件型態,,api,error,見 PAYUNi 官方文件（docs.payuni.com.tw/web/#/7）「錯誤代碼」：交易建立 (信用卡|CREDIT)
payuni,CREDIT02041,物流(取貨不付款)，未有物流別,,api,error,見 PAYUNi 官方文件（docs.payuni.com.tw/web/#/7）「錯誤代碼」：交易建立 (信用卡|CREDIT)
payuni,CREDIT02042,物流(取貨不付款)，無法辨識的物流別,,api,error,見 PAYUNi 官方文件（docs.payuni.com.tw/web/#/7）「錯誤代碼」：交易建立 (信用卡|CREDIT)
payuni,CREDIT02043,物流(取貨不付款)，未有超商別,,api,error,見 PAYUNi 官方文件（docs.payuni.com.tw/web/#/7）「錯誤代碼」：交易建立 (信用卡|CREDIT)
payuni,CREDIT02044,物流(取貨不付款)，無法辨識的超商別,,api,error,見 PAYUNi 官方文件（docs.payuni.com.tw/web/#/7）「錯誤代碼」：交易建立 (信用卡|CREDIT)
payuni,CREDIT02045,物流(取貨不付款)，無超商的合作模式資訊,,api,error,見 PAYUNi 官方文件（docs.payuni.com.tw/web/#/7）「錯誤代碼」：交易建立 (信用卡|CREDIT)
payuni,CREDIT02046,物流(取貨不付款)，無法辨識的取貨後付款方式,,api,error,見 PAYUNi 官方文件（docs.payuni.com.tw/web/#/7）「錯誤代碼」：交易建立 (信用卡|CREDIT)
payuni,CREDIT02047,物流(取貨不付款)，無超商的門市代碼,,api,error,見 PAYUNi 官方文件（docs.payuni.com.tw/web/#/7）「錯誤代碼」：交易建立 (信用卡|CREDIT)
payuni,CREDIT02048,[交易建立 (信用卡|CREDIT)] 物流(取貨不付款)，未有收件人姓名 / [交易建立 (信用卡|CREDIT)] 物流(取貨不付款)，收件人姓名，長度超過限制,,api,error,見 PAYUNi 官方文件（docs.payuni.com.tw/web/#/7）「錯誤代碼」：交易建立 (信用卡|CREDIT)
payuni,CREDIT02049,物流(取貨不付款)，未有收件人手機號碼,,api,error,見 PAYUNi 官方文件（docs.payuni.com.tw/web/#/7）「錯誤代碼」：交易建立 (信用卡|CREDIT)
payuni,CREDIT02050,物流(取貨不付款)，手機號碼格式錯誤(09開頭),,api,error,見 PAYUNi 官方文件（docs.payuni.com.tw/web/#/7）「錯誤代碼」：交易建立 (信用卡|CREDIT)
payuni,CREDIT02051,物流(取貨不付款)，暫不支援此物流,,api,error,見 PAYUNi 官方文件（docs.payuni.com.tw/web/#/7）「錯誤代碼」：交易建立 (信用卡|CREDIT)
payuni,CREDIT02052,物流(取貨不付款)，該門市無法配送，請重新選擇門市,,api,error,見 PAYUNi 官方文件（docs.payuni.com.tw/web/#/7）「錯誤代碼」：交易建立 (信用卡|CREDIT)
payuni,CREDIT02053,"""GrantExport參數值錯誤",,api,error,見 PAYUNi 官方文件（docs.payuni.com.tw/web/#/7）「錯誤代碼」：交易建立 (信用卡|CREDIT)
payuni,CREDIT02054,使用Token類型，格式錯誤,,api,error,見 PAYUNi 官方文件（docs.payuni.com.tw/web/#/7）「錯誤代碼」：交易建立 (信用卡|CREDIT)
payuni,CREDIT02055,不提供信用卡(國內卡)交易,,api,error,見 PAYUNi 官方文件（docs.payuni.com.tw/web/#/7）「錯誤代碼」：交易建立 (信用卡|CREDIT)
payuni,CREDIT02056,不提供信用卡(國外卡)交易,,api,error,見 PAYUNi 官方文件（docs.payuni.com.tw/web/#/7）「錯誤代碼」：交易建立 (信用卡|CREDIT)
payuni,CREDIT02057,使用者IP格式錯誤,,api,error,見 PAYUNi 官方文件（docs.payuni.com.tw/web/#/7）「錯誤代碼」：交易建立 (信用卡|CREDIT)
payuni,CREDIT02058,物流(取貨不付款)，收件人電話區碼長度超過限制,,api,error,見 PAYUNi 官方文件（docs.payuni.com.tw/web/#/7）「錯誤代碼」：交易建立 (信用卡|CREDIT)
payuni,CREDIT02059,物流(取貨不付款)，收件人電話區碼格式錯誤,,api,error,見 PAYUNi 官方文件（docs.payuni.com.tw/web/#/7）「錯誤代碼」：交易建立 (信用卡|CREDIT)
payuni,CREDIT02060,物流(取貨不付款)，收件人電話長度超過限制,,api,error,見 PAYUNi 官方文件（docs.payuni.com.tw/web/#/7）「錯誤代碼」：交易建立 (信用卡|CREDIT)
payuni,CREDIT02061,物流(取貨不付款)，收件人電話格式錯誤,,api,error,見 PAYUNi 官方文件（docs.payuni.com.tw/web/#/7）「錯誤代碼」：交易建立 (信用卡|CREDIT)
payuni,CREDIT02062,物流(取貨不付款)，未有收件人地址,,api,error,見 PAYUNi 官方文件（docs.payuni.com.tw/web/#/7）「錯誤代碼」：交易建立 (信用卡|CREDIT)
payuni,CREDIT02063,物流(取貨不付款)，收件人地址長度超過限制,,api,error,見 PAYUNi 官方文件（docs.payuni.com.tw/web/#/7）「錯誤代碼」：交易建立 (信用卡|CREDIT)
payuni,CREDIT02064,物流(取貨不付款)，未有希望配達時間代碼,,api,error,見 PAYUNi 官方文件（docs.payuni.com.tw/web/#/7）「錯誤代碼」：交易建立 (信用卡|CREDIT)
payuni,CREDIT02065,物流(取貨不付款)，無法辨識的希望配達時間代碼,,api,error,見 PAYUNi 官方文件（docs.payuni.com.tw/web/#/7）「錯誤代碼」：交易建立 (信用卡|CREDIT)
payuni,CREDIT02066,物流(取貨不付款)，未有商品說明,,api,error,見 PAYUNi 官方文件（docs.payuni.com.tw/web/#/7）「錯誤代碼」：交易建立 (信用卡|CREDIT)
payuni,CREDIT02067,未有消費者電子信箱,,api,error,見 PAYUNi 官方文件（docs.payuni.com.tw/web/#/7）「錯誤代碼」：交易建立 (信用卡|CREDIT)
payuni,CREDIT02068,未有買方名稱(抬頭),,api,error,見 PAYUNi 官方文件（docs.payuni.com.tw/web/#/7）「錯誤代碼」：交易建立 (信用卡|CREDIT)
payuni,CREDIT02069,未有載具類別,,api,error,見 PAYUNi 官方文件（docs.payuni.com.tw/web/#/7）「錯誤代碼」：交易建立 (信用卡|CREDIT)
payuni,CREDIT02070,無法辨識的載具類別,,api,error,見 PAYUNi 官方文件（docs.payuni.com.tw/web/#/7）「錯誤代碼」：交易建立 (信用卡|CREDIT)
payuni,CREDIT02071,載具資料不可為空,,api,error,見 PAYUNi 官方文件（docs.payuni.com.tw/web/#/7）「錯誤代碼」：交易建立 (信用卡|CREDIT)
payuni,CREDIT02072,載具資料，格式錯誤,,api,error,見 PAYUNi 官方文件（docs.payuni.com.tw/web/#/7）「錯誤代碼」：交易建立 (信用卡|CREDIT)
payuni,CREDIT02073,載具資料，格式錯誤(長度),,api,error,見 PAYUNi 官方文件（docs.payuni.com.tw/web/#/7）「錯誤代碼」：交易建立 (信用卡|CREDIT)
payuni,CREDIT02074,商店不提供捐贈發票選項,,api,error,見 PAYUNi 官方文件（docs.payuni.com.tw/web/#/7）「錯誤代碼」：交易建立 (信用卡|CREDIT)
payuni,CREDIT02078,未有優惠碼,,api,error,見 PAYUNi 官方文件（docs.payuni.com.tw/web/#/7）「錯誤代碼」：交易建立 (信用卡|CREDIT)
payuni,CREDIT02079,折扣金額，格式錯誤,,api,error,見 PAYUNi 官方文件（docs.payuni.com.tw/web/#/7）「錯誤代碼」：交易建立 (信用卡|CREDIT)
payuni,CREDIT02080,有優惠碼時，折扣金額(DiscountAmt)為必要欄位內,,api,error,見 PAYUNi 官方文件（docs.payuni.com.tw/web/#/7）「錯誤代碼」：交易建立 (信用卡|CREDIT)
payuni,CREDIT02081,訂單原始金額，格式錯誤,,api,error,見 PAYUNi 官方文件（docs.payuni.com.tw/web/#/7）「錯誤代碼」：交易建立 (信用卡|CREDIT)
payuni,CREDIT02082,有優惠碼時，訂單原始金額(OrderAmt)為必要欄位,,api,error,見 PAYUNi 官方文件（docs.payuni.com.tw/web/#/7）「錯誤代碼」：交易建立 (信用卡|CREDIT)
payuni,CREDIT02083,訂單原始金額(OrderAmt)不等於訂單金額(TradeAmt)+折扣金額(DiscountAmt),,api,error,見 PAYUNi 官方文件（docs.payuni.com.tw/web/#/7）「錯誤代碼」：交易建立 (信用卡|CREDIT)
payuni,CREDIT02084,優惠券發券背景通知網址，格式錯誤,,api,error,見 PAYUNi 官方文件（docs.payuni.com.tw/web/#/7）「錯誤代碼」：交易建立 (信用卡|CREDIT)
payuni,CREDIT03001,商店未啟用,,api,error,見 PAYUNi 官方文件（docs.payuni.com.tw/web/#/7）「錯誤代碼」：交易建立 (信用卡|CREDIT)
payuni,CREDIT03002,商店未提供信用卡一次,,api,error,見 PAYUNi 官方文件（docs.payuni.com.tw/web/#/7）「錯誤代碼」：交易建立 (信用卡|CREDIT)
payuni,CREDIT03003,商店未提供信用卡分期,,api,error,見 PAYUNi 官方文件（docs.payuni.com.tw/web/#/7）「錯誤代碼」：交易建立 (信用卡|CREDIT)
payuni,CREDIT03004,商店未提供信用卡紅利,,api,error,見 PAYUNi 官方文件（docs.payuni.com.tw/web/#/7）「錯誤代碼」：交易建立 (信用卡|CREDIT)
payuni,CREDIT03005,商店設定為3D商店,,api,error,見 PAYUNi 官方文件（docs.payuni.com.tw/web/#/7）「錯誤代碼」：交易建立 (信用卡|CREDIT)
payuni,CREDIT03006,商店未提供信用卡銀聯,,api,error,見 PAYUNi 官方文件（docs.payuni.com.tw/web/#/7）「錯誤代碼」：交易建立 (信用卡|CREDIT)
payuni,CREDIT03007,商店未提供信用卡幕後交易,,api,error,見 PAYUNi 官方文件（docs.payuni.com.tw/web/#/7）「錯誤代碼」：交易建立 (信用卡|CREDIT)
payuni,CREDIT03008,商店未提供約定信用卡幕後交易,,api,error,見 PAYUNi 官方文件（docs.payuni.com.tw/web/#/7）「錯誤代碼」：交易建立 (信用卡|CREDIT)
payuni,CREDIT03009,未有代理商幕後相關設定,,api,error,見 PAYUNi 官方文件（docs.payuni.com.tw/web/#/7）「錯誤代碼」：交易建立 (信用卡|CREDIT)
payuni,CREDIT03010,不提供此IP幕後交易,,api,error,見 PAYUNi 官方文件（docs.payuni.com.tw/web/#/7）「錯誤代碼」：交易建立 (信用卡|CREDIT)
payuni,CREDIT03012,商店未有設定AesType,,api,error,見 PAYUNi 官方文件（docs.payuni.com.tw/web/#/7）「錯誤代碼」：交易建立 (信用卡|CREDIT)
payuni,CREDIT03013,商店AesType不符合,,api,error,見 PAYUNi 官方文件（docs.payuni.com.tw/web/#/7）「錯誤代碼」：交易建立 (信用卡|CREDIT)
payuni,CREDIT03014,買方會員資料取得(驗證)失敗,,api,error,見 PAYUNi 官方文件（docs.payuni.com.tw/web/#/7）「錯誤代碼」：交易建立 (信用卡|CREDIT)
payuni,CREDIT03015,商店尚未啟用電子發票,,api,error,見 PAYUNi 官方文件（docs.payuni.com.tw/web/#/7）「錯誤代碼」：交易建立 (信用卡|CREDIT)
payuni,CREDIT03016,商店尚未啟用優惠券,,api,error,見 PAYUNi 官方文件（docs.payuni.com.tw/web/#/7）「錯誤代碼」：交易建立 (信用卡|CREDIT)
payuni,CREDIT04001,已存在相同商店訂單編號,,api,error,見 PAYUNi 官方文件（docs.payuni.com.tw/web/#/7）「錯誤代碼」：交易建立 (信用卡|CREDIT)
payuni,CREDIT04002,未有交易唯一Token,,api,error,見 PAYUNi 官方文件（docs.payuni.com.tw/web/#/7）「錯誤代碼」：交易建立 (信用卡|CREDIT)
payuni,CREDIT05001,取得授權閘道失敗,,api,error,見 PAYUNi 官方文件（docs.payuni.com.tw/web/#/7）「錯誤代碼」：交易建立 (信用卡|CREDIT)
payuni,CREDIT05002,授權失敗,,api,error,見 PAYUNi 官方文件（docs.payuni.com.tw/web/#/7）「錯誤代碼」：交易建立 (信用卡|CREDIT)
payuni,CREDIT05003,已取消授權(ECI不符合),,api,error,見 PAYUNi 官方文件（docs.payuni.com.tw/web/#/7）「錯誤代碼」：交易建立 (信用卡|CREDIT)
payuni,CREDIT05004,已取消授權,,api,error,見 PAYUNi 官方文件（docs.payuni.com.tw/web/#/7）「錯誤代碼」：交易建立 (信用卡|CREDIT)
payuni,CREDIT05010,授權連線失敗,,api,error,見 PAYUNi 官方文件（docs.payuni.com.tw/web/#/7）「錯誤代碼」：交易建立 (信用卡|CREDIT)
payuni,CREDIT05011,授權回覆設定失敗,,api,error,見 PAYUNi 官方文件（docs.payuni.com.tw/web/#/7）「錯誤代碼」：交易建立 (信用卡|CREDIT)
payuni,CREDIT06001,未有API處理結果,,api,error,見 PAYUNi 官方文件（docs.payuni.com.tw/web/#/7）「錯誤代碼」：交易建立 (信用卡|CREDIT)
payuni,CREDIT06002,回傳加密失敗,,api,error,見 PAYUNi 官方文件（docs.payuni.com.tw/web/#/7）「錯誤代碼」：交易建立 (信用卡|CREDIT)
payuni,CREDIT07000,系統發生錯誤(00)，請聯絡客服,,api,error,見 PAYUNi 官方文件（docs.payuni.com.tw/web/#/7）「錯誤代碼」：交易建立 (信用卡|CREDIT)
payuni,CREDIT07001,系統發生錯誤(01)，請聯絡客服,,api,error,見 PAYUNi 官方文件（docs.payuni.com.tw/web/#/7）「錯誤代碼」：交易建立 (信用卡|CREDIT)
payuni,CREDIT07002,設定交易風控失敗,,api,error,見 PAYUNi 官方文件（docs.payuni.com.tw/web/#/7）「錯誤代碼」：交易建立 (信用卡|CREDIT)
payuni,CREDIT07003,信用卡交易額度，未設置,,api,error,見 PAYUNi 官方文件（docs.payuni.com.tw/web/#/7）「錯誤代碼」：交易建立 (信用卡|CREDIT)
payuni,CREDIT07004,商店信用卡收款額度已達上限，無法進行信用卡交易,,api,error,見 PAYUNi 官方文件（docs.payuni.com.tw/web/#/7）「錯誤代碼」：交易建立 (信用卡|CREDIT)
payuni,CREDIT07005,信用卡交易風控，同卡號達授權成功上限,,api,error,見 PAYUNi 官方文件（docs.payuni.com.tw/web/#/7）「錯誤代碼」：交易建立 (信用卡|CREDIT)
payuni,CREDIT07006,信用卡交易風控，卡片已鎖定,,api,error,見 PAYUNi 官方文件（docs.payuni.com.tw/web/#/7）「錯誤代碼」：交易建立 (信用卡|CREDIT)
payuni,CREDIT07007,信用卡交易風控，IP已鎖定,,api,error,見 PAYUNi 官方文件（docs.payuni.com.tw/web/#/7）「錯誤代碼」：交易建立 (信用卡|CREDIT)
payuni,CREDIT07008,交易風控，黑名單(卡號)，取得失敗,,api,error,見 PAYUNi 官方文件（docs.payuni.com.tw/web/#/7）「錯誤代碼」：交易建立 (信用卡|CREDIT)
payuni,CREDIT07009,交易風控，黑名單(卡號-全平台禁止),,api,error,見 PAYUNi 官方文件（docs.payuni.com.tw/web/#/7）「錯誤代碼」：交易建立 (信用卡|CREDIT)
payuni,CREDIT07010,交易風控，黑名單(卡號-該商店禁止),,api,error,見 PAYUNi 官方文件（docs.payuni.com.tw/web/#/7）「錯誤代碼」：交易建立 (信用卡|CREDIT)
payuni,CREDIT07011,交易風控，黑名單(卡號-該會員禁止),,api,error,見 PAYUNi 官方文件（docs.payuni.com.tw/web/#/7）「錯誤代碼」：交易建立 (信用卡|CREDIT)
payuni,CREDIT07012,交易風控，黑名單(IP)，取得失敗,,api,error,見 PAYUNi 官方文件（docs.payuni.com.tw/web/#/7）「錯誤代碼」：交易建立 (信用卡|CREDIT)
payuni,CREDIT07013,交易風控，黑名單(IP-全平台禁止),,api,error,見 PAYUNi 官方文件（docs.payuni.com.tw/web/#/7）「錯誤代碼」：交易建立 (信用卡|CREDIT)
payuni,CREDIT07014,交易風控，黑名單(IP-該商店禁止),,api,error,見 PAYUNi 官方文件（docs.payuni.com.tw/web/#/7）「錯誤代碼」：交易建立 (信用卡|CREDIT)
payuni,CREDIT07015,交易風控，黑名單(IP-該會員禁止),,api,error,見 PAYUNi 官方文件（docs.payuni.com.tw/web/#/7）「錯誤代碼」：交易建立 (信用卡|CREDIT)
payuni,CREDIT07016,單筆額度超過限制,,api,error,見 PAYUNi 官方文件（docs.payuni.com.tw/web/#/7）「錯誤代碼」：交易建立 (信用卡|CREDIT)
payuni,CREDIT07017,交易風控(拒絕交易),,api,error,見 PAYUNi 官方文件（docs.payuni.com.tw/web/#/7）「錯誤代碼」：交易建立 (信用卡|CREDIT)
payuni,CREDIT07018,交易風控(拒絕交易),,api,error,見 PAYUNi 官方文件（docs.payuni.com.tw/web/#/7）「錯誤代碼」：交易建立 (信用卡|CREDIT)
payuni,CREDIT08001,建立TokenHash失敗,,api,error,見 PAYUNi 官方文件（docs.payuni.com.tw/web/#/7）「錯誤代碼」：交易建立 (信用卡|CREDIT)
payuni,CREDIT08002,建立幕後3D失敗,,api,error,見 PAYUNi 官方文件（docs.payuni.com.tw/web/#/7）「錯誤代碼」：交易建立 (信用卡|CREDIT)
payuni,CREDIT08003,[交易建立 (信用卡|CREDIT)] 訂單建立失敗，請稍後再試 / [交易建立 (信用卡|CREDIT)] 訂單建立失敗(物流資料失敗)，請稍後再試,,api,error,見 PAYUNi 官方文件（docs.payuni.com.tw/web/#/7）「錯誤代碼」：交易建立 (信用卡|CREDIT)
payuni,CLOSE01001,未有商店代號,,api,error,見 PAYUNi 官方文件（docs.payuni.com.tw/web/#/7）「錯誤代碼」：交易請退款 (信用卡|CREDIT)
payuni,CLOSE01002,資料 HASH 比對不符合,,api,error,見 PAYUNi 官方文件（docs.payuni.com.tw/web/#/7）「錯誤代碼」：交易請退款 (信用卡|CREDIT)
payuni,CLOSE01003,資料解密失敗,,api,error,見 PAYUNi 官方文件（docs.payuni.com.tw/web/#/7）「錯誤代碼」：交易請退款 (信用卡|CREDIT)
payuni,CLOSE01004,解密資料不存在,,api,error,見 PAYUNi 官方文件（docs.payuni.com.tw/web/#/7）「錯誤代碼」：交易請退款 (信用卡|CREDIT)
payuni,CLOSE01005,查無符合商店資料,,api,error,見 PAYUNi 官方文件（docs.payuni.com.tw/web/#/7）「錯誤代碼」：交易請退款 (信用卡|CREDIT)
payuni,CLOSE01006,網路連線異常,,api,error,見 PAYUNi 官方文件（docs.payuni.com.tw/web/#/7）「錯誤代碼」：交易請退款 (信用卡|CREDIT)
payuni,CLOSE01007,商店退款功能已受限制,,api,error,見 PAYUNi 官方文件（docs.payuni.com.tw/web/#/7）「錯誤代碼」：交易請退款 (信用卡|CREDIT)
payuni,CLOSE02001,未有商店代號,,api,error,見 PAYUNi 官方文件（docs.payuni.com.tw/web/#/7）「錯誤代碼」：交易請退款 (信用卡|CREDIT)
payuni,CLOSE02005,訂單編號，超過長度限制,,api,error,見 PAYUNi 官方文件（docs.payuni.com.tw/web/#/7）「錯誤代碼」：交易請退款 (信用卡|CREDIT)
payuni,CLOSE02006,訂單編號，格式錯誤,,api,error,見 PAYUNi 官方文件（docs.payuni.com.tw/web/#/7）「錯誤代碼」：交易請退款 (信用卡|CREDIT)
payuni,CLOSE02007,未有時間戳記,,api,error,見 PAYUNi 官方文件（docs.payuni.com.tw/web/#/7）「錯誤代碼」：交易請退款 (信用卡|CREDIT)
payuni,CLOSE02008,時間戳記，僅可輸入整數,,api,error,見 PAYUNi 官方文件（docs.payuni.com.tw/web/#/7）「錯誤代碼」：交易請退款 (信用卡|CREDIT)
payuni,CLOSE02009,時間戳記，已過期,,api,error,見 PAYUNi 官方文件（docs.payuni.com.tw/web/#/7）「錯誤代碼」：交易請退款 (信用卡|CREDIT)
payuni,CLOSE02010,未有請退款金額,,api,error,見 PAYUNi 官方文件（docs.payuni.com.tw/web/#/7）「錯誤代碼」：交易請退款 (信用卡|CREDIT)
payuni,CLOSE02011,請退款金額，僅可輸入整數,,api,error,見 PAYUNi 官方文件（docs.payuni.com.tw/web/#/7）「錯誤代碼」：交易請退款 (信用卡|CREDIT)
payuni,CLOSE02012,請退款金額，格式錯誤,,api,error,見 PAYUNi 官方文件（docs.payuni.com.tw/web/#/7）「錯誤代碼」：交易請退款 (信用卡|CREDIT)
payuni,CLOSE02013,未有執行類別,,api,error,見 PAYUNi 官方文件（docs.payuni.com.tw/web/#/7）「錯誤代碼」：交易請退款 (信用卡|CREDIT)
payuni,CLOSE02014,執行類別，僅可輸入整數,,api,error,見 PAYUNi 官方文件（docs.payuni.com.tw/web/#/7）「錯誤代碼」：交易請退款 (信用卡|CREDIT)
payuni,CLOSE02015,執行類別，數值錯誤,,api,error,見 PAYUNi 官方文件（docs.payuni.com.tw/web/#/7）「錯誤代碼」：交易請退款 (信用卡|CREDIT)
payuni,CLOSE02016,未有訂單編號,,api,error,見 PAYUNi 官方文件（docs.payuni.com.tw/web/#/7）「錯誤代碼」：交易請退款 (信用卡|CREDIT)
payuni,CLOSE03001,處理失敗,,api,error,見 PAYUNi 官方文件（docs.payuni.com.tw/web/#/7）「錯誤代碼」：交易請退款 (信用卡|CREDIT)
payuni,CLOSE04001,未有API處理結果,,api,error,見 PAYUNi 官方文件（docs.payuni.com.tw/web/#/7）「錯誤代碼」：交易請退款 (信用卡|CREDIT)
payuni,CLOSE04002,回傳加密失敗,,api,error,見 PAYUNi 官方文件（docs.payuni.com.tw/web/#/7）「錯誤代碼」：交易請退款 (信用卡|CREDIT)
payuni,CANCEL01001,未有商店代號,,api,error,見 PAYUNi 官方文件（docs.payuni.com.tw/web/#/7）「錯誤代碼」：交易取消授權 (信用卡|CREDIT)、信用卡綁定取消 (約定/快速) (CREDIT)
payuni,CANCEL01002,資料 HASH 比對不符合,,api,error,見 PAYUNi 官方文件（docs.payuni.com.tw/web/#/7）「錯誤代碼」：交易取消授權 (信用卡|CREDIT)、信用卡綁定取消 (約定/快速) (CREDIT)
payuni,CANCEL01003,資料解密失敗,,api,error,見 PAYUNi 官方文件（docs.payuni.com.tw/web/#/7）「錯誤代碼」：交易取消授權 (信用卡|CREDIT)、信用卡綁定取消 (約定/快速) (CREDIT)
payuni,CANCEL01004,解密資料不存在,,api,error,見 PAYUNi 官方文件（docs.payuni.com.tw/web/#/7）「錯誤代碼」：交易取消授權 (信用卡|CREDIT)、信用卡綁定取消 (約定/快速) (CREDIT)
payuni,CANCEL01005,查無符合商店資料,,api,error,見 PAYUNi 官方文件（docs.payuni.com.tw/web/#/7）「錯誤代碼」：交易取消授權 (信用卡|CREDIT)、信用卡綁定取消 (約定/快速) (CREDIT)
payuni,CANCEL01006,網路連線異常,,api,error,見 PAYUNi 官方文件（docs.payuni.com.tw/web/#/7）「錯誤代碼」：交易取消授權 (信用卡|CREDIT)、信用卡綁定取消 (約定/快速) (CREDIT)
payuni,CANCEL02001,未有商店代號,,api,error,見 PAYUNi 官方文件（docs.payuni.com.tw/web/#/7）「錯誤代碼」：交易取消授權 (信用卡|CREDIT)、信用卡綁定取消 (約定/快速) (CREDIT)
payuni,CANCEL02005,[交易取消授權 (信用卡|CREDIT)] 訂單編號，超過長度限制 / [信用卡綁定取消 (約定/快速) (CREDIT)] 未有綁定類型,,api,error,見 PAYUNi 官方文件（docs.payuni.com.tw/web/#/7）「錯誤代碼」：交易取消授權 (信用卡|CREDIT)、信用卡綁定取消 (約定/快速) (CREDIT)
payuni,CANCEL02006,[交易取消授權 (信用卡|CREDIT)] 訂單編號，格式錯誤 / [信用卡綁定取消 (約定/快速) (CREDIT)] 綁定類型，格式錯誤,,api,error,見 PAYUNi 官方文件（docs.payuni.com.tw/web/#/7）「錯誤代碼」：交易取消授權 (信用卡|CREDIT)、信用卡綁定取消 (約定/快速) (CREDIT)
payuni,CANCEL02007,[交易取消授權 (信用卡|CREDIT)] 未有時間戳記 / [信用卡綁定取消 (約定/快速) (CREDIT)] 未有綁定唯一值,,api,error,見 PAYUNi 官方文件（docs.payuni.com.tw/web/#/7）「錯誤代碼」：交易取消授權 (信用卡|CREDIT)、信用卡綁定取消 (約定/快速) (CREDIT)
payuni,CANCEL02008,[交易取消授權 (信用卡|CREDIT)] 時間戳記，僅可輸入整數 / [信用卡綁定取消 (約定/快速) (CREDIT)] 未有綁定Token類型,,api,error,見 PAYUNi 官方文件（docs.payuni.com.tw/web/#/7）「錯誤代碼」：交易取消授權 (信用卡|CREDIT)、信用卡綁定取消 (約定/快速) (CREDIT)
payuni,CANCEL02009,[交易取消授權 (信用卡|CREDIT)] 時間戳記，已過期 / [信用卡綁定取消 (約定/快速) (CREDIT)] 綁定Token類型，格式錯誤,,api,error,見 PAYUNi 官方文件（docs.payuni.com.tw/web/#/7）「錯誤代碼」：交易取消授權 (信用卡|CREDIT)、信用卡綁定取消 (約定/快速) (CREDIT)
payuni,CANCEL02010,未有訂單編號,,api,error,見 PAYUNi 官方文件（docs.payuni.com.tw/web/#/7）「錯誤代碼」：交易取消授權 (信用卡|CREDIT)
payuni,CANCEL03001,[交易取消授權 (信用卡|CREDIT)] 取消授權失敗 / [信用卡綁定取消 (約定/快速) (CREDIT)] 取消失敗,,api,error,見 PAYUNi 官方文件（docs.payuni.com.tw/web/#/7）「錯誤代碼」：交易取消授權 (信用卡|CREDIT)、信用卡綁定取消 (約定/快速) (CREDIT)
payuni,CANCEL04001,未有API處理結果,,api,error,見 PAYUNi 官方文件（docs.payuni.com.tw/web/#/7）「錯誤代碼」：交易取消授權 (信用卡|CREDIT)
payuni,CANCEL04002,回傳加密失敗,,api,error,見 PAYUNi 官方文件（docs.payuni.com.tw/web/#/7）「錯誤代碼」：交易取消授權 (信用卡|CREDIT)
payuni,QUERY03002,[信用卡綁定查詢 (約定) (CREDIT)] 查詢綁定資料失敗，不符合該會員 / [撥款提領查詢] 查無符合撥款/提領資料,,api,error,見 PAYUNi 官方文件（docs.payuni.com.tw/web/#/7）「錯誤代碼」：信用卡綁定查詢 (約定) (CREDIT)、撥款提領查詢
payuni,QUERY03003,查詢綁定資料失敗，不符合該商店,,api,error,見 PAYUNi 官方文件（docs.payuni.com.tw/web/#/7）「錯誤代碼」：信用卡綁定查詢 (約定) (CREDIT)
payuni,CANCEL02002,未有時間戳記,,api,error,見 PAYUNi 官方文件（docs.payuni.com.tw/web/#/7）「錯誤代碼」：信用卡綁定取消 (約定/快速) (CREDIT)
payuni,CANCEL02003,時間戳記，僅可輸入整數,,api,error,見 PAYUNi 官方文件（docs.payuni.com.tw/web/#/7）「錯誤代碼」：信用卡綁定取消 (約定/快速) (CREDIT)
payuni,CANCEL02004,時間戳記，已過期,,api,error,見 PAYUNi 官方文件（docs.payuni.com.tw/web/#/7）「錯誤代碼」：信用卡綁定取消 (約定/快速) (CREDIT)
payuni,ICASH01008,查無符合商店資料(MID),,api,error,見 PAYUNi 官方文件（docs.payuni.com.tw/web/#/7）「錯誤代碼」：交易建立 (愛金卡|ICASH)
payuni,ICASH02001,未有商店代號,,api,error,見 PAYUNi 官方文件（docs.payuni.com.tw/web/#/7）「錯誤代碼」：交易建立 (愛金卡|ICASH)
payuni,ICASH02002,未有商店訂單編號,,api,error,見 PAYUNi 官方文件（docs.payuni.com.tw/web/#/7）「錯誤代碼」：交易建立 (愛金卡|ICASH)
payuni,ICASH02003,商店訂單編號，超過長度限制,,api,error,見 PAYUNi 官方文件（docs.payuni.com.tw/web/#/7）「錯誤代碼」：交易建立 (愛金卡|ICASH)
payuni,ICASH02004,商店訂單編號，格式錯誤,,api,error,見 PAYUNi 官方文件（docs.payuni.com.tw/web/#/7）「錯誤代碼」：交易建立 (愛金卡|ICASH)
payuni,ICASH02005,未有訂單金額,,api,error,見 PAYUNi 官方文件（docs.payuni.com.tw/web/#/7）「錯誤代碼」：交易建立 (愛金卡|ICASH)
payuni,ICASH02006,訂單金額，僅可輸入整數,,api,error,見 PAYUNi 官方文件（docs.payuni.com.tw/web/#/7）「錯誤代碼」：交易建立 (愛金卡|ICASH)
payuni,ICASH02007,訂單金額，格式錯誤,,api,error,見 PAYUNi 官方文件（docs.payuni.com.tw/web/#/7）「錯誤代碼」：交易建立 (愛金卡|ICASH)
payuni,ICASH02008,未有時間戳記,,api,error,見 PAYUNi 官方文件（docs.payuni.com.tw/web/#/7）「錯誤代碼」：交易建立 (愛金卡|ICASH)
payuni,ICASH02009,時間戳記，僅可輸入整數,,api,error,見 PAYUNi 官方文件（docs.payuni.com.tw/web/#/7）「錯誤代碼」：交易建立 (愛金卡|ICASH)
payuni,ICASH02010,時間戳記，已過期,,api,error,見 PAYUNi 官方文件（docs.payuni.com.tw/web/#/7）「錯誤代碼」：交易建立 (愛金卡|ICASH)
payuni,ICASH02011,背景通知網址，格式錯誤,,api,error,見 PAYUNi 官方文件（docs.payuni.com.tw/web/#/7）「錯誤代碼」：交易建立 (愛金卡|ICASH)
payuni,ICASH02012,寄送信箱，格式錯誤,,api,error,見 PAYUNi 官方文件（docs.payuni.com.tw/web/#/7）「錯誤代碼」：交易建立 (愛金卡|ICASH)
payuni,ICASH02017,未有優惠碼,,api,error,見 PAYUNi 官方文件（docs.payuni.com.tw/web/#/7）「錯誤代碼」：交易建立 (愛金卡|ICASH)
payuni,ICASH02018,折扣金額，格式錯誤,,api,error,見 PAYUNi 官方文件（docs.payuni.com.tw/web/#/7）「錯誤代碼」：交易建立 (愛金卡|ICASH)
payuni,ICASH02019,有優惠碼時，折扣金額(DiscountAmt)為必要欄位,,api,error,見 PAYUNi 官方文件（docs.payuni.com.tw/web/#/7）「錯誤代碼」：交易建立 (愛金卡|ICASH)
payuni,ICASH02020,訂單原始金額，格式錯誤,,api,error,見 PAYUNi 官方文件（docs.payuni.com.tw/web/#/7）「錯誤代碼」：交易建立 (愛金卡|ICASH)
payuni,ICASH02021,有優惠碼時，訂單原始金額(OrderAmt)為必要欄位,,api,error,見 PAYUNi 官方文件（docs.payuni.com.tw/web/#/7）「錯誤代碼」：交易建立 (愛金卡|ICASH)
payuni,ICASH02022,訂單原始金額(OrderAmt)不等於訂單金額(TradeAmt)+折扣金額(DiscountAmt),,api,error,見 PAYUNi 官方文件（docs.payuni.com.tw/web/#/7）「錯誤代碼」：交易建立 (愛金卡|ICASH)
payuni,ICASH02023,優惠券發券背景通知網址，格式錯誤,,api,error,見 PAYUNi 官方文件（docs.payuni.com.tw/web/#/7）「錯誤代碼」：交易建立 (愛金卡|ICASH)
payuni,ICASH03001,商店未啟用,,api,error,見 PAYUNi 官方文件（docs.payuni.com.tw/web/#/7）「錯誤代碼」：交易建立 (愛金卡|ICASH)
payuni,ICASH03002,商店未提供ICash支付,,api,error,見 PAYUNi 官方文件（docs.payuni.com.tw/web/#/7）「錯誤代碼」：交易建立 (愛金卡|ICASH)
payuni,ICASH04001,已存在相同商店訂單編號,,api,error,見 PAYUNi 官方文件（docs.payuni.com.tw/web/#/7）「錯誤代碼」：交易建立 (愛金卡|ICASH)
payuni,ICASH04002,未有交易唯一Token,,api,error,見 PAYUNi 官方文件（docs.payuni.com.tw/web/#/7）「錯誤代碼」：交易建立 (愛金卡|ICASH)
payuni,ICASH05001,產生QRCode(未有訂單編號),,api,error,見 PAYUNi 官方文件（docs.payuni.com.tw/web/#/7）「錯誤代碼」：交易建立 (愛金卡|ICASH)
payuni,ICASH05002,產生QRCode(未有訂單金額),,api,error,見 PAYUNi 官方文件（docs.payuni.com.tw/web/#/7）「錯誤代碼」：交易建立 (愛金卡|ICASH)
payuni,ICASH05003,未有對應處理網址,,api,error,見 PAYUNi 官方文件（docs.payuni.com.tw/web/#/7）「錯誤代碼」：交易建立 (愛金卡|ICASH)
payuni,ICASH05004,未有申請完成檔案,,api,error,見 PAYUNi 官方文件（docs.payuni.com.tw/web/#/7）「錯誤代碼」：交易建立 (愛金卡|ICASH)
payuni,ICASH05005,加密KEY空白,,api,error,見 PAYUNi 官方文件（docs.payuni.com.tw/web/#/7）「錯誤代碼」：交易建立 (愛金卡|ICASH)
payuni,ICASH05006,簽章KEY空白,,api,error,見 PAYUNi 官方文件（docs.payuni.com.tw/web/#/7）「錯誤代碼」：交易建立 (愛金卡|ICASH)
payuni,ICASH05007,資料加密失敗,,api,error,見 PAYUNi 官方文件（docs.payuni.com.tw/web/#/7）「錯誤代碼」：交易建立 (愛金卡|ICASH)
payuni,ICASH05008,資料簽章失敗,,api,error,見 PAYUNi 官方文件（docs.payuni.com.tw/web/#/7）「錯誤代碼」：交易建立 (愛金卡|ICASH)
payuni,ICASH05009,連線失敗,,api,error,見 PAYUNi 官方文件（docs.payuni.com.tw/web/#/7）「錯誤代碼」：交易建立 (愛金卡|ICASH)
payuni,ICASH05010,未有回傳代碼,,api,error,見 PAYUNi 官方文件（docs.payuni.com.tw/web/#/7）「錯誤代碼」：交易建立 (愛金卡|ICASH)
payuni,ICASH05011,回傳解析失敗,,api,error,見 PAYUNi 官方文件（docs.payuni.com.tw/web/#/7）「錯誤代碼」：交易建立 (愛金卡|ICASH)
payuni,ICASH05012,回傳參數缺失,,api,error,見 PAYUNi 官方文件（docs.payuni.com.tw/web/#/7）「錯誤代碼」：交易建立 (愛金卡|ICASH)
payuni,ICASH05013,處理失敗,,api,error,見 PAYUNi 官方文件（docs.payuni.com.tw/web/#/7）「錯誤代碼」：交易建立 (愛金卡|ICASH)
payuni,ICASH07001,付款失敗,,api,error,見 PAYUNi 官方文件（docs.payuni.com.tw/web/#/7）「錯誤代碼」：交易建立 (愛金卡|ICASH)
payuni,REFUND01001,未有商店代號,,api,error,見 PAYUNi 官方文件（docs.payuni.com.tw/web/#/7）「錯誤代碼」：交易退款 (愛金卡|ICASH)、交易退款 (後支付|AFTEE)、交易退款 (LINE PAY)、交易退款（街口支付）
payuni,REFUND01002,資料 HASH 比對不符合,,api,error,見 PAYUNi 官方文件（docs.payuni.com.tw/web/#/7）「錯誤代碼」：交易退款 (愛金卡|ICASH)、交易退款 (後支付|AFTEE)、交易退款 (LINE PAY)、交易退款（街口支付）
payuni,REFUND01003,資料解密失敗,,api,error,見 PAYUNi 官方文件（docs.payuni.com.tw/web/#/7）「錯誤代碼」：交易退款 (愛金卡|ICASH)、交易退款 (後支付|AFTEE)、交易退款 (LINE PAY)、交易退款（街口支付）
payuni,REFUND01004,解密資料不存在,,api,error,見 PAYUNi 官方文件（docs.payuni.com.tw/web/#/7）「錯誤代碼」：交易退款 (愛金卡|ICASH)、交易退款 (後支付|AFTEE)、交易退款 (LINE PAY)、交易退款（街口支付）
payuni,REFUND01005,[交易退款 (愛金卡|ICASH)、交易退款（街口支付）] 查無符合代理商資料 / [交易退款 (愛金卡|ICASH)、交易退款 (後支付|AFTEE)、交易退款 (LINE PAY)、交易退款（街口支付）] 查無符合商店資料 / [交易退款 (愛金卡|ICASH)、交易退款（街口支付）] 代理商狀態不符合 / [交易退款 (愛金卡|ICASH)、交易退款（街口支付）] 商店狀態不符合,,api,error,見 PAYUNi 官方文件（docs.payuni.com.tw/web/#/7）「錯誤代碼」：交易退款 (愛金卡|ICASH)、交易退款 (後支付|AFTEE)、交易退款 (LINE PAY)、交易退款（街口支付）
payuni,REFUND01006,網路連線異常,,api,error,見 PAYUNi 官方文件（docs.payuni.com.tw/web/#/7）「錯誤代碼」：交易退款 (愛金卡|ICASH)、交易退款 (後支付|AFTEE)、交易退款 (LINE PAY)、交易退款（街口支付）
payuni,REFUND01007,查無符合商店資料(MID),,api,error,見 PAYUNi 官方文件（docs.payuni.com.tw/web/#/7）「錯誤代碼」：交易退款 (愛金卡|ICASH)、交易退款（街口支付）
payuni,REFUND01008,商店退款功能已受限制,,api,error,見 PAYUNi 官方文件（docs.payuni.com.tw/web/#/7）「錯誤代碼」：交易退款 (愛金卡|ICASH)、交易退款 (後支付|AFTEE)、交易退款 (LINE PAY)、交易退款（街口支付）
payuni,REFUND02001,未有商店代號,,api,error,見 PAYUNi 官方文件（docs.payuni.com.tw/web/#/7）「錯誤代碼」：交易退款 (愛金卡|ICASH)、交易退款 (後支付|AFTEE)、交易退款 (LINE PAY)、交易退款（街口支付）
payuni,REFUND02002,未有訂單編號,,api,error,見 PAYUNi 官方文件（docs.payuni.com.tw/web/#/7）「錯誤代碼」：交易退款 (愛金卡|ICASH)、交易退款 (後支付|AFTEE)、交易退款 (LINE PAY)、交易退款（街口支付）
payuni,REFUND02003,訂單編號，超過長度限制,,api,error,見 PAYUNi 官方文件（docs.payuni.com.tw/web/#/7）「錯誤代碼」：交易退款 (愛金卡|ICASH)、交易退款 (後支付|AFTEE)、交易退款 (LINE PAY)、交易退款（街口支付）
payuni,REFUND02004,訂單編號，格式錯誤,,api,error,見 PAYUNi 官方文件（docs.payuni.com.tw/web/#/7）「錯誤代碼」：交易退款 (愛金卡|ICASH)、交易退款 (後支付|AFTEE)、交易退款 (LINE PAY)、交易退款（街口支付）
payuni,REFUND02005,未有時間戳記,,api,error,見 PAYUNi 官方文件（docs.payuni.com.tw/web/#/7）「錯誤代碼」：交易退款 (愛金卡|ICASH)、交易退款 (後支付|AFTEE)、交易退款 (LINE PAY)、交易退款（街口支付）
payuni,REFUND02006,時間戳記，僅可輸入整數,,api,error,見 PAYUNi 官方文件（docs.payuni.com.tw/web/#/7）「錯誤代碼」：交易退款 (愛金卡|ICASH)、交易退款 (後支付|AFTEE)、交易退款 (LINE PAY)、交易退款（街口支付）
payuni,REFUND02007,時間戳記，已過期,,api,error,見 PAYUNi 官方文件（docs.payuni.com.tw/web/#/7）「錯誤代碼」：交易退款 (愛金卡|ICASH)、交易退款 (後支付|AFTEE)、交易退款 (LINE PAY)、交易退款（街口支付）
payuni,REFUND02008,未有退款金額,,api,error,見 PAYUNi 官方文件（docs.payuni.com.tw/web/#/7）「錯誤代碼」：交易退款 (愛金卡|ICASH)、交易退款 (後支付|AFTEE)、交易退款 (LINE PAY)、交易退款（街口支付）
payuni,REFUND02009,退款金額，僅可輸入整數,,api,error,見 PAYUNi 官方文件（docs.payuni.com.tw/web/#/7）「錯誤代碼」：交易退款 (愛金卡|ICASH)、交易退款 (後支付|AFTEE)、交易退款 (LINE PAY)、交易退款（街口支付）
payuni,REFUND02010,退款金額，格式錯誤,,api,error,見 PAYUNi 官方文件（docs.payuni.com.tw/web/#/7）「錯誤代碼」：交易退款 (愛金卡|ICASH)、交易退款 (後支付|AFTEE)、交易退款 (LINE PAY)、交易退款（街口支付）
payuni,REFUND03001,[交易退款 (愛金卡|ICASH)、交易退款 (LINE PAY)、交易退款（街口支付）] 查無符合訂單資料 / [交易退款 (後支付|AFTEE)] 查無符合訂單資料(AFTEE),,api,error,見 PAYUNi 官方文件（docs.payuni.com.tw/web/#/7）「錯誤代碼」：交易退款 (愛金卡|ICASH)、交易退款 (後支付|AFTEE)、交易退款 (LINE PAY)、交易退款（街口支付）
payuni,REFUND03002,[交易退款 (愛金卡|ICASH)] 訂單不為愛金卡 / [交易退款 (後支付|AFTEE)] 訂單不為後支付(AFTEE) / [交易退款 (LINE PAY)] 訂單不為LinePay / [交易退款（街口支付）] 訂單不為JKoPay,,api,error,見 PAYUNi 官方文件（docs.payuni.com.tw/web/#/7）「錯誤代碼」：交易退款 (愛金卡|ICASH)、交易退款 (後支付|AFTEE)、交易退款 (LINE PAY)、交易退款（街口支付）
payuni,REFUND03003,[交易退款 (愛金卡|ICASH)、交易退款 (LINE PAY)、交易退款（街口支付）] 訂單不為付款成功 / [交易退款 (後支付|AFTEE)] 訂單不為付款成功(AFTEE),,api,error,見 PAYUNi 官方文件（docs.payuni.com.tw/web/#/7）「錯誤代碼」：交易退款 (愛金卡|ICASH)、交易退款 (後支付|AFTEE)、交易退款 (LINE PAY)、交易退款（街口支付）
payuni,REFUND03004,[交易退款 (愛金卡|ICASH)] 退款金額需為全額 / [交易退款 (後支付|AFTEE)] 未有訂單ID(AFTEE) / [交易退款 (LINE PAY)] 未有LinePay序號 / [交易退款（街口支付）] 超過可退款金額(JKoPay),,api,error,見 PAYUNi 官方文件（docs.payuni.com.tw/web/#/7）「錯誤代碼」：交易退款 (愛金卡|ICASH)、交易退款 (後支付|AFTEE)、交易退款 (LINE PAY)、交易退款（街口支付）
payuni,REFUND03005,[交易退款 (愛金卡|ICASH)] 已有退款紀錄 / [交易退款 (後支付|AFTEE)] 未有訂單KEY(AFTEE) / [交易退款 (LINE PAY)] 超過可退款金額(LinePay),,api,error,見 PAYUNi 官方文件（docs.payuni.com.tw/web/#/7）「錯誤代碼」：交易退款 (愛金卡|ICASH)、交易退款 (後支付|AFTEE)、交易退款 (LINE PAY)
payuni,REFUND03006,未有愛金卡序號,,api,error,見 PAYUNi 官方文件（docs.payuni.com.tw/web/#/7）「錯誤代碼」：交易退款 (愛金卡|ICASH)
payuni,REFUND04001,[交易退款 (愛金卡|ICASH)、交易退款 (LINE PAY)] 未有對應處理網址 / [交易退款 (後支付|AFTEE)] 查無符合訂單(AFTEE) / [交易退款（街口支付）] 連線失敗,,api,error,見 PAYUNi 官方文件（docs.payuni.com.tw/web/#/7）「錯誤代碼」：交易退款 (愛金卡|ICASH)、交易退款 (後支付|AFTEE)、交易退款 (LINE PAY)、交易退款（街口支付）
payuni,REFUND04002,[交易退款 (愛金卡|ICASH)] 未有申請完成檔案 / [交易退款 (後支付|AFTEE)] 訂單編號比對不符合(AFTEE) / [交易退款 (LINE PAY)] 未有ChannelKey / [交易退款（街口支付）] 查無符合訂單(街口),,api,error,見 PAYUNi 官方文件（docs.payuni.com.tw/web/#/7）「錯誤代碼」：交易退款 (愛金卡|ICASH)、交易退款 (後支付|AFTEE)、交易退款 (LINE PAY)、交易退款（街口支付）
payuni,REFUND04003,[交易退款 (愛金卡|ICASH)] 加密KEY空白 / [交易退款 (後支付|AFTEE)] 訂單未審核通過(AFTEE) / [交易退款 (LINE PAY)] 未有SecretKey / [交易退款（街口支付）] 訂單不為付款成功(街口),,api,error,見 PAYUNi 官方文件（docs.payuni.com.tw/web/#/7）「錯誤代碼」：交易退款 (愛金卡|ICASH)、交易退款 (後支付|AFTEE)、交易退款 (LINE PAY)、交易退款（街口支付）
payuni,REFUND04004,[交易退款 (愛金卡|ICASH)] 簽章KEY空白 / [交易退款 (後支付|AFTEE)] 訂單未有授權Token(AFTEE) / [交易退款 (LINE PAY)] 連線失敗 / [交易退款（街口支付）] 未有退款訂單編號,,api,error,見 PAYUNi 官方文件（docs.payuni.com.tw/web/#/7）「錯誤代碼」：交易退款 (愛金卡|ICASH)、交易退款 (後支付|AFTEE)、交易退款 (LINE PAY)、交易退款（街口支付）
payuni,REFUND04005,[交易退款 (愛金卡|ICASH)] 資料加密失敗 / [交易退款 (後支付|AFTEE)] 超過可退款金額(AFTEE) / [交易退款 (LINE PAY)、交易退款（街口支付）] 未有回覆資訊,,api,error,見 PAYUNi 官方文件（docs.payuni.com.tw/web/#/7）「錯誤代碼」：交易退款 (愛金卡|ICASH)、交易退款 (後支付|AFTEE)、交易退款 (LINE PAY)、交易退款（街口支付）
payuni,REFUND04006,[交易退款 (愛金卡|ICASH)] 資料簽章失敗 / [交易退款 (後支付|AFTEE)] 可退款金額不符合(AFTEE) / [交易退款 (LINE PAY)] 未有回傳代碼 / [交易退款（街口支付）] 訂單退款失敗(街口),,api,error,見 PAYUNi 官方文件（docs.payuni.com.tw/web/#/7）「錯誤代碼」：交易退款 (愛金卡|ICASH)、交易退款 (後支付|AFTEE)、交易退款 (LINE PAY)、交易退款（街口支付）
payuni,REFUND04007,[交易退款 (愛金卡|ICASH)] 連線失敗 / [交易退款 (後支付|AFTEE)] 訂單退款失敗(AFTEE) / [交易退款 (LINE PAY)] 訂單未請款,,api,error,見 PAYUNi 官方文件（docs.payuni.com.tw/web/#/7）「錯誤代碼」：交易退款 (愛金卡|ICASH)、交易退款 (後支付|AFTEE)、交易退款 (LINE PAY)
payuni,REFUND04008,[交易退款 (愛金卡|ICASH)] 未有回傳代碼 / [交易退款 (後支付|AFTEE)] 訂單退款失敗_預期ID錯誤(AFTEE) / [交易退款 (LINE PAY)] 退款失敗,,api,error,見 PAYUNi 官方文件（docs.payuni.com.tw/web/#/7）「錯誤代碼」：交易退款 (愛金卡|ICASH)、交易退款 (後支付|AFTEE)、交易退款 (LINE PAY)
payuni,REFUND04009,[交易退款 (愛金卡|ICASH)] 回傳解析失敗 / [交易退款 (後支付|AFTEE)] 訂單退款失敗_預期金額錯誤(退款)(AFTEE),,api,error,見 PAYUNi 官方文件（docs.payuni.com.tw/web/#/7）「錯誤代碼」：交易退款 (愛金卡|ICASH)、交易退款 (後支付|AFTEE)
payuni,REFUND04010,[交易退款 (愛金卡|ICASH)] 回傳參數缺失 / [交易退款 (後支付|AFTEE)] 訂單退款失敗_預期金額錯誤(取消)(AFTEE),,api,error,見 PAYUNi 官方文件（docs.payuni.com.tw/web/#/7）「錯誤代碼」：交易退款 (愛金卡|ICASH)、交易退款 (後支付|AFTEE)
payuni,REFUND04011,處理失敗,,api,error,見 PAYUNi 官方文件（docs.payuni.com.tw/web/#/7）「錯誤代碼」：交易退款 (愛金卡|ICASH)
payuni,REFUND06001,未有API處理結果,,api,error,見 PAYUNi 官方文件（docs.payuni.com.tw/web/#/7）「錯誤代碼」：交易退款 (愛金卡|ICASH)、交易退款 (後支付|AFTEE)、交易退款 (LINE PAY)、交易退款（街口支付）
payuni,REFUND06002,回傳加密失敗,,api,error,見 PAYUNi 官方文件（docs.payuni.com.tw/web/#/7）「錯誤代碼」：交易退款 (愛金卡|ICASH)、交易退款 (後支付|AFTEE)、交易退款 (LINE PAY)、交易退款（街口支付）
payuni,AFTEEP01000,系統發生錯誤，請聯絡客服,,api,error,見 PAYUNi 官方文件（docs.payuni.com.tw/web/#/7）「錯誤代碼」：交易建立 (後支付|AFTEE)
payuni,AFTEEP01001,解密資料不存在,,api,error,見 PAYUNi 官方文件（docs.payuni.com.tw/web/#/7）「錯誤代碼」：交易建立 (後支付|AFTEE)
payuni,AFTEEP02001,未有商店代號,,api,error,見 PAYUNi 官方文件（docs.payuni.com.tw/web/#/7）「錯誤代碼」：交易建立 (後支付|AFTEE)
payuni,AFTEEP02002,未有商店訂單編號,,api,error,見 PAYUNi 官方文件（docs.payuni.com.tw/web/#/7）「錯誤代碼」：交易建立 (後支付|AFTEE)
payuni,AFTEEP02003,商店訂單編號，超過長度限制,,api,error,見 PAYUNi 官方文件（docs.payuni.com.tw/web/#/7）「錯誤代碼」：交易建立 (後支付|AFTEE)
payuni,AFTEEP02004,商店訂單編號，格式錯誤(英數字-_),,api,error,見 PAYUNi 官方文件（docs.payuni.com.tw/web/#/7）「錯誤代碼」：交易建立 (後支付|AFTEE)
payuni,AFTEEP02005,未有訂單金額,,api,error,見 PAYUNi 官方文件（docs.payuni.com.tw/web/#/7）「錯誤代碼」：交易建立 (後支付|AFTEE)
payuni,AFTEEP02006,訂單金額，僅可輸入整數,,api,error,見 PAYUNi 官方文件（docs.payuni.com.tw/web/#/7）「錯誤代碼」：交易建立 (後支付|AFTEE)
payuni,AFTEEP02007,訂單金額，不為允許範圍區間,,api,error,見 PAYUNi 官方文件（docs.payuni.com.tw/web/#/7）「錯誤代碼」：交易建立 (後支付|AFTEE)
payuni,AFTEEP02008,未有時間戳記,,api,error,見 PAYUNi 官方文件（docs.payuni.com.tw/web/#/7）「錯誤代碼」：交易建立 (後支付|AFTEE)
payuni,AFTEEP02009,時間戳記，僅可輸入整數,,api,error,見 PAYUNi 官方文件（docs.payuni.com.tw/web/#/7）「錯誤代碼」：交易建立 (後支付|AFTEE)
payuni,AFTEEP02010,時間戳記，已過期,,api,error,見 PAYUNi 官方文件（docs.payuni.com.tw/web/#/7）「錯誤代碼」：交易建立 (後支付|AFTEE)
payuni,AFTEEP02011,前景通知網址，格式錯誤,,api,error,見 PAYUNi 官方文件（docs.payuni.com.tw/web/#/7）「錯誤代碼」：交易建立 (後支付|AFTEE)
payuni,AFTEEP02012,背景通知網址，格式錯誤,,api,error,見 PAYUNi 官方文件（docs.payuni.com.tw/web/#/7）「錯誤代碼」：交易建立 (後支付|AFTEE)
payuni,AFTEEP02013,寄送信箱，格式錯誤,,api,error,見 PAYUNi 官方文件（docs.payuni.com.tw/web/#/7）「錯誤代碼」：交易建立 (後支付|AFTEE)
payuni,AFTEEP02015,物流(取貨不付款)，未有寄件型態,,api,error,見 PAYUNi 官方文件（docs.payuni.com.tw/web/#/7）「錯誤代碼」：交易建立 (後支付|AFTEE)
payuni,AFTEEP02016,物流(取貨不付款)，無法辨識的寄件型態,,api,error,見 PAYUNi 官方文件（docs.payuni.com.tw/web/#/7）「錯誤代碼」：交易建立 (後支付|AFTEE)
payuni,AFTEEP02017,物流(取貨不付款)，未有物流別,,api,error,見 PAYUNi 官方文件（docs.payuni.com.tw/web/#/7）「錯誤代碼」：交易建立 (後支付|AFTEE)
payuni,AFTEEP02018,物流(取貨不付款)，無法辨識的物流別,,api,error,見 PAYUNi 官方文件（docs.payuni.com.tw/web/#/7）「錯誤代碼」：交易建立 (後支付|AFTEE)
payuni,AFTEEP02019,物流(取貨不付款)，未有超商別,,api,error,見 PAYUNi 官方文件（docs.payuni.com.tw/web/#/7）「錯誤代碼」：交易建立 (後支付|AFTEE)
payuni,AFTEEP02020,物流(取貨不付款)，無法辨識的超商別,,api,error,見 PAYUNi 官方文件（docs.payuni.com.tw/web/#/7）「錯誤代碼」：交易建立 (後支付|AFTEE)
payuni,AFTEEP02021,物流(取貨不付款)，無超商的合作模式資訊,,api,error,見 PAYUNi 官方文件（docs.payuni.com.tw/web/#/7）「錯誤代碼」：交易建立 (後支付|AFTEE)
payuni,AFTEEP02022,物流(取貨不付款)，無法辨識的取貨後付款方式,,api,error,見 PAYUNi 官方文件（docs.payuni.com.tw/web/#/7）「錯誤代碼」：交易建立 (後支付|AFTEE)
payuni,AFTEEP02023,物流(取貨不付款)，無超商的門市代碼,,api,error,見 PAYUNi 官方文件（docs.payuni.com.tw/web/#/7）「錯誤代碼」：交易建立 (後支付|AFTEE)
payuni,AFTEEP02024,物流(取貨不付款)，未有收件人姓名,,api,error,見 PAYUNi 官方文件（docs.payuni.com.tw/web/#/7）「錯誤代碼」：交易建立 (後支付|AFTEE)
payuni,AFTEEP02025,物流(取貨不付款)，收件人姓名，長度超過限制,,api,error,見 PAYUNi 官方文件（docs.payuni.com.tw/web/#/7）「錯誤代碼」：交易建立 (後支付|AFTEE)
payuni,AFTEEP02026,物流(取貨不付款)，未有收件人手機號碼,,api,error,見 PAYUNi 官方文件（docs.payuni.com.tw/web/#/7）「錯誤代碼」：交易建立 (後支付|AFTEE)
payuni,AFTEEP02027,物流(取貨不付款)，手機號碼格式錯誤(09開頭),,api,error,見 PAYUNi 官方文件（docs.payuni.com.tw/web/#/7）「錯誤代碼」：交易建立 (後支付|AFTEE)
payuni,AFTEEP02028,物流(取貨不付款)，該門市無法配送，請重新選擇門市,,api,error,見 PAYUNi 官方文件（docs.payuni.com.tw/web/#/7）「錯誤代碼」：交易建立 (後支付|AFTEE)
payuni,AFTEEP02029,物流(取貨不付款)，收件人電話區碼長度超過限制,,api,error,見 PAYUNi 官方文件（docs.payuni.com.tw/web/#/7）「錯誤代碼」：交易建立 (後支付|AFTEE)
payuni,AFTEEP02030,物流(取貨不付款)，收件人電話區碼格式錯誤,,api,error,見 PAYUNi 官方文件（docs.payuni.com.tw/web/#/7）「錯誤代碼」：交易建立 (後支付|AFTEE)
payuni,AFTEEP02031,物流(取貨不付款)，收件人電話長度超過限制,,api,error,見 PAYUNi 官方文件（docs.payuni.com.tw/web/#/7）「錯誤代碼」：交易建立 (後支付|AFTEE)
payuni,AFTEEP02032,物流(取貨不付款)，收件人電話格式錯誤,,api,error,見 PAYUNi 官方文件（docs.payuni.com.tw/web/#/7）「錯誤代碼」：交易建立 (後支付|AFTEE)
payuni,AFTEEP02033,物流(取貨不付款)，未有收件人地址,,api,error,見 PAYUNi 官方文件（docs.payuni.com.tw/web/#/7）「錯誤代碼」：交易建立 (後支付|AFTEE)
payuni,AFTEEP02034,物流(取貨不付款)，未有希望配達時間代碼,,api,error,見 PAYUNi 官方文件（docs.payuni.com.tw/web/#/7）「錯誤代碼」：交易建立 (後支付|AFTEE)
payuni,AFTEEP02035,物流(取貨不付款)，無法辨識的希望配達時間代碼,,api,error,見 PAYUNi 官方文件（docs.payuni.com.tw/web/#/7）「錯誤代碼」：交易建立 (後支付|AFTEE)
payuni,AFTEEP02036,物流(取貨不付款)，未有商品說明,,api,error,見 PAYUNi 官方文件（docs.payuni.com.tw/web/#/7）「錯誤代碼」：交易建立 (後支付|AFTEE)
payuni,AFTEEP02037,未有消費者電子信箱,,api,error,見 PAYUNi 官方文件（docs.payuni.com.tw/web/#/7）「錯誤代碼」：交易建立 (後支付|AFTEE)
payuni,AFTEEP02038,未有買方名稱(抬頭),,api,error,見 PAYUNi 官方文件（docs.payuni.com.tw/web/#/7）「錯誤代碼」：交易建立 (後支付|AFTEE)
payuni,AFTEEP02039,未有載具類別,,api,error,見 PAYUNi 官方文件（docs.payuni.com.tw/web/#/7）「錯誤代碼」：交易建立 (後支付|AFTEE)
payuni,AFTEEP02040,無法辨識的載具類別,,api,error,見 PAYUNi 官方文件（docs.payuni.com.tw/web/#/7）「錯誤代碼」：交易建立 (後支付|AFTEE)
payuni,AFTEEP02041,載具資料不可為空,,api,error,見 PAYUNi 官方文件（docs.payuni.com.tw/web/#/7）「錯誤代碼」：交易建立 (後支付|AFTEE)
payuni,AFTEEP02042,載具資料，格式錯誤,,api,error,見 PAYUNi 官方文件（docs.payuni.com.tw/web/#/7）「錯誤代碼」：交易建立 (後支付|AFTEE)
payuni,AFTEEP02043,載具資料，格式錯誤(長度),,api,error,見 PAYUNi 官方文件（docs.payuni.com.tw/web/#/7）「錯誤代碼」：交易建立 (後支付|AFTEE)
payuni,AFTEEP02044,商店不提供捐贈發票選項,,api,error,見 PAYUNi 官方文件（docs.payuni.com.tw/web/#/7）「錯誤代碼」：交易建立 (後支付|AFTEE)
payuni,AFTEEP02045,此捐贈碼不在商店提供範圍內,,api,error,見 PAYUNi 官方文件（docs.payuni.com.tw/web/#/7）「錯誤代碼」：交易建立 (後支付|AFTEE)
payuni,AFTEEP02046,GrantExport參數值錯誤,,api,error,見 PAYUNi 官方文件（docs.payuni.com.tw/web/#/7）「錯誤代碼」：交易建立 (後支付|AFTEE)
payuni,AFTEEP02047,消費者姓名，超過長度限制,,api,error,見 PAYUNi 官方文件（docs.payuni.com.tw/web/#/7）「錯誤代碼」：交易建立 (後支付|AFTEE)
payuni,AFTEEP02048,消費者手機，格式錯誤 (09 開頭 10 碼數字),,api,error,見 PAYUNi 官方文件（docs.payuni.com.tw/web/#/7）「錯誤代碼」：交易建立 (後支付|AFTEE)
payuni,AFTEEP02049,消費者地址，超過長度限制,,api,error,見 PAYUNi 官方文件（docs.payuni.com.tw/web/#/7）「錯誤代碼」：交易建立 (後支付|AFTEE)
payuni,AFTEEP02050,消費者額外資訊碼，超過長度限制,,api,error,見 PAYUNi 官方文件（docs.payuni.com.tw/web/#/7）「錯誤代碼」：交易建立 (後支付|AFTEE)
payuni,AFTEEP02051,消費者額外資訊碼，格式錯誤,,api,error,見 PAYUNi 官方文件（docs.payuni.com.tw/web/#/7）「錯誤代碼」：交易建立 (後支付|AFTEE)
payuni,AFTEEP02052,消費者註冊日期，格式錯誤 (YYYY-MM-DD),,api,error,見 PAYUNi 官方文件（docs.payuni.com.tw/web/#/7）「錯誤代碼」：交易建立 (後支付|AFTEE)
payuni,AFTEEP02053,收件姓名，超過長度限制,,api,error,見 PAYUNi 官方文件（docs.payuni.com.tw/web/#/7）「錯誤代碼」：交易建立 (後支付|AFTEE)
payuni,AFTEEP02054,收件地址，超過長度限制,,api,error,見 PAYUNi 官方文件（docs.payuni.com.tw/web/#/7）「錯誤代碼」：交易建立 (後支付|AFTEE)
payuni,AFTEEP02055,收件電話，格式錯誤 (0 開頭 9-10 碼的數字),,api,error,見 PAYUNi 官方文件（docs.payuni.com.tw/web/#/7）「錯誤代碼」：交易建立 (後支付|AFTEE)
payuni,AFTEEP02056,未有商品ID,,api,error,見 PAYUNi 官方文件（docs.payuni.com.tw/web/#/7）「錯誤代碼」：交易建立 (後支付|AFTEE)
payuni,AFTEEP02057,商品ID，數量比對不符合,,api,error,見 PAYUNi 官方文件（docs.payuni.com.tw/web/#/7）「錯誤代碼」：交易建立 (後支付|AFTEE)
payuni,AFTEEP02058,未有商品名稱,,api,error,見 PAYUNi 官方文件（docs.payuni.com.tw/web/#/7）「錯誤代碼」：交易建立 (後支付|AFTEE)
payuni,AFTEEP02059,商品名稱，數量比對不符合,,api,error,見 PAYUNi 官方文件（docs.payuni.com.tw/web/#/7）「錯誤代碼」：交易建立 (後支付|AFTEE)
payuni,AFTEEP02060,未有商品類別,,api,error,見 PAYUNi 官方文件（docs.payuni.com.tw/web/#/7）「錯誤代碼」：交易建立 (後支付|AFTEE)
payuni,AFTEEP02061,商品類別，數量比對不符合,,api,error,見 PAYUNi 官方文件（docs.payuni.com.tw/web/#/7）「錯誤代碼」：交易建立 (後支付|AFTEE)
payuni,AFTEEP02062,未有商品數量,,api,error,見 PAYUNi 官方文件（docs.payuni.com.tw/web/#/7）「錯誤代碼」：交易建立 (後支付|AFTEE)
payuni,AFTEEP02063,商品數量，數量比對不符合,,api,error,見 PAYUNi 官方文件（docs.payuni.com.tw/web/#/7）「錯誤代碼」：交易建立 (後支付|AFTEE)
payuni,AFTEEP02064,未有商品價格,,api,error,見 PAYUNi 官方文件（docs.payuni.com.tw/web/#/7）「錯誤代碼」：交易建立 (後支付|AFTEE)
payuni,AFTEEP02065,商品價格，數量比對不符合,,api,error,見 PAYUNi 官方文件（docs.payuni.com.tw/web/#/7）「錯誤代碼」：交易建立 (後支付|AFTEE)
payuni,AFTEEP02066,未有商品URL,,api,error,見 PAYUNi 官方文件（docs.payuni.com.tw/web/#/7）「錯誤代碼」：交易建立 (後支付|AFTEE)
payuni,AFTEEP02067,商品URL，數量比對不符合,,api,error,見 PAYUNi 官方文件（docs.payuni.com.tw/web/#/7）「錯誤代碼」：交易建立 (後支付|AFTEE)
payuni,AFTEEP02068,商品ID，格式錯誤(半形英數字 100字以内),,api,error,見 PAYUNi 官方文件（docs.payuni.com.tw/web/#/7）「錯誤代碼」：交易建立 (後支付|AFTEE)
payuni,AFTEEP02069,商品名稱，格式錯誤(100字以内),,api,error,見 PAYUNi 官方文件（docs.payuni.com.tw/web/#/7）「錯誤代碼」：交易建立 (後支付|AFTEE)
payuni,AFTEEP02070,商品類別，格式錯誤(100字以内),,api,error,見 PAYUNi 官方文件（docs.payuni.com.tw/web/#/7）「錯誤代碼」：交易建立 (後支付|AFTEE)
payuni,AFTEEP02071,商品數量，格式錯誤(大於零的數字),,api,error,見 PAYUNi 官方文件（docs.payuni.com.tw/web/#/7）「錯誤代碼」：交易建立 (後支付|AFTEE)
payuni,AFTEEP02072,商品價格，格式錯誤(大於零的數字),,api,error,見 PAYUNi 官方文件（docs.payuni.com.tw/web/#/7）「錯誤代碼」：交易建立 (後支付|AFTEE)
payuni,AFTEEP02073,商品總價格，比對不符合,,api,error,見 PAYUNi 官方文件（docs.payuni.com.tw/web/#/7）「錯誤代碼」：交易建立 (後支付|AFTEE)
payuni,AFTEEP02074,商品 URL，格式錯誤(1000字以内),,api,error,見 PAYUNi 官方文件（docs.payuni.com.tw/web/#/7）「錯誤代碼」：交易建立 (後支付|AFTEE)
payuni,AFTEEP02075,未有優惠碼,,api,error,見 PAYUNi 官方文件（docs.payuni.com.tw/web/#/7）「錯誤代碼」：交易建立 (後支付|AFTEE)
payuni,AFTEEP02076,折扣金額，格式錯誤,,api,error,見 PAYUNi 官方文件（docs.payuni.com.tw/web/#/7）「錯誤代碼」：交易建立 (後支付|AFTEE)
payuni,AFTEEP02077,有優惠碼時，折扣金額(DiscountAmt)為必要欄位,,api,error,見 PAYUNi 官方文件（docs.payuni.com.tw/web/#/7）「錯誤代碼」：交易建立 (後支付|AFTEE)
payuni,AFTEEP02078,訂單原始金額，格式錯誤,,api,error,見 PAYUNi 官方文件（docs.payuni.com.tw/web/#/7）「錯誤代碼」：交易建立 (後支付|AFTEE)
payuni,AFTEEP02079,有優惠碼時，訂單原始金額(OrderAmt)為必要欄位,,api,error,見 PAYUNi 官方文件（docs.payuni.com.tw/web/#/7）「錯誤代碼」：交易建立 (後支付|AFTEE)
payuni,AFTEEP02080,訂單原始金額(OrderAmt)不等於訂單金額(TradeAmt)+折扣金額(DiscountAmt),,api,error,見 PAYUNi 官方文件（docs.payuni.com.tw/web/#/7）「錯誤代碼」：交易建立 (後支付|AFTEE)
payuni,AFTEEP02081,優惠券發券背景通知網址，格式錯誤,,api,error,見 PAYUNi 官方文件（docs.payuni.com.tw/web/#/7）「錯誤代碼」：交易建立 (後支付|AFTEE)
payuni,AFTEE02001,商店不提供捐贈發票選項,,api,error,見 PAYUNi 官方文件（docs.payuni.com.tw/web/#/7）「錯誤代碼」：交易建立 (後支付|AFTEE)
payuni,AFTEE02002,此捐贈碼不在商店提供範圍內,,api,error,見 PAYUNi 官方文件（docs.payuni.com.tw/web/#/7）「錯誤代碼」：交易建立 (後支付|AFTEE)
payuni,AFTEE02003,手機條碼(格式)不正確,,api,error,見 PAYUNi 官方文件（docs.payuni.com.tw/web/#/7）「錯誤代碼」：交易建立 (後支付|AFTEE)
payuni,AFTEE02004,未有優惠碼,,api,error,見 PAYUNi 官方文件（docs.payuni.com.tw/web/#/7）「錯誤代碼」：交易建立 (後支付|AFTEE)
payuni,AFTEE02005,折扣金額，格式錯誤,,api,error,見 PAYUNi 官方文件（docs.payuni.com.tw/web/#/7）「錯誤代碼」：交易建立 (後支付|AFTEE)
payuni,AFTEE02006,有優惠碼時，折扣金額(DiscountAmt)為必要欄位,,api,error,見 PAYUNi 官方文件（docs.payuni.com.tw/web/#/7）「錯誤代碼」：交易建立 (後支付|AFTEE)
payuni,AFTEE02007,訂單原始金額，格式錯誤,,api,error,見 PAYUNi 官方文件（docs.payuni.com.tw/web/#/7）「錯誤代碼」：交易建立 (後支付|AFTEE)
payuni,AFTEE02008,有優惠碼時，訂單原始金額(OrderAmt)為必要欄位,,api,error,見 PAYUNi 官方文件（docs.payuni.com.tw/web/#/7）「錯誤代碼」：交易建立 (後支付|AFTEE)
payuni,AFTEE02009,訂單原始金額(OrderAmt)不等於訂單金額(TradeAmt)+折扣金額(DiscountAmt),,api,error,見 PAYUNi 官方文件（docs.payuni.com.tw/web/#/7）「錯誤代碼」：交易建立 (後支付|AFTEE)
payuni,AFTEE02010,優惠券發券背景通知網址，格式錯誤,,api,error,見 PAYUNi 官方文件（docs.payuni.com.tw/web/#/7）「錯誤代碼」：交易建立 (後支付|AFTEE)
payuni,AFTEEP03001,商店未啟用,,api,error,見 PAYUNi 官方文件（docs.payuni.com.tw/web/#/7）「錯誤代碼」：交易建立 (後支付|AFTEE)
payuni,AFTEEP03002,商店未提供AFTEEPay幕後交易,,api,error,見 PAYUNi 官方文件（docs.payuni.com.tw/web/#/7）「錯誤代碼」：交易建立 (後支付|AFTEE)
payuni,AFTEEP03003,未有代理商幕後相關設定,,api,error,見 PAYUNi 官方文件（docs.payuni.com.tw/web/#/7）「錯誤代碼」：交易建立 (後支付|AFTEE)
payuni,AFTEEP03004,不提供此IP幕後交易,,api,error,見 PAYUNi 官方文件（docs.payuni.com.tw/web/#/7）「錯誤代碼」：交易建立 (後支付|AFTEE)
payuni,AFTEEP03005,商店未有設定AesType,,api,error,見 PAYUNi 官方文件（docs.payuni.com.tw/web/#/7）「錯誤代碼」：交易建立 (後支付|AFTEE)
payuni,AFTEEP03006,商店AesType不符合,,api,error,見 PAYUNi 官方文件（docs.payuni.com.tw/web/#/7）「錯誤代碼」：交易建立 (後支付|AFTEE)
payuni,AFTEEP03007,商店未提供AFTEE,,api,error,見 PAYUNi 官方文件（docs.payuni.com.tw/web/#/7）「錯誤代碼」：交易建立 (後支付|AFTEE)
payuni,AFTEEP03008,商店尚未啟用電子發票,,api,error,見 PAYUNi 官方文件（docs.payuni.com.tw/web/#/7）「錯誤代碼」：交易建立 (後支付|AFTEE)
payuni,AFTEEP03009,買方會員資料取得(驗證)失敗,,api,error,見 PAYUNi 官方文件（docs.payuni.com.tw/web/#/7）「錯誤代碼」：交易建立 (後支付|AFTEE)
payuni,AFTEEP03010,商店尚未啟用優惠券,,api,error,見 PAYUNi 官方文件（docs.payuni.com.tw/web/#/7）「錯誤代碼」：交易建立 (後支付|AFTEE)
payuni,AFTEE03001,商店未啟用,,api,error,見 PAYUNi 官方文件（docs.payuni.com.tw/web/#/7）「錯誤代碼」：交易建立 (後支付|AFTEE)
payuni,AFTEE03002,交易閘道錯誤,,api,error,見 PAYUNi 官方文件（docs.payuni.com.tw/web/#/7）「錯誤代碼」：交易建立 (後支付|AFTEE)
payuni,AFTEE03003,交易KEY錯誤,,api,error,見 PAYUNi 官方文件（docs.payuni.com.tw/web/#/7）「錯誤代碼」：交易建立 (後支付|AFTEE)
payuni,AFTEE03004,買方會員資料取得(驗證)失敗,,api,error,見 PAYUNi 官方文件（docs.payuni.com.tw/web/#/7）「錯誤代碼」：交易建立 (後支付|AFTEE)
payuni,AFTEEP04001,已存在相同商店訂單編號,,api,error,見 PAYUNi 官方文件（docs.payuni.com.tw/web/#/7）「錯誤代碼」：交易建立 (後支付|AFTEE)
payuni,AFTEEP04002,未有交易唯一Token,,api,error,見 PAYUNi 官方文件（docs.payuni.com.tw/web/#/7）「錯誤代碼」：交易建立 (後支付|AFTEE)
payuni,AFTEE04001,已存在相同商店訂單編號,,api,error,見 PAYUNi 官方文件（docs.payuni.com.tw/web/#/7）「錯誤代碼」：交易建立 (後支付|AFTEE)
payuni,AFTEEP05001,預註冊失敗,,api,error,見 PAYUNi 官方文件（docs.payuni.com.tw/web/#/7）「錯誤代碼」：交易建立 (後支付|AFTEE)
payuni,AFTEEP05002,預註冊資料異常,,api,error,見 PAYUNi 官方文件（docs.payuni.com.tw/web/#/7）「錯誤代碼」：交易建立 (後支付|AFTEE)
payuni,AFTEEP06001,未有API處理結果,,api,error,見 PAYUNi 官方文件（docs.payuni.com.tw/web/#/7）「錯誤代碼」：交易建立 (後支付|AFTEE)
payuni,AFTEEP06002,回傳加密失敗,,api,error,見 PAYUNi 官方文件（docs.payuni.com.tw/web/#/7）「錯誤代碼」：交易建立 (後支付|AFTEE)
payuni,AFTEE07001,付款取消,,api,error,見 PAYUNi 官方文件（docs.payuni.com.tw/web/#/7）「錯誤代碼」：交易建立 (後支付|AFTEE)
payuni,AFTEE07002,付款失敗,,api,error,見 PAYUNi 官方文件（docs.payuni.com.tw/web/#/7）「錯誤代碼」：交易建立 (後支付|AFTEE)
payuni,AFTEE08001,交易風控(拒絕交易),,api,error,見 PAYUNi 官方文件（docs.payuni.com.tw/web/#/7）「錯誤代碼」：交易建立 (後支付|AFTEE)
payuni,AFTEE08002,交易風控(拒絕交易),,api,error,見 PAYUNi 官方文件（docs.payuni.com.tw/web/#/7）「錯誤代碼」：交易建立 (後支付|AFTEE)
payuni,AFTEE08003,交易風控(拒絕交易),,api,error,見 PAYUNi 官方文件（docs.payuni.com.tw/web/#/7）「錯誤代碼」：交易建立 (後支付|AFTEE)
payuni,AFTEE08004,交易風控(拒絕交易),,api,error,見 PAYUNi 官方文件（docs.payuni.com.tw/web/#/7）「錯誤代碼」：交易建立 (後支付|AFTEE)
payuni,AFTEE08005,交易風控(拒絕交易),,api,error,見 PAYUNi 官方文件（docs.payuni.com.tw/web/#/7）「錯誤代碼」：交易建立 (後支付|AFTEE)
payuni,CONFIRM01001,未有商店代號,,api,error,見 PAYUNi 官方文件（docs.payuni.com.tw/web/#/7）「錯誤代碼」：交易確認 (後支付|AFTEE)
payuni,CONFIRM01002,資料 HASH 比對不符合,,api,error,見 PAYUNi 官方文件（docs.payuni.com.tw/web/#/7）「錯誤代碼」：交易確認 (後支付|AFTEE)
payuni,CONFIRM01003,資料解密失敗,,api,error,見 PAYUNi 官方文件（docs.payuni.com.tw/web/#/7）「錯誤代碼」：交易確認 (後支付|AFTEE)
payuni,CONFIRM01004,解密資料不存在,,api,error,見 PAYUNi 官方文件（docs.payuni.com.tw/web/#/7）「錯誤代碼」：交易確認 (後支付|AFTEE)
payuni,CONFIRM01005,查無符合商店資料,,api,error,見 PAYUNi 官方文件（docs.payuni.com.tw/web/#/7）「錯誤代碼」：交易確認 (後支付|AFTEE)
payuni,CONFIRM01006,網路連線異常,,api,error,見 PAYUNi 官方文件（docs.payuni.com.tw/web/#/7）「錯誤代碼」：交易確認 (後支付|AFTEE)
payuni,CONFIRM02001,未有商店代號,,api,error,見 PAYUNi 官方文件（docs.payuni.com.tw/web/#/7）「錯誤代碼」：交易確認 (後支付|AFTEE)
payuni,CONFIRM02002,未有訂單編號,,api,error,見 PAYUNi 官方文件（docs.payuni.com.tw/web/#/7）「錯誤代碼」：交易確認 (後支付|AFTEE)
payuni,CONFIRM02003,訂單編號，超過長度限制,,api,error,見 PAYUNi 官方文件（docs.payuni.com.tw/web/#/7）「錯誤代碼」：交易確認 (後支付|AFTEE)
payuni,CONFIRM02004,訂單編號，格式錯誤,,api,error,見 PAYUNi 官方文件（docs.payuni.com.tw/web/#/7）「錯誤代碼」：交易確認 (後支付|AFTEE)
payuni,CONFIRM02005,未有時間戳記,,api,error,見 PAYUNi 官方文件（docs.payuni.com.tw/web/#/7）「錯誤代碼」：交易確認 (後支付|AFTEE)
payuni,CONFIRM02006,時間戳記，僅可輸入整數,,api,error,見 PAYUNi 官方文件（docs.payuni.com.tw/web/#/7）「錯誤代碼」：交易確認 (後支付|AFTEE)
payuni,CONFIRM02007,時間戳記，已過期,,api,error,見 PAYUNi 官方文件（docs.payuni.com.tw/web/#/7）「錯誤代碼」：交易確認 (後支付|AFTEE)
payuni,CONFIRM03001,查無符合訂單資料(AFTEE),,api,error,見 PAYUNi 官方文件（docs.payuni.com.tw/web/#/7）「錯誤代碼」：交易確認 (後支付|AFTEE)
payuni,CONFIRM03002,訂單不為後支付(AFTEE),,api,error,見 PAYUNi 官方文件（docs.payuni.com.tw/web/#/7）「錯誤代碼」：交易確認 (後支付|AFTEE)
payuni,CONFIRM03003,未有訂單ID(AFTEE),,api,error,見 PAYUNi 官方文件（docs.payuni.com.tw/web/#/7）「錯誤代碼」：交易確認 (後支付|AFTEE)
payuni,CONFIRM03004,未有訂單KEY(AFTEE),,api,error,見 PAYUNi 官方文件（docs.payuni.com.tw/web/#/7）「錯誤代碼」：交易確認 (後支付|AFTEE)
payuni,CONFIRM04001,查無符合訂單(AFTEE),,api,error,見 PAYUNi 官方文件（docs.payuni.com.tw/web/#/7）「錯誤代碼」：交易確認 (後支付|AFTEE)
payuni,CONFIRM04002,訂單編號比對不符合(AFTEE),,api,error,見 PAYUNi 官方文件（docs.payuni.com.tw/web/#/7）「錯誤代碼」：交易確認 (後支付|AFTEE)
payuni,CONFIRM04003,訂單金額比對不符合(AFTEE),,api,error,見 PAYUNi 官方文件（docs.payuni.com.tw/web/#/7）「錯誤代碼」：交易確認 (後支付|AFTEE)
payuni,CONFIRM04004,訂單未審核通過(AFTEE),,api,error,見 PAYUNi 官方文件（docs.payuni.com.tw/web/#/7）「錯誤代碼」：交易確認 (後支付|AFTEE)
payuni,CONFIRM04005,訂單確認失敗(AFTEE),,api,error,見 PAYUNi 官方文件（docs.payuni.com.tw/web/#/7）「錯誤代碼」：交易確認 (後支付|AFTEE)
payuni,CONFIRM04006,訂單確認失敗_未有確認日期(AFTEE),,api,error,見 PAYUNi 官方文件（docs.payuni.com.tw/web/#/7）「錯誤代碼」：交易確認 (後支付|AFTEE)
payuni,LINE01000,系統發生錯誤，請聯絡客服,,api,error,見 PAYUNi 官方文件（docs.payuni.com.tw/web/#/7）「錯誤代碼」：交易建立 (LINE Pay)
payuni,LINE01001,未有商店代號,,api,error,見 PAYUNi 官方文件（docs.payuni.com.tw/web/#/7）「錯誤代碼」：交易建立 (LINE Pay)
payuni,LINE01002,資料 HASH 比對不符合,,api,error,見 PAYUNi 官方文件（docs.payuni.com.tw/web/#/7）「錯誤代碼」：交易建立 (LINE Pay)
payuni,LINE01003,資料解密失敗,,api,error,見 PAYUNi 官方文件（docs.payuni.com.tw/web/#/7）「錯誤代碼」：交易建立 (LINE Pay)
payuni,LINE01004,解密資料不存在,,api,error,見 PAYUNi 官方文件（docs.payuni.com.tw/web/#/7）「錯誤代碼」：交易建立 (LINE Pay)
payuni,LINE01005,[交易建立 (LINE Pay)] 查無符合代理商資料 / [交易建立 (LINE Pay)] 代理商狀態不符合,,api,error,見 PAYUNi 官方文件（docs.payuni.com.tw/web/#/7）「錯誤代碼」：交易建立 (LINE Pay)
payuni,LINE01006,未有交易 HASH,,api,error,見 PAYUNi 官方文件（docs.payuni.com.tw/web/#/7）「錯誤代碼」：交易建立 (LINE Pay)
payuni,LINE01007,查無符合商店物流資料,,api,error,見 PAYUNi 官方文件（docs.payuni.com.tw/web/#/7）「錯誤代碼」：交易建立 (LINE Pay)
payuni,LINE01008,商店B2C物流服務尚未開通,,api,error,見 PAYUNi 官方文件（docs.payuni.com.tw/web/#/7）「錯誤代碼」：交易建立 (LINE Pay)
payuni,LINE01009,商店C2C物流服務尚未開通,,api,error,見 PAYUNi 官方文件（docs.payuni.com.tw/web/#/7）「錯誤代碼」：交易建立 (LINE Pay)
payuni,LINE01010,商店未啟用B2C物流服務,,api,error,見 PAYUNi 官方文件（docs.payuni.com.tw/web/#/7）「錯誤代碼」：交易建立 (LINE Pay)
payuni,LINE01011,商店未啟用C2C物流服務,,api,error,見 PAYUNi 官方文件（docs.payuni.com.tw/web/#/7）「錯誤代碼」：交易建立 (LINE Pay)
payuni,LINE01012,收(寄)件人姓名僅支援輸入中文/英文/數字,,api,error,見 PAYUNi 官方文件（docs.payuni.com.tw/web/#/7）「錯誤代碼」：交易建立 (LINE Pay)
payuni,LINE02001,未有商店代號,,api,error,見 PAYUNi 官方文件（docs.payuni.com.tw/web/#/7）「錯誤代碼」：交易建立 (LINE Pay)
payuni,LINE02002,未有商店訂單編號,,api,error,見 PAYUNi 官方文件（docs.payuni.com.tw/web/#/7）「錯誤代碼」：交易建立 (LINE Pay)
payuni,LINE02003,商店訂單編號，超過長度限制,,api,error,見 PAYUNi 官方文件（docs.payuni.com.tw/web/#/7）「錯誤代碼」：交易建立 (LINE Pay)
payuni,LINE02004,商店訂單編號，格式錯誤(英數字-_),,api,error,見 PAYUNi 官方文件（docs.payuni.com.tw/web/#/7）「錯誤代碼」：交易建立 (LINE Pay)
payuni,LINE02005,未有訂單金額,,api,error,見 PAYUNi 官方文件（docs.payuni.com.tw/web/#/7）「錯誤代碼」：交易建立 (LINE Pay)
payuni,LINE02006,訂單金額，僅可輸入整數,,api,error,見 PAYUNi 官方文件（docs.payuni.com.tw/web/#/7）「錯誤代碼」：交易建立 (LINE Pay)
payuni,LINE02007,訂單金額，不為允許範圍區間,,api,error,見 PAYUNi 官方文件（docs.payuni.com.tw/web/#/7）「錯誤代碼」：交易建立 (LINE Pay)
payuni,LINE02008,未有時間戳記,,api,error,見 PAYUNi 官方文件（docs.payuni.com.tw/web/#/7）「錯誤代碼」：交易建立 (LINE Pay)
payuni,LINE02009,時間戳記，僅可輸入整數,,api,error,見 PAYUNi 官方文件（docs.payuni.com.tw/web/#/7）「錯誤代碼」：交易建立 (LINE Pay)
payuni,LINE02010,時間戳記，已過期,,api,error,見 PAYUNi 官方文件（docs.payuni.com.tw/web/#/7）「錯誤代碼」：交易建立 (LINE Pay)
payuni,LINE02011,前景通知網址，格式錯誤,,api,error,見 PAYUNi 官方文件（docs.payuni.com.tw/web/#/7）「錯誤代碼」：交易建立 (LINE Pay)
payuni,LINE02012,背景通知網址，格式錯誤,,api,error,見 PAYUNi 官方文件（docs.payuni.com.tw/web/#/7）「錯誤代碼」：交易建立 (LINE Pay)
payuni,LINE02013,寄送信箱，格式錯誤,,api,error,見 PAYUNi 官方文件（docs.payuni.com.tw/web/#/7）「錯誤代碼」：交易建立 (LINE Pay)
payuni,LINE02014,物流(取貨不付款)，未有電子信箱,,api,error,見 PAYUNi 官方文件（docs.payuni.com.tw/web/#/7）「錯誤代碼」：交易建立 (LINE Pay)
payuni,LINE02015,物流(取貨不付款)，未有寄件型態,,api,error,見 PAYUNi 官方文件（docs.payuni.com.tw/web/#/7）「錯誤代碼」：交易建立 (LINE Pay)
payuni,LINE02016,物流(取貨不付款)，無法辨識的寄件型態,,api,error,見 PAYUNi 官方文件（docs.payuni.com.tw/web/#/7）「錯誤代碼」：交易建立 (LINE Pay)
payuni,LINE02017,物流(取貨不付款)，無法辨識的物流別,,api,error,見 PAYUNi 官方文件（docs.payuni.com.tw/web/#/7）「錯誤代碼」：交易建立 (LINE Pay)
payuni,LINE02018,物流(取貨不付款)，未有超商別,,api,error,見 PAYUNi 官方文件（docs.payuni.com.tw/web/#/7）「錯誤代碼」：交易建立 (LINE Pay)
payuni,LINE02019,物流(取貨不付款)，無法辨識的超商別,,api,error,見 PAYUNi 官方文件（docs.payuni.com.tw/web/#/7）「錯誤代碼」：交易建立 (LINE Pay)
payuni,LINE02020,物流(取貨不付款)，無超商的合作模式資訊,,api,error,見 PAYUNi 官方文件（docs.payuni.com.tw/web/#/7）「錯誤代碼」：交易建立 (LINE Pay)
payuni,LINE02021,物流(取貨不付款)，無法辨識的取貨後付款方式,,api,error,見 PAYUNi 官方文件（docs.payuni.com.tw/web/#/7）「錯誤代碼」：交易建立 (LINE Pay)
payuni,LINE02022,物流(取貨不付款)，無超商的門市代碼,,api,error,見 PAYUNi 官方文件（docs.payuni.com.tw/web/#/7）「錯誤代碼」：交易建立 (LINE Pay)
payuni,LINE02023,物流(取貨不付款)，未有收件人姓名,,api,error,見 PAYUNi 官方文件（docs.payuni.com.tw/web/#/7）「錯誤代碼」：交易建立 (LINE Pay)
payuni,LINE02024,物流(取貨不付款)，收件人姓名，長度超過限制,,api,error,見 PAYUNi 官方文件（docs.payuni.com.tw/web/#/7）「錯誤代碼」：交易建立 (LINE Pay)
payuni,LINE02025,物流(取貨不付款)，未有收件人手機號碼,,api,error,見 PAYUNi 官方文件（docs.payuni.com.tw/web/#/7）「錯誤代碼」：交易建立 (LINE Pay)
payuni,LINE02026,物流(取貨不付款)，手機號碼格式錯誤(09開頭),,api,error,見 PAYUNi 官方文件（docs.payuni.com.tw/web/#/7）「錯誤代碼」：交易建立 (LINE Pay)
payuni,LINE02027,物流(取貨不付款)，該門市無法配送，請重新選擇門市,,api,error,見 PAYUNi 官方文件（docs.payuni.com.tw/web/#/7）「錯誤代碼」：交易建立 (LINE Pay)
payuni,LINE02028,物流(取貨不付款)，收件人電話區碼長度超過限制,,api,error,見 PAYUNi 官方文件（docs.payuni.com.tw/web/#/7）「錯誤代碼」：交易建立 (LINE Pay)
payuni,LINE02029,物流(取貨不付款)，收件人電話區碼格式錯誤,,api,error,見 PAYUNi 官方文件（docs.payuni.com.tw/web/#/7）「錯誤代碼」：交易建立 (LINE Pay)
payuni,LINE02030,物流(取貨不付款)，收件人電話長度超過限制,,api,error,見 PAYUNi 官方文件（docs.payuni.com.tw/web/#/7）「錯誤代碼」：交易建立 (LINE Pay)
payuni,LINE02031,物流(取貨不付款)，收件人電話格式錯誤,,api,error,見 PAYUNi 官方文件（docs.payuni.com.tw/web/#/7）「錯誤代碼」：交易建立 (LINE Pay)
payuni,LINE02032,物流(取貨不付款)，未有收件人地址,,api,error,見 PAYUNi 官方文件（docs.payuni.com.tw/web/#/7）「錯誤代碼」：交易建立 (LINE Pay)
payuni,LINE02033,物流(取貨不付款)，未有希望配達時間代碼,,api,error,見 PAYUNi 官方文件（docs.payuni.com.tw/web/#/7）「錯誤代碼」：交易建立 (LINE Pay)
payuni,LINE02034,物流(取貨不付款)，無法辨識的希望配達時間代碼,,api,error,見 PAYUNi 官方文件（docs.payuni.com.tw/web/#/7）「錯誤代碼」：交易建立 (LINE Pay)
payuni,LINE02035,物流(取貨不付款)，未有商品說明,,api,error,見 PAYUNi 官方文件（docs.payuni.com.tw/web/#/7）「錯誤代碼」：交易建立 (LINE Pay)
payuni,LINE02036,未有消費者電子信箱,,api,error,見 PAYUNi 官方文件（docs.payuni.com.tw/web/#/7）「錯誤代碼」：交易建立 (LINE Pay)
payuni,LINE02037,未有買方名稱(抬頭),,api,error,見 PAYUNi 官方文件（docs.payuni.com.tw/web/#/7）「錯誤代碼」：交易建立 (LINE Pay)
payuni,LINE02038,未有載具類別,,api,error,見 PAYUNi 官方文件（docs.payuni.com.tw/web/#/7）「錯誤代碼」：交易建立 (LINE Pay)
payuni,LINE02039,無法辨識的載具類別,,api,error,見 PAYUNi 官方文件（docs.payuni.com.tw/web/#/7）「錯誤代碼」：交易建立 (LINE Pay)
payuni,LINE02040,載具資料不可為空,,api,error,見 PAYUNi 官方文件（docs.payuni.com.tw/web/#/7）「錯誤代碼」：交易建立 (LINE Pay)
payuni,LINE02041,載具資料，格式錯誤,,api,error,見 PAYUNi 官方文件（docs.payuni.com.tw/web/#/7）「錯誤代碼」：交易建立 (LINE Pay)
payuni,LINE02042,載具資料，格式錯誤(長度),,api,error,見 PAYUNi 官方文件（docs.payuni.com.tw/web/#/7）「錯誤代碼」：交易建立 (LINE Pay)
payuni,LINE02043,商店不提供捐贈發票選項,,api,error,見 PAYUNi 官方文件（docs.payuni.com.tw/web/#/7）「錯誤代碼」：交易建立 (LINE Pay)
payuni,LINE02044,此捐贈碼不在商店提供範圍內,,api,error,見 PAYUNi 官方文件（docs.payuni.com.tw/web/#/7）「錯誤代碼」：交易建立 (LINE Pay)
payuni,LINE02045,未有優惠碼,,api,error,見 PAYUNi 官方文件（docs.payuni.com.tw/web/#/7）「錯誤代碼」：交易建立 (LINE Pay)
payuni,LINE02046,折扣金額，格式錯誤,,api,error,見 PAYUNi 官方文件（docs.payuni.com.tw/web/#/7）「錯誤代碼」：交易建立 (LINE Pay)
payuni,LINE02047,有優惠碼時，折扣金額(DiscountAmt)為必要欄位,,api,error,見 PAYUNi 官方文件（docs.payuni.com.tw/web/#/7）「錯誤代碼」：交易建立 (LINE Pay)
payuni,LINE02048,訂單原始金額，格式錯誤,,api,error,見 PAYUNi 官方文件（docs.payuni.com.tw/web/#/7）「錯誤代碼」：交易建立 (LINE Pay)
payuni,LINE02049,有優惠碼時，訂單原始金額(OrderAmt)為必要欄位,,api,error,見 PAYUNi 官方文件（docs.payuni.com.tw/web/#/7）「錯誤代碼」：交易建立 (LINE Pay)
payuni,LINE02050,訂單原始金額(OrderAmt)不等於訂單金額(TradeAmt)+折扣金額(DiscountAmt),,api,error,見 PAYUNi 官方文件（docs.payuni.com.tw/web/#/7）「錯誤代碼」：交易建立 (LINE Pay)
payuni,LINE02051,優惠券發券背景通知網址，格式錯誤,,api,error,見 PAYUNi 官方文件（docs.payuni.com.tw/web/#/7）「錯誤代碼」：交易建立 (LINE Pay)
payuni,LINE03001,商店未啟用,,api,error,見 PAYUNi 官方文件（docs.payuni.com.tw/web/#/7）「錯誤代碼」：交易建立 (LINE Pay)
payuni,LINE03002,商店未提供LinePay幕後交易,,api,error,見 PAYUNi 官方文件（docs.payuni.com.tw/web/#/7）「錯誤代碼」：交易建立 (LINE Pay)
payuni,LINE03003,未有代理商幕後相關設定,,api,error,見 PAYUNi 官方文件（docs.payuni.com.tw/web/#/7）「錯誤代碼」：交易建立 (LINE Pay)
payuni,LINE03004,不提供此IP幕後交易,,api,error,見 PAYUNi 官方文件（docs.payuni.com.tw/web/#/7）「錯誤代碼」：交易建立 (LINE Pay)
payuni,LINE03005,商店未有設定AesType,,api,error,見 PAYUNi 官方文件（docs.payuni.com.tw/web/#/7）「錯誤代碼」：交易建立 (LINE Pay)
payuni,LINE03006,商店AesType不符合,,api,error,見 PAYUNi 官方文件（docs.payuni.com.tw/web/#/7）「錯誤代碼」：交易建立 (LINE Pay)
payuni,LINE03007,商店未提供LinePay,,api,error,見 PAYUNi 官方文件（docs.payuni.com.tw/web/#/7）「錯誤代碼」：交易建立 (LINE Pay)
payuni,LINE03008,商店尚未啟用電子發票,,api,error,見 PAYUNi 官方文件（docs.payuni.com.tw/web/#/7）「錯誤代碼」：交易建立 (LINE Pay)
payuni,LINE03009,商店尚未啟用優惠券,,api,error,見 PAYUNi 官方文件（docs.payuni.com.tw/web/#/7）「錯誤代碼」：交易建立 (LINE Pay)
payuni,LINE04001,已存在相同商店訂單編號,,api,error,見 PAYUNi 官方文件（docs.payuni.com.tw/web/#/7）「錯誤代碼」：交易建立 (LINE Pay)
payuni,LINE04002,未有交易唯一Token,,api,error,見 PAYUNi 官方文件（docs.payuni.com.tw/web/#/7）「錯誤代碼」：交易建立 (LINE Pay)
payuni,LINE05001,未有訂單編號,,api,error,見 PAYUNi 官方文件（docs.payuni.com.tw/web/#/7）「錯誤代碼」：交易建立 (LINE Pay)
payuni,LINE05002,未有訂單金額,,api,error,見 PAYUNi 官方文件（docs.payuni.com.tw/web/#/7）「錯誤代碼」：交易建立 (LINE Pay)
payuni,LINE05003,處理失敗,,api,error,見 PAYUNi 官方文件（docs.payuni.com.tw/web/#/7）「錯誤代碼」：交易建立 (LINE Pay)
payuni,LINE05004,解析資料失敗,,api,error,見 PAYUNi 官方文件（docs.payuni.com.tw/web/#/7）「錯誤代碼」：交易建立 (LINE Pay)
payuni,LINE05005,未有對應處理網址,,api,error,見 PAYUNi 官方文件（docs.payuni.com.tw/web/#/7）「錯誤代碼」：交易建立 (LINE Pay)
payuni,LINE05006,未有ChannelKey,,api,error,見 PAYUNi 官方文件（docs.payuni.com.tw/web/#/7）「錯誤代碼」：交易建立 (LINE Pay)
payuni,LINE05007,未有SecretKey,,api,error,見 PAYUNi 官方文件（docs.payuni.com.tw/web/#/7）「錯誤代碼」：交易建立 (LINE Pay)
payuni,LINE05008,連線失敗,,api,error,見 PAYUNi 官方文件（docs.payuni.com.tw/web/#/7）「錯誤代碼」：交易建立 (LINE Pay)
payuni,LINE05009,未有回覆資訊,,api,error,見 PAYUNi 官方文件（docs.payuni.com.tw/web/#/7）「錯誤代碼」：交易建立 (LINE Pay)
payuni,LINE06001,未有API處理結果,,api,error,見 PAYUNi 官方文件（docs.payuni.com.tw/web/#/7）「錯誤代碼」：交易建立 (LINE Pay)
payuni,LINE06002,回傳加密失敗,,api,error,見 PAYUNi 官方文件（docs.payuni.com.tw/web/#/7）「錯誤代碼」：交易建立 (LINE Pay)
payuni,LINE07001,付款失敗,,api,error,見 PAYUNi 官方文件（docs.payuni.com.tw/web/#/7）「錯誤代碼」：交易建立 (LINE Pay)
payuni,LINE07002,付款取消,,api,error,見 PAYUNi 官方文件（docs.payuni.com.tw/web/#/7）「錯誤代碼」：交易建立 (LINE Pay)
payuni,LINE07003,付款未確認,,api,error,見 PAYUNi 官方文件（docs.payuni.com.tw/web/#/7）「錯誤代碼」：交易建立 (LINE Pay)
payuni,JKO01000,系統發生錯誤，請聯絡客服,,api,error,見 PAYUNi 官方文件（docs.payuni.com.tw/web/#/7）「錯誤代碼」：交易建立 (街口支付 | JKoPay)
payuni,JKO01001,未有商店代號,,api,error,見 PAYUNi 官方文件（docs.payuni.com.tw/web/#/7）「錯誤代碼」：交易建立 (街口支付 | JKoPay)
payuni,JKO01002,資料 HASH 比對不符合,,api,error,見 PAYUNi 官方文件（docs.payuni.com.tw/web/#/7）「錯誤代碼」：交易建立 (街口支付 | JKoPay)
payuni,JKO01003,資料解密失敗,,api,error,見 PAYUNi 官方文件（docs.payuni.com.tw/web/#/7）「錯誤代碼」：交易建立 (街口支付 | JKoPay)
payuni,JKO01004,解密資料不存在,,api,error,見 PAYUNi 官方文件（docs.payuni.com.tw/web/#/7）「錯誤代碼」：交易建立 (街口支付 | JKoPay)
payuni,JKO01005,[交易建立 (街口支付 | JKoPay)] 查無符合代理商資料 / [交易建立 (街口支付 | JKoPay)] 查無符合商店資料,,api,error,見 PAYUNi 官方文件（docs.payuni.com.tw/web/#/7）「錯誤代碼」：交易建立 (街口支付 | JKoPay)
payuni,JKO01006,未有交易 HASH,,api,error,見 PAYUNi 官方文件（docs.payuni.com.tw/web/#/7）「錯誤代碼」：交易建立 (街口支付 | JKoPay)
payuni,JKO01007,查無符合商店物流資料,,api,error,見 PAYUNi 官方文件（docs.payuni.com.tw/web/#/7）「錯誤代碼」：交易建立 (街口支付 | JKoPay)
payuni,JKO01008,商店B2C物流服務尚未開通,,api,error,見 PAYUNi 官方文件（docs.payuni.com.tw/web/#/7）「錯誤代碼」：交易建立 (街口支付 | JKoPay)
payuni,JKO01009,商店C2C物流服務尚未開通,,api,error,見 PAYUNi 官方文件（docs.payuni.com.tw/web/#/7）「錯誤代碼」：交易建立 (街口支付 | JKoPay)
payuni,JKO01010,商店未啟用B2C物流服務,,api,error,見 PAYUNi 官方文件（docs.payuni.com.tw/web/#/7）「錯誤代碼」：交易建立 (街口支付 | JKoPay)
payuni,JKO01011,商店未啟用C2C物流服務,,api,error,見 PAYUNi 官方文件（docs.payuni.com.tw/web/#/7）「錯誤代碼」：交易建立 (街口支付 | JKoPay)
payuni,JKO01012,收(寄)件人姓名僅支援輸入中文/英文/數字,,api,error,見 PAYUNi 官方文件（docs.payuni.com.tw/web/#/7）「錯誤代碼」：交易建立 (街口支付 | JKoPay)
payuni,JKO01013,收(寄)件人的姓名包含 emoji 符號,,api,error,見 PAYUNi 官方文件（docs.payuni.com.tw/web/#/7）「錯誤代碼」：交易建立 (街口支付 | JKoPay)
payuni,JKO02001,未有商店代號,,api,error,見 PAYUNi 官方文件（docs.payuni.com.tw/web/#/7）「錯誤代碼」：交易建立 (街口支付 | JKoPay)
payuni,JKO02002,未有商店訂單編號,,api,error,見 PAYUNi 官方文件（docs.payuni.com.tw/web/#/7）「錯誤代碼」：交易建立 (街口支付 | JKoPay)
payuni,JKO02003,商店訂單編號，超過長度限制,,api,error,見 PAYUNi 官方文件（docs.payuni.com.tw/web/#/7）「錯誤代碼」：交易建立 (街口支付 | JKoPay)
payuni,JKO02004,商店訂單編號，格式錯誤(英數字-_),,api,error,見 PAYUNi 官方文件（docs.payuni.com.tw/web/#/7）「錯誤代碼」：交易建立 (街口支付 | JKoPay)
payuni,JKO02005,未有訂單金額,,api,error,見 PAYUNi 官方文件（docs.payuni.com.tw/web/#/7）「錯誤代碼」：交易建立 (街口支付 | JKoPay)
payuni,JKO02006,訂單金額，僅可輸入整數,,api,error,見 PAYUNi 官方文件（docs.payuni.com.tw/web/#/7）「錯誤代碼」：交易建立 (街口支付 | JKoPay)
payuni,JKO02007,訂單金額，不為允許範圍區間,,api,error,見 PAYUNi 官方文件（docs.payuni.com.tw/web/#/7）「錯誤代碼」：交易建立 (街口支付 | JKoPay)
payuni,JKO02008,未有時間戳記,,api,error,見 PAYUNi 官方文件（docs.payuni.com.tw/web/#/7）「錯誤代碼」：交易建立 (街口支付 | JKoPay)
payuni,JKO02009,時間戳記，僅可輸入整數,,api,error,見 PAYUNi 官方文件（docs.payuni.com.tw/web/#/7）「錯誤代碼」：交易建立 (街口支付 | JKoPay)
payuni,JKO02010,時間戳記，已過期,,api,error,見 PAYUNi 官方文件（docs.payuni.com.tw/web/#/7）「錯誤代碼」：交易建立 (街口支付 | JKoPay)
payuni,JKO02011,前景通知網址，格式錯誤,,api,error,見 PAYUNi 官方文件（docs.payuni.com.tw/web/#/7）「錯誤代碼」：交易建立 (街口支付 | JKoPay)
payuni,JKO02012,背景通知網址，格式錯誤,,api,error,見 PAYUNi 官方文件（docs.payuni.com.tw/web/#/7）「錯誤代碼」：交易建立 (街口支付 | JKoPay)
payuni,JKO02013,寄送信箱，格式錯誤,,api,error,見 PAYUNi 官方文件（docs.payuni.com.tw/web/#/7）「錯誤代碼」：交易建立 (街口支付 | JKoPay)
payuni,JKO02014,物流(取件不付款)，未有電子信箱,,api,error,見 PAYUNi 官方文件（docs.payuni.com.tw/web/#/7）「錯誤代碼」：交易建立 (街口支付 | JKoPay)
payuni,JKO02015,物流(取件不付款)，未有寄件型態,,api,error,見 PAYUNi 官方文件（docs.payuni.com.tw/web/#/7）「錯誤代碼」：交易建立 (街口支付 | JKoPay)
payuni,JKO02016,物流(取件不付款)，無法辨識的寄件型態,,api,error,見 PAYUNi 官方文件（docs.payuni.com.tw/web/#/7）「錯誤代碼」：交易建立 (街口支付 | JKoPay)
payuni,JKO02017,物流(取件不付款)，無法辨識的物流別,,api,error,見 PAYUNi 官方文件（docs.payuni.com.tw/web/#/7）「錯誤代碼」：交易建立 (街口支付 | JKoPay)
payuni,JKO02018,物流(取件不付款)，未有超商別,,api,error,見 PAYUNi 官方文件（docs.payuni.com.tw/web/#/7）「錯誤代碼」：交易建立 (街口支付 | JKoPay)
payuni,JKO02019,物流(取件不付款)，無法辨識的超商別,,api,error,見 PAYUNi 官方文件（docs.payuni.com.tw/web/#/7）「錯誤代碼」：交易建立 (街口支付 | JKoPay)
payuni,JKO02020,物流(取件不付款)，無超商的合作模式資訊,,api,error,見 PAYUNi 官方文件（docs.payuni.com.tw/web/#/7）「錯誤代碼」：交易建立 (街口支付 | JKoPay)
payuni,JKO02021,物流(取件不付款)，無法辨識的取件後付款方式,,api,error,見 PAYUNi 官方文件（docs.payuni.com.tw/web/#/7）「錯誤代碼」：交易建立 (街口支付 | JKoPay)
payuni,JKO02022,物流(取件不付款)，無超商的門市代碼,,api,error,見 PAYUNi 官方文件（docs.payuni.com.tw/web/#/7）「錯誤代碼」：交易建立 (街口支付 | JKoPay)
payuni,JKO02023,物流(取件不付款)，未有收件人姓名,,api,error,見 PAYUNi 官方文件（docs.payuni.com.tw/web/#/7）「錯誤代碼」：交易建立 (街口支付 | JKoPay)
payuni,JKO02024,物流(取件不付款)，收件人姓名，長度超過限制,,api,error,見 PAYUNi 官方文件（docs.payuni.com.tw/web/#/7）「錯誤代碼」：交易建立 (街口支付 | JKoPay)
payuni,JKO02025,物流(取件不付款)，未有收件人手機號碼,,api,error,見 PAYUNi 官方文件（docs.payuni.com.tw/web/#/7）「錯誤代碼」：交易建立 (街口支付 | JKoPay)
payuni,JKO02026,物流(取件不付款)，手機號碼格式錯誤(09開頭),,api,error,見 PAYUNi 官方文件（docs.payuni.com.tw/web/#/7）「錯誤代碼」：交易建立 (街口支付 | JKoPay)
payuni,JKO02027,物流(取件不付款)，該門市無法配送，請重新選擇門市,,api,error,見 PAYUNi 官方文件（docs.payuni.com.tw/web/#/7）「錯誤代碼」：交易建立 (街口支付 | JKoPay)
payuni,JKO02028,物流(取件不付款)，收件人電話區碼長度超過限制,,api,error,見 PAYUNi 官方文件（docs.payuni.com.tw/web/#/7）「錯誤代碼」：交易建立 (街口支付 | JKoPay)
payuni,JKO02029,物流(取件不付款)，收件人電話區碼格式錯誤,,api,error,見 PAYUNi 官方文件（docs.payuni.com.tw/web/#/7）「錯誤代碼」：交易建立 (街口支付 | JKoPay)
payuni,JKO02030,物流(取件不付款)，收件人電話長度超過限制,,api,error,見 PAYUNi 官方文件（docs.payuni.com.tw/web/#/7）「錯誤代碼」：交易建立 (街口支付 | JKoPay)
payuni,JKO02031,物流(取件不付款)，收件人電話格式錯誤,,api,error,見 PAYUNi 官方文件（docs.payuni.com.tw/web/#/7）「錯誤代碼」：交易建立 (街口支付 | JKoPay)
payuni,JKO02032,物流(取件不付款)，未有收件人地址,,api,error,見 PAYUNi 官方文件（docs.payuni.com.tw/web/#/7）「錯誤代碼」：交易建立 (街口支付 | JKoPay)
payuni,JKO02033,物流(取件不付款)，收件人地址長度超過限制,,api,error,見 PAYUNi 官方文件（docs.payuni.com.tw/web/#/7）「錯誤代碼」：交易建立 (街口支付 | JKoPay)
payuni,JKO02034,物流(取件不付款)，未有希望配達時間代碼,,api,error,見 PAYUNi 官方文件（docs.payuni.com.tw/web/#/7）「錯誤代碼」：交易建立 (街口支付 | JKoPay)
payuni,JKO02035,物流(取件不付款)，無法辨識的希望配達時間代碼,,api,error,見 PAYUNi 官方文件（docs.payuni.com.tw/web/#/7）「錯誤代碼」：交易建立 (街口支付 | JKoPay)
payuni,JKO02036,未有商品說明,,api,error,見 PAYUNi 官方文件（docs.payuni.com.tw/web/#/7）「錯誤代碼」：交易建立 (街口支付 | JKoPay)
payuni,JKO02037,未有消費者電子信箱,,api,error,見 PAYUNi 官方文件（docs.payuni.com.tw/web/#/7）「錯誤代碼」：交易建立 (街口支付 | JKoPay)
payuni,JKO02038,未有買方名稱(抬頭),,api,error,見 PAYUNi 官方文件（docs.payuni.com.tw/web/#/7）「錯誤代碼」：交易建立 (街口支付 | JKoPay)
payuni,JKO02039,未有載具類別,,api,error,見 PAYUNi 官方文件（docs.payuni.com.tw/web/#/7）「錯誤代碼」：交易建立 (街口支付 | JKoPay)
payuni,JKO02040,無法辨識的載具類別,,api,error,見 PAYUNi 官方文件（docs.payuni.com.tw/web/#/7）「錯誤代碼」：交易建立 (街口支付 | JKoPay)
payuni,JKO02041,載具資料不可為空,,api,error,見 PAYUNi 官方文件（docs.payuni.com.tw/web/#/7）「錯誤代碼」：交易建立 (街口支付 | JKoPay)
payuni,JKO02042,載具資料，格式錯誤,,api,error,見 PAYUNi 官方文件（docs.payuni.com.tw/web/#/7）「錯誤代碼」：交易建立 (街口支付 | JKoPay)
payuni,JKO02043,載具資料，格式錯誤(長度),,api,error,見 PAYUNi 官方文件（docs.payuni.com.tw/web/#/7）「錯誤代碼」：交易建立 (街口支付 | JKoPay)
payuni,JKO02044,商店不提供捐贈發票選項,,api,error,見 PAYUNi 官方文件（docs.payuni.com.tw/web/#/7）「錯誤代碼」：交易建立 (街口支付 | JKoPay)
payuni,JKO02045,此捐贈碼不在商店提供範圍內,,api,error,見 PAYUNi 官方文件（docs.payuni.com.tw/web/#/7）「錯誤代碼」：交易建立 (街口支付 | JKoPay)
payuni,JKO02046,未有優惠碼,,api,error,見 PAYUNi 官方文件（docs.payuni.com.tw/web/#/7）「錯誤代碼」：交易建立 (街口支付 | JKoPay)
payuni,JKO02047,折扣金額，格式錯誤,,api,error,見 PAYUNi 官方文件（docs.payuni.com.tw/web/#/7）「錯誤代碼」：交易建立 (街口支付 | JKoPay)
payuni,JKO02048,有優惠碼時，折扣金額(DiscountAmt)為必要欄位,,api,error,見 PAYUNi 官方文件（docs.payuni.com.tw/web/#/7）「錯誤代碼」：交易建立 (街口支付 | JKoPay)
payuni,JKO02049,訂單原始金額，格式錯誤,,api,error,見 PAYUNi 官方文件（docs.payuni.com.tw/web/#/7）「錯誤代碼」：交易建立 (街口支付 | JKoPay)
payuni,JKO02050,有優惠碼時，訂單原始金額(OrderAmt)為必要欄位,,api,error,見 PAYUNi 官方文件（docs.payuni.com.tw/web/#/7）「錯誤代碼」：交易建立 (街口支付 | JKoPay)
payuni,JKO02051,訂單原始金額(OrderAmt)不等於訂單金額(TradeAmt)+折扣金額(DiscountAmt),,api,error,見 PAYUNi 官方文件（docs.payuni.com.tw/web/#/7）「錯誤代碼」：交易建立 (街口支付 | JKoPay)
payuni,JKO02052,優惠券發券背景通知網址，格式錯誤,,api,error,見 PAYUNi 官方文件（docs.payuni.com.tw/web/#/7）「錯誤代碼」：交易建立 (街口支付 | JKoPay)
payuni,JKO03001,商店未啟用,,api,error,見 PAYUNi 官方文件（docs.payuni.com.tw/web/#/7）「錯誤代碼」：交易建立 (街口支付 | JKoPay)
payuni,JKO03002,商店未提供街口幕後交易,,api,error,見 PAYUNi 官方文件（docs.payuni.com.tw/web/#/7）「錯誤代碼」：交易建立 (街口支付 | JKoPay)
payuni,JKO03003,未有代理商幕後相關設定,,api,error,見 PAYUNi 官方文件（docs.payuni.com.tw/web/#/7）「錯誤代碼」：交易建立 (街口支付 | JKoPay)
payuni,JKO03004,不提供此IP幕後交易,,api,error,見 PAYUNi 官方文件（docs.payuni.com.tw/web/#/7）「錯誤代碼」：交易建立 (街口支付 | JKoPay)
payuni,JKO03005,商店未有設定AesType,,api,error,見 PAYUNi 官方文件（docs.payuni.com.tw/web/#/7）「錯誤代碼」：交易建立 (街口支付 | JKoPay)
payuni,JKO03006,商店AesType不符合,,api,error,見 PAYUNi 官方文件（docs.payuni.com.tw/web/#/7）「錯誤代碼」：交易建立 (街口支付 | JKoPay)
payuni,JKO03007,商店未提供街口支付,,api,error,見 PAYUNi 官方文件（docs.payuni.com.tw/web/#/7）「錯誤代碼」：交易建立 (街口支付 | JKoPay)
payuni,JKO03008,商店尚未啟用電子發票,,api,error,見 PAYUNi 官方文件（docs.payuni.com.tw/web/#/7）「錯誤代碼」：交易建立 (街口支付 | JKoPay)
payuni,JKO04001,已存在相同商店訂單編號,,api,error,見 PAYUNi 官方文件（docs.payuni.com.tw/web/#/7）「錯誤代碼」：交易建立 (街口支付 | JKoPay)
payuni,JKO04002,未有交易唯一Token,,api,error,見 PAYUNi 官方文件（docs.payuni.com.tw/web/#/7）「錯誤代碼」：交易建立 (街口支付 | JKoPay)
payuni,JKO05001,未有訂單編號,,api,error,見 PAYUNi 官方文件（docs.payuni.com.tw/web/#/7）「錯誤代碼」：交易建立 (街口支付 | JKoPay)
payuni,JKO05002,未有訂單金額,,api,error,見 PAYUNi 官方文件（docs.payuni.com.tw/web/#/7）「錯誤代碼」：交易建立 (街口支付 | JKoPay)
payuni,JKO05003,處理失敗,,api,error,見 PAYUNi 官方文件（docs.payuni.com.tw/web/#/7）「錯誤代碼」：交易建立 (街口支付 | JKoPay)
payuni,JKO05004,解析資料失敗,,api,error,見 PAYUNi 官方文件（docs.payuni.com.tw/web/#/7）「錯誤代碼」：交易建立 (街口支付 | JKoPay)
payuni,JKO05005,未有對應處理網址,,api,error,見 PAYUNi 官方文件（docs.payuni.com.tw/web/#/7）「錯誤代碼」：交易建立 (街口支付 | JKoPay)
payuni,JKO05006,未有ChannelKey,,api,error,見 PAYUNi 官方文件（docs.payuni.com.tw/web/#/7）「錯誤代碼」：交易建立 (街口支付 | JKoPay)
payuni,JKO05007,未有SecretKey,,api,error,見 PAYUNi 官方文件（docs.payuni.com.tw/web/#/7）「錯誤代碼」：交易建立 (街口支付 | JKoPay)
payuni,JKO05008,連線失敗,,api,error,見 PAYUNi 官方文件（docs.payuni.com.tw/web/#/7）「錯誤代碼」：交易建立 (街口支付 | JKoPay)
payuni,JKO05009,未有回覆資訊,,api,error,見 PAYUNi 官方文件（docs.payuni.com.tw/web/#/7）「錯誤代碼」：交易建立 (街口支付 | JKoPay)
payuni,JKO07001,付款失敗,,api,error,見 PAYUNi 官方文件（docs.payuni.com.tw/web/#/7）「錯誤代碼」：交易建立 (街口支付 | JKoPay)
payuni,JKO08001,交易風控(拒絕交易),,api,error,見 PAYUNi 官方文件（docs.payuni.com.tw/web/#/7）「錯誤代碼」：交易建立 (街口支付 | JKoPay)
payuni,JKO08002,交易風控(拒絕交易),,api,error,見 PAYUNi 官方文件（docs.payuni.com.tw/web/#/7）「錯誤代碼」：交易建立 (街口支付 | JKoPay)
payuni,JKO08003,交易風控(拒絕交易),,api,error,見 PAYUNi 官方文件（docs.payuni.com.tw/web/#/7）「錯誤代碼」：交易建立 (街口支付 | JKoPay)
payuni,JKO08004,交易風控(拒絕交易),,api,error,見 PAYUNi 官方文件（docs.payuni.com.tw/web/#/7）「錯誤代碼」：交易建立 (街口支付 | JKoPay)
payuni,JKO08005,交易風控(拒絕交易),,api,error,見 PAYUNi 官方文件（docs.payuni.com.tw/web/#/7）「錯誤代碼」：交易建立 (街口支付 | JKoPay)
payuni,API00006,未有Hash資料(HashInfo),,api,error,見 PAYUNi 官方文件（docs.payuni.com.tw/web/#/7）「錯誤代碼」：續期收款建立、續期收款狀態修改、續期收款訂單內容修改、續期收款卡號修改、續期收款訂單查詢
payuni,PRD01002,未有商店代號,,api,error,見 PAYUNi 官方文件（docs.payuni.com.tw/web/#/7）「錯誤代碼」：續期收款建立
payuni,PRD01003,資料 HASH 比對不符合,,api,error,見 PAYUNi 官方文件（docs.payuni.com.tw/web/#/7）「錯誤代碼」：續期收款建立
payuni,PRD01004,資料解密失敗,,api,error,見 PAYUNi 官方文件（docs.payuni.com.tw/web/#/7）「錯誤代碼」：續期收款建立
payuni,PRD01005,解密資料不存在,,api,error,見 PAYUNi 官方文件（docs.payuni.com.tw/web/#/7）「錯誤代碼」：續期收款建立
payuni,PRD01006,查無符合商店資料,,api,error,見 PAYUNi 官方文件（docs.payuni.com.tw/web/#/7）「錯誤代碼」：續期收款建立
payuni,PRD02001,未有商店代號,,api,error,見 PAYUNi 官方文件（docs.payuni.com.tw/web/#/7）「錯誤代碼」：續期收款建立
payuni,PRD02002,未有商店自訂編號,,api,error,見 PAYUNi 官方文件（docs.payuni.com.tw/web/#/7）「錯誤代碼」：續期收款建立
payuni,PRD02003,"商店訂單編號,超過長度限制",,api,error,見 PAYUNi 官方文件（docs.payuni.com.tw/web/#/7）「錯誤代碼」：續期收款建立
payuni,PRD02004,"商店訂單編號,格式錯誤(英數字-)",,api,error,見 PAYUNi 官方文件（docs.payuni.com.tw/web/#/7）「錯誤代碼」：續期收款建立
payuni,PRD02005,訂單金額，僅可輸入整數,,api,error,見 PAYUNi 官方文件（docs.payuni.com.tw/web/#/7）「錯誤代碼」：續期收款建立
payuni,PRD02006,訂單金額，格式錯誤(1~199999),,api,error,見 PAYUNi 官方文件（docs.payuni.com.tw/web/#/7）「錯誤代碼」：續期收款建立
payuni,PRD02007,未有預計授權日期,,api,error,見 PAYUNi 官方文件（docs.payuni.com.tw/web/#/7）「錯誤代碼」：續期收款建立
payuni,PRD02008,未有信用卡卡號,,api,error,見 PAYUNi 官方文件（docs.payuni.com.tw/web/#/7）「錯誤代碼」：續期收款建立
payuni,PRD02009,信用卡卡號需為數字型態,,api,error,見 PAYUNi 官方文件（docs.payuni.com.tw/web/#/7）「錯誤代碼」：續期收款建立
payuni,PRD02010,信用卡卡號需為16位數字,,api,error,見 PAYUNi 官方文件（docs.payuni.com.tw/web/#/7）「錯誤代碼」：續期收款建立
payuni,PRD02011,未有信用卡卡片到期日,,api,error,見 PAYUNi 官方文件（docs.payuni.com.tw/web/#/7）「錯誤代碼」：續期收款建立
payuni,PRD02012,信用卡到期日，格式錯誤(YYMM),,api,error,見 PAYUNi 官方文件（docs.payuni.com.tw/web/#/7）「錯誤代碼」：續期收款建立
payuni,PRD02013,未有信用卡末三碼,,api,error,見 PAYUNi 官方文件（docs.payuni.com.tw/web/#/7）「錯誤代碼」：續期收款建立
payuni,PRD02014,未有代理商幕後相關設定,,api,error,見 PAYUNi 官方文件（docs.payuni.com.tw/web/#/7）「錯誤代碼」：續期收款建立
payuni,PRD02015,信用卡末三碼，格式錯誤,,api,error,見 PAYUNi 官方文件（docs.payuni.com.tw/web/#/7）「錯誤代碼」：續期收款建立
payuni,PRD02016,付款人姓名，超過長度限制,,api,error,見 PAYUNi 官方文件（docs.payuni.com.tw/web/#/7）「錯誤代碼」：續期收款建立
payuni,PRD02017,付款人電話，超過長度限制,,api,error,見 PAYUNi 官方文件（docs.payuni.com.tw/web/#/7）「錯誤代碼」：續期收款建立
payuni,PRD02018,付款人電話，格式錯誤,,api,error,見 PAYUNi 官方文件（docs.payuni.com.tw/web/#/7）「錯誤代碼」：續期收款建立
payuni,PRD02019,付款人Email，格式錯誤,,api,error,見 PAYUNi 官方文件（docs.payuni.com.tw/web/#/7）「錯誤代碼」：續期收款建立
payuni,PRD02020,付款人地址，超過長度限制,,api,error,見 PAYUNi 官方文件（docs.payuni.com.tw/web/#/7）「錯誤代碼」：續期收款建立
payuni,PRD02021,收件人姓名，超過長度限制,,api,error,見 PAYUNi 官方文件（docs.payuni.com.tw/web/#/7）「錯誤代碼」：續期收款建立
payuni,PRD02022,收件人電話，超過長度限制,,api,error,見 PAYUNi 官方文件（docs.payuni.com.tw/web/#/7）「錯誤代碼」：續期收款建立
payuni,PRD02023,收件人電話，格式錯誤,,api,error,見 PAYUNi 官方文件（docs.payuni.com.tw/web/#/7）「錯誤代碼」：續期收款建立
payuni,PRD02025,收件人地址，超過長度限制,,api,error,見 PAYUNi 官方文件（docs.payuni.com.tw/web/#/7）「錯誤代碼」：續期收款建立
payuni,PRD02026,預計授權日期格式錯誤,,api,error,見 PAYUNi 官方文件（docs.payuni.com.tw/web/#/7）「錯誤代碼」：續期收款建立
payuni,PRD02029,不可修改欄位條件超過限制,,api,error,見 PAYUNi 官方文件（docs.payuni.com.tw/web/#/7）「錯誤代碼」：續期收款建立
payuni,PRD02030,前景通知網址，格式錯誤,,api,error,見 PAYUNi 官方文件（docs.payuni.com.tw/web/#/7）「錯誤代碼」：續期收款建立
payuni,PRD02031,背景通知網址，格式錯誤,,api,error,見 PAYUNi 官方文件（docs.payuni.com.tw/web/#/7）「錯誤代碼」：續期收款建立
payuni,PRD02032,返回通知網址，格式錯誤,,api,error,見 PAYUNi 官方文件（docs.payuni.com.tw/web/#/7）「錯誤代碼」：續期收款建立
payuni,PRD02033,商店未提供約定信用卡幕後交易,,api,error,見 PAYUNi 官方文件（docs.payuni.com.tw/web/#/7）「錯誤代碼」：續期收款建立
payuni,PRD02034,交易截止秒數，超過範圍(60-600),,api,error,見 PAYUNi 官方文件（docs.payuni.com.tw/web/#/7）「錯誤代碼」：續期收款建立
payuni,PRD02035,首期扣款日期格式錯誤,,api,error,見 PAYUNi 官方文件（docs.payuni.com.tw/web/#/7）「錯誤代碼」：續期收款建立
payuni,PRD02036,扣款週期格式錯誤,,api,error,見 PAYUNi 官方文件（docs.payuni.com.tw/web/#/7）「錯誤代碼」：續期收款建立
payuni,PRD02037,扣款日期格式錯誤,,api,error,見 PAYUNi 官方文件（docs.payuni.com.tw/web/#/7）「錯誤代碼」：續期收款建立
payuni,PRD02038,扣款期數僅可輸入數字,,api,error,見 PAYUNi 官方文件（docs.payuni.com.tw/web/#/7）「錯誤代碼」：續期收款建立
payuni,PRD02039,扣款期數超過上限(900),,api,error,見 PAYUNi 官方文件（docs.payuni.com.tw/web/#/7）「錯誤代碼」：續期收款建立
payuni,PRD02040,未有首期扣款設定,,api,error,見 PAYUNi 官方文件（docs.payuni.com.tw/web/#/7）「錯誤代碼」：續期收款建立
payuni,PRD02041,首期扣款設定格式錯誤,,api,error,見 PAYUNi 官方文件（docs.payuni.com.tw/web/#/7）「錯誤代碼」：續期收款建立
payuni,PRD02042,自訂扣款日期及扣款週期、日期、期數只可則一傳入,,api,error,見 PAYUNi 官方文件（docs.payuni.com.tw/web/#/7）「錯誤代碼」：續期收款建立
payuni,PRD02043,商店未提供續期收款幕後交易,,api,error,見 PAYUNi 官方文件（docs.payuni.com.tw/web/#/7）「錯誤代碼」：續期收款建立
payuni,PRD02044,不可修改欄位條件格式錯誤,,api,error,見 PAYUNi 官方文件（docs.payuni.com.tw/web/#/7）「錯誤代碼」：續期收款建立
payuni,PRD02045,不提供此IP幕後交易,,api,error,見 PAYUNi 官方文件（docs.payuni.com.tw/web/#/7）「錯誤代碼」：續期收款建立
payuni,PRD02046,未有商品說明,,api,error,見 PAYUNi 官方文件（docs.payuni.com.tw/web/#/7）「錯誤代碼」：續期收款建立
payuni,PRD02047,商品說明，超過長度限制,,api,error,見 PAYUNi 官方文件（docs.payuni.com.tw/web/#/7）「錯誤代碼」：續期收款建立
payuni,PRD02048,未有訂單金額,,api,error,見 PAYUNi 官方文件（docs.payuni.com.tw/web/#/7）「錯誤代碼」：續期收款建立
payuni,PRD02050,首期金額，僅可輸入整數,,api,error,見 PAYUNi 官方文件（docs.payuni.com.tw/web/#/7）「錯誤代碼」：續期收款建立
payuni,PRD02051,首期金額，格式錯誤(1~199999),,api,error,見 PAYUNi 官方文件（docs.payuni.com.tw/web/#/7）「錯誤代碼」：續期收款建立
payuni,PRD02052,續期收款單號重複,,api,error,見 PAYUNi 官方文件（docs.payuni.com.tw/web/#/7）「錯誤代碼」：續期收款建立
payuni,PRD03001,商店未啟用,,api,error,見 PAYUNi 官方文件（docs.payuni.com.tw/web/#/7）「錯誤代碼」：續期收款建立、續期收款狀態修改、續期收款訂單查詢
payuni,PRD04001,授權失敗,,api,error,見 PAYUNi 官方文件（docs.payuni.com.tw/web/#/7）「錯誤代碼」：續期收款建立
payuni,PRD04002,訂單建立失敗，請洽客服人員,,api,error,見 PAYUNi 官方文件（docs.payuni.com.tw/web/#/7）「錯誤代碼」：續期收款建立
payuni,PMDF01002,未有商店代號,,api,error,見 PAYUNi 官方文件（docs.payuni.com.tw/web/#/7）「錯誤代碼」：續期收款狀態修改、續期收款訂單查詢
payuni,PMDF01003,資料 HASH 比對不符合,,api,error,見 PAYUNi 官方文件（docs.payuni.com.tw/web/#/7）「錯誤代碼」：續期收款狀態修改、續期收款訂單查詢
payuni,PMDF01004,資料解密失敗,,api,error,見 PAYUNi 官方文件（docs.payuni.com.tw/web/#/7）「錯誤代碼」：續期收款狀態修改、續期收款訂單查詢
payuni,PMDF01005,解密資料不存在,,api,error,見 PAYUNi 官方文件（docs.payuni.com.tw/web/#/7）「錯誤代碼」：續期收款狀態修改、續期收款訂單查詢
payuni,PMDF01006,查無符合商店資料,,api,error,見 PAYUNi 官方文件（docs.payuni.com.tw/web/#/7）「錯誤代碼」：續期收款狀態修改、續期收款訂單查詢
payuni,PMDF02001,未有商店代號,,api,error,見 PAYUNi 官方文件（docs.payuni.com.tw/web/#/7）「錯誤代碼」：續期收款狀態修改、續期收款訂單查詢
payuni,PMDF02002,商店訂單編號，超過長度限制,,api,error,見 PAYUNi 官方文件（docs.payuni.com.tw/web/#/7）「錯誤代碼」：續期收款狀態修改
payuni,PMDF02003,"商店訂單編號,格式錯誤(英數字-)",,api,error,見 PAYUNi 官方文件（docs.payuni.com.tw/web/#/7）「錯誤代碼」：續期收款狀態修改
payuni,PMDF02004,未有修改訂單狀態,,api,error,見 PAYUNi 官方文件（docs.payuni.com.tw/web/#/7）「錯誤代碼」：續期收款狀態修改
payuni,PMDF02005,修改訂單狀態格式錯誤,,api,error,見 PAYUNi 官方文件（docs.payuni.com.tw/web/#/7）「錯誤代碼」：續期收款狀態修改
payuni,PMDF02006,未有續期收款單號,,api,error,見 PAYUNi 官方文件（docs.payuni.com.tw/web/#/7）「錯誤代碼」：續期收款狀態修改、續期收款訂單查詢
payuni,PMDF02007,續期收款單號，超過長度限制,,api,error,見 PAYUNi 官方文件（docs.payuni.com.tw/web/#/7）「錯誤代碼」：續期收款狀態修改、續期收款訂單查詢
payuni,PMDF02008,修改期數編號，格式錯誤,,api,error,見 PAYUNi 官方文件（docs.payuni.com.tw/web/#/7）「錯誤代碼」：續期收款狀態修改
payuni,PMDF02009,修改期數編號，超過限制,,api,error,見 PAYUNi 官方文件（docs.payuni.com.tw/web/#/7）「錯誤代碼」：續期收款狀態修改
payuni,PMDF02010,缺少重新授權必要參數,,api,error,見 PAYUNi 官方文件（docs.payuni.com.tw/web/#/7）「錯誤代碼」：續期收款狀態修改
payuni,PMDF02011,終止參數格式錯誤,,api,error,見 PAYUNi 官方文件（docs.payuni.com.tw/web/#/7）「錯誤代碼」：續期收款狀態修改
payuni,PMDF02012,查詢訂單資料錯誤，請稍後再試,,api,error,見 PAYUNi 官方文件（docs.payuni.com.tw/web/#/7）「錯誤代碼」：續期收款狀態修改、續期收款訂單查詢
payuni,PMDF02013,不可調整已終止訂單狀態,,api,error,見 PAYUNi 官方文件（docs.payuni.com.tw/web/#/7）「錯誤代碼」：續期收款狀態修改
payuni,PMDF02014,該期數無需重新授權，請確認,,api,error,見 PAYUNi 官方文件（docs.payuni.com.tw/web/#/7）「錯誤代碼」：續期收款狀態修改
payuni,PMDF02015,該期數已執行過重新授權，請確認,,api,error,見 PAYUNi 官方文件（docs.payuni.com.tw/web/#/7）「錯誤代碼」：續期收款狀態修改
payuni,PMDF02016,重新授權失敗,,api,error,見 PAYUNi 官方文件（docs.payuni.com.tw/web/#/7）「錯誤代碼」：續期收款狀態修改
payuni,PMDF02017,狀態修改失敗,,api,error,見 PAYUNi 官方文件（docs.payuni.com.tw/web/#/7）「錯誤代碼」：續期收款狀態修改
payuni,PMDF02018,查詢訂單資料錯誤，請確認續期收款單號是否正確,,api,error,見 PAYUNi 官方文件（docs.payuni.com.tw/web/#/7）「錯誤代碼」：續期收款狀態修改、續期收款訂單查詢
payuni,PMDF04001,授權失敗,,api,error,見 PAYUNi 官方文件（docs.payuni.com.tw/web/#/7）「錯誤代碼」：續期收款狀態修改、續期收款訂單查詢
payuni,PMDF04002,訂單建立失敗，請洽客服人員,,api,error,見 PAYUNi 官方文件（docs.payuni.com.tw/web/#/7）「錯誤代碼」：續期收款狀態修改、續期收款訂單查詢
payuni,PMDD01002,未有商店代號,,api,error,見 PAYUNi 官方文件（docs.payuni.com.tw/web/#/7）「錯誤代碼」：續期收款訂單內容修改
payuni,PMDD01003,資料 HASH 比對不符合,,api,error,見 PAYUNi 官方文件（docs.payuni.com.tw/web/#/7）「錯誤代碼」：續期收款訂單內容修改
payuni,PMDD01004,資料解密失敗,,api,error,見 PAYUNi 官方文件（docs.payuni.com.tw/web/#/7）「錯誤代碼」：續期收款訂單內容修改
payuni,PMDD01005,解密資料不存在,,api,error,見 PAYUNi 官方文件（docs.payuni.com.tw/web/#/7）「錯誤代碼」：續期收款訂單內容修改
payuni,PMDD01006,查無符合商店資料,,api,error,見 PAYUNi 官方文件（docs.payuni.com.tw/web/#/7）「錯誤代碼」：續期收款訂單內容修改
payuni,PMDD02001,未有商店代號,,api,error,見 PAYUNi 官方文件（docs.payuni.com.tw/web/#/7）「錯誤代碼」：續期收款訂單內容修改
payuni,PMDD02002,每期金額僅可輸入數字,,api,error,見 PAYUNi 官方文件（docs.payuni.com.tw/web/#/7）「錯誤代碼」：續期收款訂單內容修改
payuni,PMDD02003,每期金額，格式錯誤(1~199999),,api,error,見 PAYUNi 官方文件（docs.payuni.com.tw/web/#/7）「錯誤代碼」：續期收款訂單內容修改
payuni,PMDD02004,首期金額僅可輸入數字,,api,error,見 PAYUNi 官方文件（docs.payuni.com.tw/web/#/7）「錯誤代碼」：續期收款訂單內容修改
payuni,PMDD02005,首期金額，格式錯誤(1~199999),,api,error,見 PAYUNi 官方文件（docs.payuni.com.tw/web/#/7）「錯誤代碼」：續期收款訂單內容修改
payuni,PMDD02006,未有續期收款單號,,api,error,見 PAYUNi 官方文件（docs.payuni.com.tw/web/#/7）「錯誤代碼」：續期收款訂單內容修改
payuni,PMDD02007,續期收款單號，超過長度限制,,api,error,見 PAYUNi 官方文件（docs.payuni.com.tw/web/#/7）「錯誤代碼」：續期收款訂單內容修改
payuni,PMDD02008,付款人姓名，超過長度限制,,api,error,見 PAYUNi 官方文件（docs.payuni.com.tw/web/#/7）「錯誤代碼」：續期收款訂單內容修改
payuni,PMDD02009,付款人電話，超過長度限制,,api,error,見 PAYUNi 官方文件（docs.payuni.com.tw/web/#/7）「錯誤代碼」：續期收款訂單內容修改
payuni,PMDD02010,付款人電話，格式錯誤,,api,error,見 PAYUNi 官方文件（docs.payuni.com.tw/web/#/7）「錯誤代碼」：續期收款訂單內容修改
payuni,PMDD02011,付款人Email，格式錯誤,,api,error,見 PAYUNi 官方文件（docs.payuni.com.tw/web/#/7）「錯誤代碼」：續期收款訂單內容修改
payuni,PMDD02013,扣款週期格式錯誤,,api,error,見 PAYUNi 官方文件（docs.payuni.com.tw/web/#/7）「錯誤代碼」：續期收款訂單內容修改
payuni,PMDD02014,扣款日期格式錯誤,,api,error,見 PAYUNi 官方文件（docs.payuni.com.tw/web/#/7）「錯誤代碼」：續期收款訂單內容修改
payuni,PMDD02015,扣款期數僅可輸入數字,,api,error,見 PAYUNi 官方文件（docs.payuni.com.tw/web/#/7）「錯誤代碼」：續期收款訂單內容修改
payuni,PMDD02016,扣款期數超過上限(900),,api,error,見 PAYUNi 官方文件（docs.payuni.com.tw/web/#/7）「錯誤代碼」：續期收款訂單內容修改
payuni,PMDD02017,自訂扣款日期及扣款週期、日期、期數只可則一傳入,,api,error,見 PAYUNi 官方文件（docs.payuni.com.tw/web/#/7）「錯誤代碼」：續期收款訂單內容修改
payuni,PMDD02018,預計授權日期格式錯誤,,api,error,見 PAYUNi 官方文件（docs.payuni.com.tw/web/#/7）「錯誤代碼」：續期收款訂單內容修改
payuni,PMDD02019,修改資料失敗,,api,error,見 PAYUNi 官方文件（docs.payuni.com.tw/web/#/7）「錯誤代碼」：續期收款訂單內容修改
payuni,PMDD02020,不可更換週期方式,,api,error,見 PAYUNi 官方文件（docs.payuni.com.tw/web/#/7）「錯誤代碼」：續期收款訂單內容修改
payuni,PMDD02021,不可透過api方式修改該資料,,api,error,見 PAYUNi 官方文件（docs.payuni.com.tw/web/#/7）「錯誤代碼」：續期收款訂單內容修改
payuni,PMDD02022,查詢編輯資料錯誤，請稍後再試,,api,error,見 PAYUNi 官方文件（docs.payuni.com.tw/web/#/7）「錯誤代碼」：續期收款訂單內容修改
payuni,PMDD02023,查詢訂單資料錯誤，請稍後再試,,api,error,見 PAYUNi 官方文件（docs.payuni.com.tw/web/#/7）「錯誤代碼」：續期收款訂單內容修改
payuni,PMDD02024,非啟用訂單不可修改,,api,error,見 PAYUNi 官方文件（docs.payuni.com.tw/web/#/7）「錯誤代碼」：續期收款訂單內容修改
payuni,PRDD3001,商店未啟用,,api,error,見 PAYUNi 官方文件（docs.payuni.com.tw/web/#/7）「錯誤代碼」：續期收款訂單內容修改
payuni,PMDD04001,授權失敗,,api,error,見 PAYUNi 官方文件（docs.payuni.com.tw/web/#/7）「錯誤代碼」：續期收款訂單內容修改
payuni,PMDD04002,訂單建立失敗，請洽客服人員,,api,error,見 PAYUNi 官方文件（docs.payuni.com.tw/web/#/7）「錯誤代碼」：續期收款訂單內容修改
payuni,PCHG01002,未有商店代號,,api,error,見 PAYUNi 官方文件（docs.payuni.com.tw/web/#/7）「錯誤代碼」：續期收款卡號修改
payuni,PCHG01003,資料 HASH 比對不符合,,api,error,見 PAYUNi 官方文件（docs.payuni.com.tw/web/#/7）「錯誤代碼」：續期收款卡號修改
payuni,PCHG01004,資料解密失敗,,api,error,見 PAYUNi 官方文件（docs.payuni.com.tw/web/#/7）「錯誤代碼」：續期收款卡號修改
payuni,PCHG01005,解密資料不存在,,api,error,見 PAYUNi 官方文件（docs.payuni.com.tw/web/#/7）「錯誤代碼」：續期收款卡號修改
payuni,PCHG01006,查無符合商店資料,,api,error,見 PAYUNi 官方文件（docs.payuni.com.tw/web/#/7）「錯誤代碼」：續期收款卡號修改
payuni,PCHG02001,未有商店代號,,api,error,見 PAYUNi 官方文件（docs.payuni.com.tw/web/#/7）「錯誤代碼」：續期收款卡號修改
payuni,PCHG02002,商店未提供續期收款幕後交易,,api,error,見 PAYUNi 官方文件（docs.payuni.com.tw/web/#/7）「錯誤代碼」：續期收款卡號修改
payuni,PCHG02003,不提供此IP幕後交易,,api,error,見 PAYUNi 官方文件（docs.payuni.com.tw/web/#/7）「錯誤代碼」：續期收款卡號修改
payuni,PCHG02004,未有續期收款單號,,api,error,見 PAYUNi 官方文件（docs.payuni.com.tw/web/#/7）「錯誤代碼」：續期收款卡號修改
payuni,PCHG02005,續期收款單號，超過長度限制,,api,error,見 PAYUNi 官方文件（docs.payuni.com.tw/web/#/7）「錯誤代碼」：續期收款卡號修改
payuni,PCHG02006,續期收款單號，格式錯誤(英數字-),,api,error,見 PAYUNi 官方文件（docs.payuni.com.tw/web/#/7）「錯誤代碼」：續期收款卡號修改
payuni,PCHG02007,支付頁型態參數錯誤,,api,error,見 PAYUNi 官方文件（docs.payuni.com.tw/web/#/7）「錯誤代碼」：續期收款卡號修改
payuni,PCHG02008,信用卡卡號需為數字型態,,api,error,見 PAYUNi 官方文件（docs.payuni.com.tw/web/#/7）「錯誤代碼」：續期收款卡號修改
payuni,PCHG02009,信用卡卡號需為16位數字,,api,error,見 PAYUNi 官方文件（docs.payuni.com.tw/web/#/7）「錯誤代碼」：續期收款卡號修改
payuni,PCHG02010,信用卡到期日，格式錯誤(MMYY),,api,error,見 PAYUNi 官方文件（docs.payuni.com.tw/web/#/7）「錯誤代碼」：續期收款卡號修改
payuni,PCHG02011,信用卡末三碼，長度限制錯誤,,api,error,見 PAYUNi 官方文件（docs.payuni.com.tw/web/#/7）「錯誤代碼」：續期收款卡號修改
payuni,PCHG02012,信用卡末三碼，格式錯誤,,api,error,見 PAYUNi 官方文件（docs.payuni.com.tw/web/#/7）「錯誤代碼」：續期收款卡號修改
payuni,PCHG02013,支付頁參數及信用卡資訊只可則一傳入,,api,error,見 PAYUNi 官方文件（docs.payuni.com.tw/web/#/7）「錯誤代碼」：續期收款卡號修改
payuni,PCHG02014,已達每日修改上限(5次),,api,error,見 PAYUNi 官方文件（docs.payuni.com.tw/web/#/7）「錯誤代碼」：續期收款卡號修改
payuni,PCHG02015,取得訂單資料失敗，請稍後再試,,api,error,見 PAYUNi 官方文件（docs.payuni.com.tw/web/#/7）「錯誤代碼」：續期收款卡號修改
payuni,PCHG02016,更新交易資訊失敗(token),,api,error,見 PAYUNi 官方文件（docs.payuni.com.tw/web/#/7）「錯誤代碼」：續期收款卡號修改
payuni,PCHG02017,狀態修改失敗,,api,error,見 PAYUNi 官方文件（docs.payuni.com.tw/web/#/7）「錯誤代碼」：續期收款卡號修改
payuni,PCHG03001,商店未啟用,,api,error,見 PAYUNi 官方文件（docs.payuni.com.tw/web/#/7）「錯誤代碼」：續期收款卡號修改
payuni,PCHG04001,授權失敗,,api,error,見 PAYUNi 官方文件（docs.payuni.com.tw/web/#/7）「錯誤代碼」：續期收款卡號修改
payuni,PCHG04002,訂單建立失敗，請洽客服人員,,api,error,見 PAYUNi 官方文件（docs.payuni.com.tw/web/#/7）「錯誤代碼」：續期收款卡號修改
payuni,PCHG04003,系統忙碌中，尚未確認交易結果,,api,error,見 PAYUNi 官方文件（docs.payuni.com.tw/web/#/7）「錯誤代碼」：續期收款卡號修改
payuni,OPMA01001,解密資料不存在,,api,error,見 PAYUNi 官方文件（docs.payuni.com.tw/web/#/7）「錯誤代碼」：OPEN POINT
payuni,OPMA01002,未有商店代號,,api,error,見 PAYUNi 官方文件（docs.payuni.com.tw/web/#/7）「錯誤代碼」：OPEN POINT
payuni,OPMA01003,未有時間戳記,,api,error,見 PAYUNi 官方文件（docs.payuni.com.tw/web/#/7）「錯誤代碼」：OPEN POINT
payuni,OPMA01004,時間戳記，僅可輸入整數,,api,error,見 PAYUNi 官方文件（docs.payuni.com.tw/web/#/7）「錯誤代碼」：OPEN POINT
payuni,OPMA01005,時間戳記，已過期,,api,error,見 PAYUNi 官方文件（docs.payuni.com.tw/web/#/7）「錯誤代碼」：OPEN POINT
payuni,OPMA01006,未有電話格式,,api,error,見 PAYUNi 官方文件（docs.payuni.com.tw/web/#/7）「錯誤代碼」：OPEN POINT
payuni,OPMA01007,電話格式不符,,api,error,見 PAYUNi 官方文件（docs.payuni.com.tw/web/#/7）「錯誤代碼」：OPEN POINT
payuni,OPMA01008,再次驗證格式不符合,,api,error,見 PAYUNi 官方文件（docs.payuni.com.tw/web/#/7）「錯誤代碼」：OPEN POINT
payuni,OPMA02001,未有商店資料,,api,error,見 PAYUNi 官方文件（docs.payuni.com.tw/web/#/7）「錯誤代碼」：OPEN POINT
payuni,OPMA02002,商店未啟用,,api,error,見 PAYUNi 官方文件（docs.payuni.com.tw/web/#/7）「錯誤代碼」：OPEN POINT
payuni,OPMA03001,取得驗證碼失敗,,api,error,見 PAYUNi 官方文件（docs.payuni.com.tw/web/#/7）「錯誤代碼」：OPEN POINT
payuni,OPMC01001,解密資料不存在,,api,error,見 PAYUNi 官方文件（docs.payuni.com.tw/web/#/7）「錯誤代碼」：OPEN POINT
payuni,OPMC01002,未有商店代號,,api,error,見 PAYUNi 官方文件（docs.payuni.com.tw/web/#/7）「錯誤代碼」：OPEN POINT
payuni,OPMC01003,未有時間戳記,,api,error,見 PAYUNi 官方文件（docs.payuni.com.tw/web/#/7）「錯誤代碼」：OPEN POINT
payuni,OPMC01004,時間戳記，僅可輸入整數,,api,error,見 PAYUNi 官方文件（docs.payuni.com.tw/web/#/7）「錯誤代碼」：OPEN POINT
payuni,OPMC01005,時間戳記，已過期,,api,error,見 PAYUNi 官方文件（docs.payuni.com.tw/web/#/7）「錯誤代碼」：OPEN POINT
payuni,OPMC01006,未有驗證Token,,api,error,見 PAYUNi 官方文件（docs.payuni.com.tw/web/#/7）「錯誤代碼」：OPEN POINT
payuni,OPMC01007,未有驗證碼,,api,error,見 PAYUNi 官方文件（docs.payuni.com.tw/web/#/7）「錯誤代碼」：OPEN POINT
payuni,OPMC02001,未有商店資料,,api,error,見 PAYUNi 官方文件（docs.payuni.com.tw/web/#/7）「錯誤代碼」：OPEN POINT
payuni,OPMC02002,商店未啟用,,api,error,見 PAYUNi 官方文件（docs.payuni.com.tw/web/#/7）「錯誤代碼」：OPEN POINT
payuni,OPMC03001,資料異常,,api,error,見 PAYUNi 官方文件（docs.payuni.com.tw/web/#/7）「錯誤代碼」：OPEN POINT
payuni,OPMC03002,確認會員失敗,,api,error,見 PAYUNi 官方文件（docs.payuni.com.tw/web/#/7）「錯誤代碼」：OPEN POINT
payuni,OPPQ01001,解密資料不存在,,api,error,見 PAYUNi 官方文件（docs.payuni.com.tw/web/#/7）「錯誤代碼」：OPEN POINT
payuni,OPPQ01002,未有商店代號,,api,error,見 PAYUNi 官方文件（docs.payuni.com.tw/web/#/7）「錯誤代碼」：OPEN POINT
payuni,OPPQ01003,未有時間戳記,,api,error,見 PAYUNi 官方文件（docs.payuni.com.tw/web/#/7）「錯誤代碼」：OPEN POINT
payuni,OPPQ01004,時間戳記，僅可輸入整數,,api,error,見 PAYUNi 官方文件（docs.payuni.com.tw/web/#/7）「錯誤代碼」：OPEN POINT
payuni,OPPQ01005,時間戳記，已過期,,api,error,見 PAYUNi 官方文件（docs.payuni.com.tw/web/#/7）「錯誤代碼」：OPEN POINT
payuni,OPPQ01006,[OPEN POINT] 未有會員Token / [OPEN POINT] 未有會員GID,,api,error,見 PAYUNi 官方文件（docs.payuni.com.tw/web/#/7）「錯誤代碼」：OPEN POINT
payuni,OPPQ02001,未有商店資料,,api,error,見 PAYUNi 官方文件（docs.payuni.com.tw/web/#/7）「錯誤代碼」：OPEN POINT
payuni,OPPQ02002,商店未啟用,,api,error,見 PAYUNi 官方文件（docs.payuni.com.tw/web/#/7）「錯誤代碼」：OPEN POINT
payuni,OPPQ03001,查詢會員點數失敗,,api,error,見 PAYUNi 官方文件（docs.payuni.com.tw/web/#/7）「錯誤代碼」：OPEN POINT
payuni,OPPQ03002,查詢條件異常,,api,error,見 PAYUNi 官方文件（docs.payuni.com.tw/web/#/7）「錯誤代碼」：OPEN POINT
payuni,OPPT01001,解密資料不存在,,api,error,見 PAYUNi 官方文件（docs.payuni.com.tw/web/#/7）「錯誤代碼」：OPEN POINT
payuni,OPPT01002,未有商店代號,,api,error,見 PAYUNi 官方文件（docs.payuni.com.tw/web/#/7）「錯誤代碼」：OPEN POINT
payuni,OPPT01003,未有時間戳記,,api,error,見 PAYUNi 官方文件（docs.payuni.com.tw/web/#/7）「錯誤代碼」：OPEN POINT
payuni,OPPT01004,時間戳記，僅可輸入整數,,api,error,見 PAYUNi 官方文件（docs.payuni.com.tw/web/#/7）「錯誤代碼」：OPEN POINT
payuni,OPPT01005,時間戳記，已過期,,api,error,見 PAYUNi 官方文件（docs.payuni.com.tw/web/#/7）「錯誤代碼」：OPEN POINT
payuni,OPPT01006,[OPEN POINT] 未有會員Token / [OPEN POINT] 未有會員GID,,api,error,見 PAYUNi 官方文件（docs.payuni.com.tw/web/#/7）「錯誤代碼」：OPEN POINT
payuni,OPPT01007,未有處理類型,,api,error,見 PAYUNi 官方文件（docs.payuni.com.tw/web/#/7）「錯誤代碼」：OPEN POINT
payuni,OPPT01008,處理類型，格式錯誤,,api,error,見 PAYUNi 官方文件（docs.payuni.com.tw/web/#/7）「錯誤代碼」：OPEN POINT
payuni,OPPT01009,未有訂單編號,,api,error,見 PAYUNi 官方文件（docs.payuni.com.tw/web/#/7）「錯誤代碼」：OPEN POINT
payuni,OPPT01010,訂單編號，超過長度限制,,api,error,見 PAYUNi 官方文件（docs.payuni.com.tw/web/#/7）「錯誤代碼」：OPEN POINT
payuni,OPPT01011,訂單編號，格式錯誤,,api,error,見 PAYUNi 官方文件（docs.payuni.com.tw/web/#/7）「錯誤代碼」：OPEN POINT
payuni,OPPT01012,未有商店自訂編號,,api,error,見 PAYUNi 官方文件（docs.payuni.com.tw/web/#/7）「錯誤代碼」：OPEN POINT
payuni,OPPT01013,商店自訂編號，超過長度限制,,api,error,見 PAYUNi 官方文件（docs.payuni.com.tw/web/#/7）「錯誤代碼」：OPEN POINT
payuni,OPPT01014,商店自訂編號，格式錯誤,,api,error,見 PAYUNi 官方文件（docs.payuni.com.tw/web/#/7）「錯誤代碼」：OPEN POINT
payuni,OPPT01015,未有點數,,api,error,見 PAYUNi 官方文件（docs.payuni.com.tw/web/#/7）「錯誤代碼」：OPEN POINT
payuni,OPPT01016,點數，僅可輸入整數,,api,error,見 PAYUNi 官方文件（docs.payuni.com.tw/web/#/7）「錯誤代碼」：OPEN POINT
payuni,OPPT01017,點數，格式錯誤,,api,error,見 PAYUNi 官方文件（docs.payuni.com.tw/web/#/7）「錯誤代碼」：OPEN POINT
payuni,OPPT02001,未有商店資料,,api,error,見 PAYUNi 官方文件（docs.payuni.com.tw/web/#/7）「錯誤代碼」：OPEN POINT
payuni,OPPT02002,商店未啟用,,api,error,見 PAYUNi 官方文件（docs.payuni.com.tw/web/#/7）「錯誤代碼」：OPEN POINT
payuni,OPPT03001,處理失敗,,api,error,見 PAYUNi 官方文件（docs.payuni.com.tw/web/#/7）「錯誤代碼」：OPEN POINT
payuni,OPPT03002,[OPEN POINT] 存在相同商店自訂編號 / [OPEN POINT] 查詢條件異常,,api,error,見 PAYUNi 官方文件（docs.payuni.com.tw/web/#/7）「錯誤代碼」：OPEN POINT
payuni,CHKUSE01000,系統發生錯誤，請聯絡客服,,api,error,見 PAYUNi 官方文件（docs.payuni.com.tw/web/#/7）「錯誤代碼」：優惠券使用查詢
payuni,CHKUSE01001,未有商店代號,,api,error,見 PAYUNi 官方文件（docs.payuni.com.tw/web/#/7）「錯誤代碼」：優惠券使用查詢
payuni,CHKUSE01002,資料 HASH 比對不符合,,api,error,見 PAYUNi 官方文件（docs.payuni.com.tw/web/#/7）「錯誤代碼」：優惠券使用查詢
payuni,CHKUSE01003,資料解密失敗,,api,error,見 PAYUNi 官方文件（docs.payuni.com.tw/web/#/7）「錯誤代碼」：優惠券使用查詢
payuni,CHKUSE01004,解密資料不存在,,api,error,見 PAYUNi 官方文件（docs.payuni.com.tw/web/#/7）「錯誤代碼」：優惠券使用查詢
payuni,CHKUSE01005,[優惠券使用查詢] 查無符合代理商資料 / [優惠券使用查詢] 查無符合商店資料 / [優惠券使用查詢] 代理商狀態不符合,,api,error,見 PAYUNi 官方文件（docs.payuni.com.tw/web/#/7）「錯誤代碼」：優惠券使用查詢
payuni,CHKUSE01006,未有交易 HASH,,api,error,見 PAYUNi 官方文件（docs.payuni.com.tw/web/#/7）「錯誤代碼」：優惠券使用查詢
payuni,CHKUSE02001,未有商店代號,,api,error,見 PAYUNi 官方文件（docs.payuni.com.tw/web/#/7）「錯誤代碼」：優惠券使用查詢
payuni,CHKUSE02002,未有訂單編號,,api,error,見 PAYUNi 官方文件（docs.payuni.com.tw/web/#/7）「錯誤代碼」：優惠券使用查詢
payuni,CHKUSE02003,訂單編號，超過長度限制,,api,error,見 PAYUNi 官方文件（docs.payuni.com.tw/web/#/7）「錯誤代碼」：優惠券使用查詢
payuni,CHKUSE02004,訂單編號，格式錯誤,,api,error,見 PAYUNi 官方文件（docs.payuni.com.tw/web/#/7）「錯誤代碼」：優惠券使用查詢
payuni,CHKUSE02005,未有時間戳記,,api,error,見 PAYUNi 官方文件（docs.payuni.com.tw/web/#/7）「錯誤代碼」：優惠券使用查詢
payuni,CHKUSE02006,時間戳記，僅可輸入整數,,api,error,見 PAYUNi 官方文件（docs.payuni.com.tw/web/#/7）「錯誤代碼」：優惠券使用查詢
payuni,CHKUSE02007,時間戳記，已過期,,api,error,見 PAYUNi 官方文件（docs.payuni.com.tw/web/#/7）「錯誤代碼」：優惠券使用查詢
payuni,CHKUSE02008,未有優惠碼,,api,error,見 PAYUNi 官方文件（docs.payuni.com.tw/web/#/7）「錯誤代碼」：優惠券使用查詢
payuni,CHKUSE02009,未有訂單原始金額,,api,error,見 PAYUNi 官方文件（docs.payuni.com.tw/web/#/7）「錯誤代碼」：優惠券使用查詢
payuni,CHKUSE02010,[優惠券使用查詢] 訂單原始金額，格式錯誤 / [優惠券使用查詢] 訂單金額，不為允許範圍區間,,api,error,見 PAYUNi 官方文件（docs.payuni.com.tw/web/#/7）「錯誤代碼」：優惠券使用查詢
payuni,CHKUSE03001,優惠券不可使用,,api,error,見 PAYUNi 官方文件（docs.payuni.com.tw/web/#/7）「錯誤代碼」：優惠券使用查詢
payuni,COUPON01000,系統發生錯誤，請聯絡客服,,api,error,見 PAYUNi 官方文件（docs.payuni.com.tw/web/#/7）「錯誤代碼」：優惠券全額折抵幕後API
payuni,COUPON01001,未有商店代號,,api,error,見 PAYUNi 官方文件（docs.payuni.com.tw/web/#/7）「錯誤代碼」：優惠券全額折抵幕後API
payuni,COUPON01002,資料 HASH 比對不符合,,api,error,見 PAYUNi 官方文件（docs.payuni.com.tw/web/#/7）「錯誤代碼」：優惠券全額折抵幕後API
payuni,COUPON01003,資料解密失敗,,api,error,見 PAYUNi 官方文件（docs.payuni.com.tw/web/#/7）「錯誤代碼」：優惠券全額折抵幕後API
payuni,COUPON01004,解密資料不存在,,api,error,見 PAYUNi 官方文件（docs.payuni.com.tw/web/#/7）「錯誤代碼」：優惠券全額折抵幕後API
payuni,COUPON01005,[優惠券全額折抵幕後API] 查無符合代理商資料 / [優惠券全額折抵幕後API] 查無符合商店資料 / [優惠券全額折抵幕後API] 代理商狀態不符合,,api,error,見 PAYUNi 官方文件（docs.payuni.com.tw/web/#/7）「錯誤代碼」：優惠券全額折抵幕後API
payuni,COUPON01006,未有交易 HASH,,api,error,見 PAYUNi 官方文件（docs.payuni.com.tw/web/#/7）「錯誤代碼」：優惠券全額折抵幕後API
payuni,COUPON01007,查無符合商店物流資料,,api,error,見 PAYUNi 官方文件（docs.payuni.com.tw/web/#/7）「錯誤代碼」：優惠券全額折抵幕後API
payuni,COUPON01008,商店 B2C 物流服務尚未開通,,api,error,見 PAYUNi 官方文件（docs.payuni.com.tw/web/#/7）「錯誤代碼」：優惠券全額折抵幕後API
payuni,COUPON01009,商店 C2C 物流服務尚未開通,,api,error,見 PAYUNi 官方文件（docs.payuni.com.tw/web/#/7）「錯誤代碼」：優惠券全額折抵幕後API
payuni,COUPON01010,商店未啟用 B2C 物流服務,,api,error,見 PAYUNi 官方文件（docs.payuni.com.tw/web/#/7）「錯誤代碼」：優惠券全額折抵幕後API
payuni,COUPON01011,商店未啟用 C2C 物流服務,,api,error,見 PAYUNi 官方文件（docs.payuni.com.tw/web/#/7）「錯誤代碼」：優惠券全額折抵幕後API
payuni,COUPON01012,收(寄)件人姓名僅支援輸入中文/英文/數字,,api,error,見 PAYUNi 官方文件（docs.payuni.com.tw/web/#/7）「錯誤代碼」：優惠券全額折抵幕後API
payuni,COUPON01013,收(寄)件人的姓名包含 emoji 符號,,api,error,見 PAYUNi 官方文件（docs.payuni.com.tw/web/#/7）「錯誤代碼」：優惠券全額折抵幕後API
payuni,COUPON02001,未有商店代號,,api,error,見 PAYUNi 官方文件（docs.payuni.com.tw/web/#/7）「錯誤代碼」：優惠券全額折抵幕後API
payuni,COUPON02002,未有訂單編號,,api,error,見 PAYUNi 官方文件（docs.payuni.com.tw/web/#/7）「錯誤代碼」：優惠券全額折抵幕後API
payuni,COUPON02003,訂單編號，超過長度限制,,api,error,見 PAYUNi 官方文件（docs.payuni.com.tw/web/#/7）「錯誤代碼」：優惠券全額折抵幕後API
payuni,COUPON02004,訂單編號，格式錯誤,,api,error,見 PAYUNi 官方文件（docs.payuni.com.tw/web/#/7）「錯誤代碼」：優惠券全額折抵幕後API
payuni,COUPON02005,未有時間戳記,,api,error,見 PAYUNi 官方文件（docs.payuni.com.tw/web/#/7）「錯誤代碼」：優惠券全額折抵幕後API
payuni,COUPON02006,時間戳記，僅可輸入整數,,api,error,見 PAYUNi 官方文件（docs.payuni.com.tw/web/#/7）「錯誤代碼」：優惠券全額折抵幕後API
payuni,COUPON02007,時間戳記，已過期,,api,error,見 PAYUNi 官方文件（docs.payuni.com.tw/web/#/7）「錯誤代碼」：優惠券全額折抵幕後API
payuni,COUPON02008,背景通知網址，格式錯誤,,api,error,見 PAYUNi 官方文件（docs.payuni.com.tw/web/#/7）「錯誤代碼」：優惠券全額折抵幕後API
payuni,COUPON02009,寄送信箱，格式錯誤,,api,error,見 PAYUNi 官方文件（docs.payuni.com.tw/web/#/7）「錯誤代碼」：優惠券全額折抵幕後API
payuni,COUPON02010,物流(取貨不付款)，未有電子信箱,,api,error,見 PAYUNi 官方文件（docs.payuni.com.tw/web/#/7）「錯誤代碼」：優惠券全額折抵幕後API
payuni,COUPON02011,物流(取貨不付款)，未有寄件型態,,api,error,見 PAYUNi 官方文件（docs.payuni.com.tw/web/#/7）「錯誤代碼」：優惠券全額折抵幕後API
payuni,COUPON02012,物流(取貨不付款)，無法辨識的寄件型態,,api,error,見 PAYUNi 官方文件（docs.payuni.com.tw/web/#/7）「錯誤代碼」：優惠券全額折抵幕後API
payuni,COUPON02013,物流(取貨不付款)，無法辨識的物流別,,api,error,見 PAYUNi 官方文件（docs.payuni.com.tw/web/#/7）「錯誤代碼」：優惠券全額折抵幕後API
payuni,COUPON02014,物流(取貨不付款)，未有超商別,,api,error,見 PAYUNi 官方文件（docs.payuni.com.tw/web/#/7）「錯誤代碼」：優惠券全額折抵幕後API
payuni,COUPON02015,物流(取貨不付款)，無法辨識的超商別,,api,error,見 PAYUNi 官方文件（docs.payuni.com.tw/web/#/7）「錯誤代碼」：優惠券全額折抵幕後API
payuni,COUPON02016,物流(取貨不付款)，無超商的合作模式資訊,,api,error,見 PAYUNi 官方文件（docs.payuni.com.tw/web/#/7）「錯誤代碼」：優惠券全額折抵幕後API
payuni,COUPON02017,物流(取貨不付款)，無法辨識的取貨後付款方式,,api,error,見 PAYUNi 官方文件（docs.payuni.com.tw/web/#/7）「錯誤代碼」：優惠券全額折抵幕後API
payuni,COUPON02018,物流(取貨不付款)，無超商的門市代碼,,api,error,見 PAYUNi 官方文件（docs.payuni.com.tw/web/#/7）「錯誤代碼」：優惠券全額折抵幕後API
payuni,COUPON02019,物流(取貨不付款)，未有收件人姓名,,api,error,見 PAYUNi 官方文件（docs.payuni.com.tw/web/#/7）「錯誤代碼」：優惠券全額折抵幕後API
payuni,COUPON02020,物流(取貨不付款)，收件人姓名，長度超過限制,,api,error,見 PAYUNi 官方文件（docs.payuni.com.tw/web/#/7）「錯誤代碼」：優惠券全額折抵幕後API
payuni,COUPON02021,物流(取貨不付款)，未有收件人手機號碼,,api,error,見 PAYUNi 官方文件（docs.payuni.com.tw/web/#/7）「錯誤代碼」：優惠券全額折抵幕後API
payuni,COUPON02022,物流(取貨不付款)，手機號碼格式錯誤(09開頭),,api,error,見 PAYUNi 官方文件（docs.payuni.com.tw/web/#/7）「錯誤代碼」：優惠券全額折抵幕後API
payuni,COUPON02023,物流(取貨不付款)，該門市無法配送，請重新選擇門市,,api,error,見 PAYUNi 官方文件（docs.payuni.com.tw/web/#/7）「錯誤代碼」：優惠券全額折抵幕後API
payuni,COUPON02024,物流(取貨不付款)，收件人電話區碼長度超過限制,,api,error,見 PAYUNi 官方文件（docs.payuni.com.tw/web/#/7）「錯誤代碼」：優惠券全額折抵幕後API
payuni,COUPON02025,物流(取貨不付款)，收件人電話區碼格式錯誤,,api,error,見 PAYUNi 官方文件（docs.payuni.com.tw/web/#/7）「錯誤代碼」：優惠券全額折抵幕後API
payuni,COUPON02026,物流(取貨不付款)，收件人電話長度超過限制,,api,error,見 PAYUNi 官方文件（docs.payuni.com.tw/web/#/7）「錯誤代碼」：優惠券全額折抵幕後API
payuni,COUPON02027,物流(取貨不付款)，收件人電話格式錯誤,,api,error,見 PAYUNi 官方文件（docs.payuni.com.tw/web/#/7）「錯誤代碼」：優惠券全額折抵幕後API
payuni,COUPON02028,物流(取貨不付款)，未有收件人地址,,api,error,見 PAYUNi 官方文件（docs.payuni.com.tw/web/#/7）「錯誤代碼」：優惠券全額折抵幕後API
payuni,COUPON02029,物流(取貨不付款)，未有希望配達時間代碼,,api,error,見 PAYUNi 官方文件（docs.payuni.com.tw/web/#/7）「錯誤代碼」：優惠券全額折抵幕後API
payuni,COUPON02030,物流(取貨不付款)，無法辨識的希望配達時間代碼,,api,error,見 PAYUNi 官方文件（docs.payuni.com.tw/web/#/7）「錯誤代碼」：優惠券全額折抵幕後API
payuni,COUPON02031,物流(取貨不付款)，未有商品說明,,api,error,見 PAYUNi 官方文件（docs.payuni.com.tw/web/#/7）「錯誤代碼」：優惠券全額折抵幕後API
payuni,COUPON02032,未有優惠碼,,api,error,見 PAYUNi 官方文件（docs.payuni.com.tw/web/#/7）「錯誤代碼」：優惠券全額折抵幕後API
payuni,COUPON02033,未有訂單原始金額訂單原始金額，格式錯誤,,api,error,見 PAYUNi 官方文件（docs.payuni.com.tw/web/#/7）「錯誤代碼」：優惠券全額折抵幕後API
payuni,COUPON02034,訂單原始金額，格式錯誤,,api,error,見 PAYUNi 官方文件（docs.payuni.com.tw/web/#/7）「錯誤代碼」：優惠券全額折抵幕後API
payuni,COUPON02035,未有訂單折扣金額,,api,error,見 PAYUNi 官方文件（docs.payuni.com.tw/web/#/7）「錯誤代碼」：優惠券全額折抵幕後API
payuni,COUPON02036,訂單折扣金額，格式錯誤,,api,error,見 PAYUNi 官方文件（docs.payuni.com.tw/web/#/7）「錯誤代碼」：優惠券全額折抵幕後API
payuni,COUPON02037,訂單折扣金額(DiscountAmt)需大於等於訂單金額(OrderAmt),,api,error,見 PAYUNi 官方文件（docs.payuni.com.tw/web/#/7）「錯誤代碼」：優惠券全額折抵幕後API
payuni,COUPON02038,優惠券發券背景通知網址，格式錯誤,,api,error,見 PAYUNi 官方文件（docs.payuni.com.tw/web/#/7）「錯誤代碼」：優惠券全額折抵幕後API
payuni,COUPON03001,[優惠券全額折抵幕後API] 商店未啟用 / [優惠券全額折抵幕後API] 已存在相同商店訂單編號,,api,error,見 PAYUNi 官方文件（docs.payuni.com.tw/web/#/7）「錯誤代碼」：優惠券全額折抵幕後API
payuni,COUPON03002,商店未提供優惠券完全折抵,,api,error,見 PAYUNi 官方文件（docs.payuni.com.tw/web/#/7）「錯誤代碼」：優惠券全額折抵幕後API
payuni,COUPON03003,商店未提供信用卡幕後交易,,api,error,見 PAYUNi 官方文件（docs.payuni.com.tw/web/#/7）「錯誤代碼」：優惠券全額折抵幕後API
payuni,COUPON03004,未有優惠券完全折抵相關設定,,api,error,見 PAYUNi 官方文件（docs.payuni.com.tw/web/#/7）「錯誤代碼」：優惠券全額折抵幕後API
payuni,COUPON03005,不提供此IP幕後交易,,api,error,見 PAYUNi 官方文件（docs.payuni.com.tw/web/#/7）「錯誤代碼」：優惠券全額折抵幕後API
payuni,COUPON03006,商店未有設定AesType,,api,error,見 PAYUNi 官方文件（docs.payuni.com.tw/web/#/7）「錯誤代碼」：優惠券全額折抵幕後API
payuni,COUPON03007,商店AesType不符合,,api,error,見 PAYUNi 官方文件（docs.payuni.com.tw/web/#/7）「錯誤代碼」：優惠券全額折抵幕後API
payuni,COUPON04001,已存在相同商店訂單編號,,api,error,見 PAYUNi 官方文件（docs.payuni.com.tw/web/#/7）「錯誤代碼」：優惠券全額折抵幕後API
payuni,COUPON07001,付款失敗,,api,error,見 PAYUNi 官方文件（docs.payuni.com.tw/web/#/7）「錯誤代碼」：優惠券全額折抵幕後API
payuni,COUPON08001,交易風控(拒絕交易),,api,error,見 PAYUNi 官方文件（docs.payuni.com.tw/web/#/7）「錯誤代碼」：優惠券全額折抵幕後API
payuni,COUPON08002,交易風控(拒絕交易),,api,error,見 PAYUNi 官方文件（docs.payuni.com.tw/web/#/7）「錯誤代碼」：優惠券全額折抵幕後API
payuni,COUPON08003,交易風控(拒絕交易),,api,error,見 PAYUNi 官方文件（docs.payuni.com.tw/web/#/7）「錯誤代碼」：優惠券全額折抵幕後API
payuni,COUPON07004,交易風控(拒絕交易),,api,error,見 PAYUNi 官方文件（docs.payuni.com.tw/web/#/7）「錯誤代碼」：優惠券全額折抵幕後API
payuni,COUPON07005,交易風控(拒絕交易),,api,error,見 PAYUNi 官方文件（docs.payuni.com.tw/web/#/7）「錯誤代碼」：優惠券全額折抵幕後API
smilepay,1,取號／建立成功,Success,success,info,只有 1 代表成功；其他值以 Desc 判讀（速買配未公開金流錯誤代碼表）
pchomepay,10001,APPID 和 Secret 錯誤,invalid user password,auth,error,見 PChomePay API 文件「7. 錯誤代碼」
pchomepay,10002,不被允許的 IP 位址,Server IP not allow,auth,error,見 PChomePay API 文件「7. 錯誤代碼」
pchomepay,10003,token 錯誤,invalid token,auth,error,見 PChomePay API 文件「7. 錯誤代碼」
pchomepay,10004,token 逾期,token expired,auth,error,見 PChomePay API 文件「7. 錯誤代碼」
pchomepay,10006,未設定 notifyURL 或 returnURL,api client has not set notifyURL or returnURL yet,auth,error,見 PChomePay API 文件「7. 錯誤代碼」
pchomepay,10007,會員帳號無法使用功能服務,"you are temporarily unable to perform this function, please contact customer service",auth,error,見 PChomePay API 文件「7. 錯誤代碼」
pchomepay,20001,訂單編號不可重複,order id duplicate,validation,error,見 PChomePay API 文件「7. 錯誤代碼」
pchomepay,20002,訂單不存在,order not exists,validation,error,見 PChomePay API 文件「7. 錯誤代碼」
pchomepay,20003,付款類別錯誤,pay type not support,validation,error,見 PChomePay API 文件「7. 錯誤代碼」
pchomepay,20005,參數錯誤,params is not valid,validation,error,見 PChomePay API 文件「7. 錯誤代碼」
pchomepay,20006,信用卡分期的商品金額須為 30 元以上,"When the credit card installments, the amount of orders can not be less than 30",validation,error,見 PChomePay API 文件「7. 錯誤代碼」
pchomepay,20007,目前無法查詢當日資料,It not allow to check today's data,validation,error,見 PChomePay API 文件「7. 錯誤代碼」
pchomepay,20008,商品名稱超過字數限制,order items string too long,validation,error,見 PChomePay API 文件「7. 錯誤代碼」
pchomepay,20009,請求格式不是 JSON 格式,Request data is not a json structure data,validation,error,見 PChomePay API 文件「7. 錯誤代碼」
pchomepay,20011,銀行代號或銀行帳戶不存在,bank code or bank account not exists.,validation,error,見 PChomePay API 文件「7. 錯誤代碼」
pchomepay,20013,ATM 銀行代碼錯誤,ATM bank code invalid,validation,error,見 PChomePay API 文件「7. 錯誤代碼」
pchomepay,20014,未設定超商退貨門市,cvs setting error.,validation,error,見 PChomePay API 文件「7. 錯誤代碼」
pchomepay,20019,建立拍錢包訂單失敗,create pi payment fail.,validation,error,見 PChomePay API 文件「7. 錯誤代碼」
pchomepay,20020,拍錢包收款尚未啟用,pi payment is disable,validation,error,見 PChomePay API 文件「7. 錯誤代碼」
pchomepay,20022,拍錢包訂單金額超過上限,order amount is exceeds the pi setting,validation,error,見 PChomePay API 文件「7. 錯誤代碼」
pchomepay,20023,會員帳號暫時無法使用此收款功能,function lock.,validation,error,見 PChomePay API 文件「7. 錯誤代碼」
pchomepay,20025,移除記憶信用卡失敗,remove card info fail.,validation,error,見 PChomePay API 文件「7. 錯誤代碼」
pchomepay,20030,平台代碼錯誤,platform code not accept,validation,error,見 PChomePay API 文件「7. 錯誤代碼」
pchomepay,20031,暫時無法建立信用卡分期付款訂單,Currently unable to create installment payment orders.,validation,error,見 PChomePay API 文件「7. 錯誤代碼」
pchomepay,40001,ATM 逾期錯誤,invalid atm expire date,payment,error,見 PChomePay API 文件「7. 錯誤代碼」
pchomepay,40003,會員帳號暫時無法此功使用,function lock.,payment,error,見 PChomePay API 文件「7. 錯誤代碼」
pchomepay,40005,餘額不足,member balance not enough.,payment,error,見 PChomePay API 文件「7. 錯誤代碼」
pchomepay,50001,退款編號不可重複,Refund id is duplicate.,refund,error,見 PChomePay API 文件「7. 錯誤代碼」
pchomepay,50002,該筆訂單並未成功付款，無法退款,"The order is not confirm yet, refund can't be execute",refund,error,見 PChomePay API 文件「7. 錯誤代碼」
pchomepay,50003,訂單編號不存在,"The order is not found, order id might invalid",refund,error,見 PChomePay API 文件「7. 錯誤代碼」
pchomepay,50004,退款金額需大於 0,Refund amount must bigger than 0,refund,error,見 PChomePay API 文件「7. 錯誤代碼」
pchomepay,50005,帳戶餘額不足以退款,Your balance is not enough to refund,refund,error,見 PChomePay API 文件「7. 錯誤代碼」
pchomepay,50006,查無此退款編號之資料,Can not find the information of the refund id,refund,error,見 PChomePay API 文件「7. 錯誤代碼」
pchomepay,50007,信用卡分期之退款只能全額退，不支援部分退款,Order payed by credit card with installment can only refund with full order amount only.,refund,error,見 PChomePay API 文件「7. 錯誤代碼」
pchomepay,50009,ATM 退款資訊未備齊，請隔日再試,The atm refund data is not ready. Please send the refund request later,refund,error,見 PChomePay API 文件「7. 錯誤代碼」
pchomepay,50010,訂單已失敗，不可退款,"The order is failed, refund can't be execute",refund,error,見 PChomePay API 文件「7. 錯誤代碼」
pchomepay,50011,退款金額必須與訂單金額相同,Refund amount must equal to order amount,refund,error,見 PChomePay API 文件「7. 錯誤代碼」
pchomepay,50012,訂單已退款,The order is already refund,refund,error,見 PChomePay API 文件「7. 錯誤代碼」
pchomepay,50013,訂單目前不能退款,The order is not allow to refund,refund,error,見 PChomePay API 文件「7. 錯誤代碼」
pchomepay,50014,訂單不支援此退款方式,The pay type is not allow to refund,refund,error,見 PChomePay API 文件「7. 錯誤代碼」
pchomepay,50015,建立拍錢包退款失敗,Call Pi refund API error.,refund,error,見 PChomePay API 文件「7. 錯誤代碼」
pchomepay,50016,原付款行不支援退回原帳戶,Bank code not support atm refund.,refund,error,見 PChomePay API 文件「7. 錯誤代碼」
pchomepay,70001,本行提領金額需 > 1元,withdraw must be bigger than 10 dollars,system,error,見 PChomePay API 文件「7. 錯誤代碼」
pchomepay,70003,提領金額超過可提領餘額,withdraw amount is over than available balance,system,error,見 PChomePay API 文件「7. 錯誤代碼」
pchomepay,70004,提領金額超過本日提領額度上限,withdraw amount is over than withdraw daily limit,system,error,見 PChomePay API 文件「7. 錯誤代碼」
pchomepay,70005,提領銀行尚未設定,information of bank to withdraw is not set yet,system,error,見 PChomePay API 文件「7. 錯誤代碼」
pchomepay,70006,會員帳號暫時無法使用提領功能,function lock.,system,error,見 PChomePay API 文件「7. 錯誤代碼」
pchomepay,90001,物流狀態錯誤,invalid status,logistics,error,見 PChomePay API 文件「7. 錯誤代碼」
pchomepay,90002,物流狀態歷程不存在,logistic status history not found,logistics,error,見 PChomePay API 文件「7. 錯誤代碼」
pchomepay,90004,列印交寄單失敗,Print delivery note fail.,logistics,error,見 PChomePay API 文件「7. 錯誤代碼」
ezpay,SCTE0001,Version 不得為空,,validation,error,ezPay 電子支付平台手冊 W1.0.2「十一、錯誤代碼」（訂單建立 API）
ezpay,SCTE0002,Version 錯誤,,validation,error,ezPay 電子支付平台手冊 W1.0.2「十一、錯誤代碼」（訂單建立 API）
ezpay,SCTE0003,APIID 不得為空,,validation,error,ezPay 電子支付平台手冊 W1.0.2「十一、錯誤代碼」（訂單建立 API）
ezpay,SCTE0004,APIID 錯誤,,validation,error,ezPay 電子支付平台手冊 W1.0.2「十一、錯誤代碼」（訂單建立 API）
ezpay,SCTE0005,UID 不得為空,,validation,error,ezPay 電子支付平台手冊 W1.0.2「十一、錯誤代碼」（訂單建立 API）
ezpay,SCTE0006,EncryptData 不得為空,,validation,error,ezPay 電子支付平台手冊 W1.0.2「十一、錯誤代碼」（訂單建立 API）
ezpay,SCTE0007,HashData 不得為空,,validation,error,ezPay 電子支付平台手冊 W1.0.2「十一、錯誤代碼」（訂單建立 API）
ezpay,SCTE0008,UID 錯誤,,validation,error,ezPay 電子支付平台手冊 W1.0.2「十一、錯誤代碼」（訂單建立 API）
ezpay,SCTE0009,HashData 錯誤,,validation,error,ezPay 電子支付平台手冊 W1.0.2「十一、錯誤代碼」（訂單建立 API）
ezpay,SCTE0010,商店不為啟用狀態,,validation,error,ezPay 電子支付平台手冊 W1.0.2「十一、錯誤代碼」（訂單建立 API）
ezpay,SCTE9999,系統異常,,system,error,ezPay 電子支付平台手冊 W1.0.2「十一、錯誤代碼」（訂單建立 API）
ezpay,SCTE0301,TimeStamp 錯誤,,business,error,ezPay 電子支付平台手冊 W1.0.2「十一、錯誤代碼」（訂單建立 API）
ezpay,SCTE0302,Mode 錯誤,,business,error,ezPay 電子支付平台手冊 W1.0.2「十一、錯誤代碼」（訂單建立 API）
ezpay,SCTE0303,Mode 為 1 MerchantOrderNo 不得為空值,,business,error,ezPay 電子支付平台手冊 W1.0.2「十一、錯誤代碼」（訂單建立 API）
ezpay,SCTE0304,Mode 為 3 MerchantOrderNo 不得為空值,,business,error,ezPay 電子支付平台手冊 W1.0.2「十一、錯誤代碼」（訂單建立 API）
ezpay,SCTE0305,Mode 為 2 MerchantOrderNo 必須為空值,,business,error,ezPay 電子支付平台手冊 W1.0.2「十一、錯誤代碼」（訂單建立 API）
ezpay,SCTE0306,Mode 為 4 MerchantOrderNo 必須為空值,,business,error,ezPay 電子支付平台手冊 W1.0.2「十一、錯誤代碼」（訂單建立 API）
ezpay,SCTE0307,Mode 為 1 OrderAmt 不得為空值,,business,error,ezPay 電子支付平台手冊 W1.0.2「十一、錯誤代碼」（訂單建立 API）
ezpay,SCTE0308,Mode 為 2 OrderAmt 不得為空值,,business,error,ezPay 電子支付平台手冊 W1.0.2「十一、錯誤代碼」（訂單建立 API）
ezpay,SCTE0309,Mode 為 3 OrderAmt 必須為空值,,business,error,ezPay 電子支付平台手冊 W1.0.2「十一、錯誤代碼」（訂單建立 API）
ezpay,SCTE0310,Mode 為 4 OrderAmt 必須為空值,,business,error,ezPay 電子支付平台手冊 W1.0.2「十一、錯誤代碼」（訂單建立 API）
ezpay,SCTE0311,Template 錯誤,,business,error,ezPay 電子支付平台手冊 W1.0.2「十一、錯誤代碼」（訂單建立 API）
ezpay,SCTE0312,LangType 錯誤,,business,error,ezPay 電子支付平台手冊 W1.0.2「十一、錯誤代碼」（訂單建立 API）
ezpay,SCTE0313,TWQRLifeTime 錯誤,,business,error,ezPay 電子支付平台手冊 W1.0.2「十一、錯誤代碼」（訂單建立 API）
ezpay,SCTE0314,ExpireTime 錯誤,,business,error,ezPay 電子支付平台手冊 W1.0.2「十一、錯誤代碼」（訂單建立 API）
ezpay,SCTE0315,"ExpireTime 錯誤,不可以使用過去時間",,business,error,ezPay 電子支付平台手冊 W1.0.2「十一、錯誤代碼」（訂單建立 API）
ezpay,SCTE0316,WebToAppEnabled 錯誤,,business,error,ezPay 電子支付平台手冊 W1.0.2「十一、錯誤代碼」（訂單建立 API）
ezpay,SCTE0317,MerchantOrderNo 錯誤,,business,error,ezPay 電子支付平台手冊 W1.0.2「十一、錯誤代碼」（訂單建立 API）
ezpay,SCTE0318,NotifyURL 錯誤,,business,error,ezPay 電子支付平台手冊 W1.0.2「十一、錯誤代碼」（訂單建立 API）
ezpay,SCTE0319,ReturnURL 錯誤,,business,error,ezPay 電子支付平台手冊 W1.0.2「十一、錯誤代碼」（訂單建立 API）
ezpay,SCTE0320,ClientBackURL 錯誤,,business,error,ezPay 電子支付平台手冊 W1.0.2「十一、錯誤代碼」（訂單建立 API）
ezpay,SCTE0321,Currency 錯誤,,business,error,ezPay 電子支付平台手冊 W1.0.2「十一、錯誤代碼」（訂單建立 API）
ezpay,SCTE0322,OrgOrderAmt 錯誤,,business,error,ezPay 電子支付平台手冊 W1.0.2「十一、錯誤代碼」（訂單建立 API）
ezpay,SCTE0323,OrderAmt 錯誤,,business,error,ezPay 電子支付平台手冊 W1.0.2「十一、錯誤代碼」（訂單建立 API）
ezpay,SCTE0324,應付金額不得大於原始訂單金額,,business,error,ezPay 電子支付平台手冊 W1.0.2「十一、錯誤代碼」（訂單建立 API）
ezpay,SCTE0325,ItemDesc 錯誤,,business,error,ezPay 電子支付平台手冊 W1.0.2「十一、錯誤代碼」（訂單建立 API）
ezpay,SCTE0361,TWQRLifeTime 設定超出上限範圍,,business,error,ezPay 電子支付平台手冊 W1.0.2「十一、錯誤代碼」（訂單建立 API）
ezpay,SCTE0362,MerchantOrderNo 長度過長,,business,error,ezPay 電子支付平台手冊 W1.0.2「十一、錯誤代碼」（訂單建立 API）
ezpay,SCTE0363,NotifyURL 長度過長,,business,error,ezPay 電子支付平台手冊 W1.0.2「十一、錯誤代碼」（訂單建立 API）
ezpay,SCTE0364,ReturnURL 長度過長,,business,error,ezPay 電子支付平台手冊 W1.0.2「十一、錯誤代碼」（訂單建立 API）
ezpay,SCTE0365,ClientBackURL 長度過長,,business,error,ezPay 電子支付平台手冊 W1.0.2「十一、錯誤代碼」（訂單建立 API）
ezpay,SCTE0366,OrgOrderAmt 超出設定上限,,business,error,ezPay 電子支付平台手冊 W1.0.2「十一、錯誤代碼」（訂單建立 API）
ezpay,SCTE0367,OrderAmt 超出設定上限,,business,error,ezPay 電子支付平台手冊 W1.0.2「十一、錯誤代碼」（訂單建立 API）
ezpay,SCTE0368,ItemDesc 長度過長,,business,error,ezPay 電子支付平台手冊 W1.0.2「十一、錯誤代碼」（訂單建立 API）
ezpay,SCTE0601,過期時間設定超出上限範圍,,business,error,ezPay 電子支付平台手冊 W1.0.2「十一、錯誤代碼」（訂單建立 API）
ezpay,SCTE0602,商店未啟用簡單付 TWQR 交易,,business,error,ezPay 電子支付平台手冊 W1.0.2「十一、錯誤代碼」（訂單建立 API）
ezpay,SCTE0603,訂單已存在(商店訂單編號重複),,business,error,ezPay 電子支付平台手冊 W1.0.2「十一、錯誤代碼」（訂單建立 API）
ezpay,SCTE0604,交易已存在(商店訂單編號重複),,business,error,ezPay 電子支付平台手冊 W1.0.2「十一、錯誤代碼」（訂單建立 API）
ezpay,SCTE0699,訂單建立異常錯誤,,business,error,ezPay 電子支付平台手冊 W1.0.2「十一、錯誤代碼」（訂單建立 API）
ezpay,SUTR0001,Version 不得為空,,validation,error,ezPay 電子支付平台手冊 W1.0.2「十一、錯誤代碼」（訂單修改及取消 API）
ezpay,SUTR0002,Version 錯誤,,validation,error,ezPay 電子支付平台手冊 W1.0.2「十一、錯誤代碼」（訂單修改及取消 API）
ezpay,SUTR0003,APIID 不得為空,,validation,error,ezPay 電子支付平台手冊 W1.0.2「十一、錯誤代碼」（訂單修改及取消 API）
ezpay,SUTR0004,APIID 錯誤,,validation,error,ezPay 電子支付平台手冊 W1.0.2「十一、錯誤代碼」（訂單修改及取消 API）
ezpay,SUTR0005,UID 不得為空,,validation,error,ezPay 電子支付平台手冊 W1.0.2「十一、錯誤代碼」（訂單修改及取消 API）
ezpay,SUTR0006,EncryptData 不得為空,,validation,error,ezPay 電子支付平台手冊 W1.0.2「十一、錯誤代碼」（訂單修改及取消 API）
ezpay,SUTR0007,HashData 不得為空,,validation,error,ezPay 電子支付平台手冊 W1.0.2「十一、錯誤代碼」（訂單修改及取消 API）
ezpay,SUTR0008,UID 錯誤,,validation,error,ezPay 電子支付平台手冊 W1.0.2「十一、錯誤代碼」（訂單修改及取消 API）
ezpay,SUTR0009,HashData 錯誤,,validation,error,ezPay 電子支付平台手冊 W1.0.2「十一、錯誤代碼」（訂單修改及取消 API）
ezpay,SUTR0010,商店不為啟用狀態,,validation,error,ezPay 電子支付平台手冊 W1.0.2「十一、錯誤代碼」（訂單修改及取消 API）
ezpay,SUTR0111,加密資料不得為空,,validation,error,ezPay 電子支付平台手冊 W1.0.2「十一、錯誤代碼」（訂單修改及取消 API）
ezpay,SUTR0112,TimeStamp 不得為空,,validation,error,ezPay 電子支付平台手冊 W1.0.2「十一、錯誤代碼」（訂單修改及取消 API）
ezpay,SUTR0113,APIID 不得為空,,validation,error,ezPay 電子支付平台手冊 W1.0.2「十一、錯誤代碼」（訂單修改及取消 API）
ezpay,SUTR0114,Version 不得為空,,validation,error,ezPay 電子支付平台手冊 W1.0.2「十一、錯誤代碼」（訂單修改及取消 API）
ezpay,SUTR0115,UID 不得為空,,validation,error,ezPay 電子支付平台手冊 W1.0.2「十一、錯誤代碼」（訂單修改及取消 API）
ezpay,SUTR0116,Ptoken 不得為空,,validation,error,ezPay 電子支付平台手冊 W1.0.2「十一、錯誤代碼」（訂單修改及取消 API）
ezpay,SUTR0117,Ptoken 不得超過 64 字元,,validation,error,ezPay 電子支付平台手冊 W1.0.2「十一、錯誤代碼」（訂單修改及取消 API）
ezpay,SUTR0118,UpdateAction 不得為空,,validation,error,ezPay 電子支付平台手冊 W1.0.2「十一、錯誤代碼」（訂單修改及取消 API）
ezpay,SUTR0119,UpdateAction 錯誤,,validation,error,ezPay 電子支付平台手冊 W1.0.2「十一、錯誤代碼」（訂單修改及取消 API）
ezpay,SUTR0120,ExpireTime 錯誤,,validation,error,ezPay 電子支付平台手冊 W1.0.2「十一、錯誤代碼」（訂單修改及取消 API）
ezpay,SUTR0121,ExpireTime 不得使用過去時間,,validation,error,ezPay 電子支付平台手冊 W1.0.2「十一、錯誤代碼」（訂單修改及取消 API）
ezpay,SUTR0122,NotifyURL 錯誤,,validation,error,ezPay 電子支付平台手冊 W1.0.2「十一、錯誤代碼」（訂單修改及取消 API）
ezpay,SUTR0123,ReturnURL 錯誤,,validation,error,ezPay 電子支付平台手冊 W1.0.2「十一、錯誤代碼」（訂單修改及取消 API）
ezpay,SUTR0124,ClientBackURL 錯誤,,validation,error,ezPay 電子支付平台手冊 W1.0.2「十一、錯誤代碼」（訂單修改及取消 API）
ezpay,SUTR0125,更新項目不得為空,,validation,error,ezPay 電子支付平台手冊 W1.0.2「十一、錯誤代碼」（訂單修改及取消 API）
ezpay,SUTR0126,TradeNo 不得為空,,validation,error,ezPay 電子支付平台手冊 W1.0.2「十一、錯誤代碼」（訂單修改及取消 API）
ezpay,SUTR0127,TradeNo 不得超過 20 字元,,validation,error,ezPay 電子支付平台手冊 W1.0.2「十一、錯誤代碼」（訂單修改及取消 API）
ezpay,SUTR0201,訂單查詢失敗,,business,error,ezPay 電子支付平台手冊 W1.0.2「十一、錯誤代碼」（訂單修改及取消 API）
ezpay,SUTR0202,訂單 Ptoken 不相符,,business,error,ezPay 電子支付平台手冊 W1.0.2「十一、錯誤代碼」（訂單修改及取消 API）
ezpay,SUTR0203,訂單不為待付款狀態,,business,error,ezPay 電子支付平台手冊 W1.0.2「十一、錯誤代碼」（訂單修改及取消 API）
ezpay,SUTR0204,刪除訂單失敗,,business,error,ezPay 電子支付平台手冊 W1.0.2「十一、錯誤代碼」（訂單修改及取消 API）
ezpay,SUTR0205,更新訂單主表失敗,,business,error,ezPay 電子支付平台手冊 W1.0.2「十一、錯誤代碼」（訂單修改及取消 API）
ezpay,SUTR0206,更新訂單副表失敗,,business,error,ezPay 電子支付平台手冊 W1.0.2「十一、錯誤代碼」（訂單修改及取消 API）
ezpay,SUTR0207,更新訂單 cache 失敗,,business,error,ezPay 電子支付平台手冊 W1.0.2「十一、錯誤代碼」（訂單修改及取消 API）
ezpay,SUTR9999,系統異常,,system,error,ezPay 電子支付平台手冊 W1.0.2「十一、錯誤代碼」（訂單修改及取消 API）
ezpay,SPTN0001,Version 不得為空,,validation,error,ezPay 電子支付平台手冊 W1.0.2「十一、錯誤代碼」（背景通知 API）
ezpay,SPTN0002,Version 錯誤,,validation,error,ezPay 電子支付平台手冊 W1.0.2「十一、錯誤代碼」（背景通知 API）
ezpay,SPTN0003,APIID 不得為空,,validation,error,ezPay 電子支付平台手冊 W1.0.2「十一、錯誤代碼」（背景通知 API）
ezpay,SPTN0004,APIID 錯誤,,validation,error,ezPay 電子支付平台手冊 W1.0.2「十一、錯誤代碼」（背景通知 API）
ezpay,SPTN0005,UID 不得為空,,validation,error,ezPay 電子支付平台手冊 W1.0.2「十一、錯誤代碼」（背景通知 API）
ezpay,SPTN0006,EncryptData 不得為空,,validation,error,ezPay 電子支付平台手冊 W1.0.2「十一、錯誤代碼」（背景通知 API）
ezpay,SPTN0007,HashData 不得為空,,validation,error,ezPay 電子支付平台手冊 W1.0.2「十一、錯誤代碼」（背景通知 API）
ezpay,SPTN0008,UID 錯誤,,validation,error,ezPay 電子支付平台手冊 W1.0.2「十一、錯誤代碼」（背景通知 API）
ezpay,SPTN0009,HashData 錯誤,,validation,error,ezPay 電子支付平台手冊 W1.0.2「十一、錯誤代碼」（背景通知 API）
ezpay,SPTN0010,商店不為啟用狀態,,validation,error,ezPay 電子支付平台手冊 W1.0.2「十一、錯誤代碼」（背景通知 API）
ezpay,SPTN0111,加密資料不得為空,,validation,error,ezPay 電子支付平台手冊 W1.0.2「十一、錯誤代碼」（背景通知 API）
ezpay,SPTN0112,TimeStamp 不得為空,,validation,error,ezPay 電子支付平台手冊 W1.0.2「十一、錯誤代碼」（背景通知 API）
ezpay,SPTN0113,APIID 不得為空,,validation,error,ezPay 電子支付平台手冊 W1.0.2「十一、錯誤代碼」（背景通知 API）
ezpay,SPTN0114,Version 不得為空,,validation,error,ezPay 電子支付平台手冊 W1.0.2「十一、錯誤代碼」（背景通知 API）
ezpay,SPTN0115,UID 不得為空,,validation,error,ezPay 電子支付平台手冊 W1.0.2「十一、錯誤代碼」（背景通知 API）
ezpay,SPTN0116,TradeNo 不得為空,,validation,error,ezPay 電子支付平台手冊 W1.0.2「十一、錯誤代碼」（背景通知 API）
ezpay,SPTN0117,TradeNo 不得超過 20 字元,,validation,error,ezPay 電子支付平台手冊 W1.0.2「十一、錯誤代碼」（背景通知 API）
ezpay,SPTN0120,商店未啟用簡單付 TWQR 交易,,validation,error,ezPay 電子支付平台手冊 W1.0.2「十一、錯誤代碼」（背景通知 API）
ezpay,SPTN0201,查詢訂單資訊失敗,,business,error,ezPay 電子支付平台手冊 W1.0.2「十一、錯誤代碼」（背景通知 API）
ezpay,SPTN0202,查詢交易資訊失敗,,business,error,ezPay 電子支付平台手冊 W1.0.2「十一、錯誤代碼」（背景通知 API）
ezpay,SPTN0203,訂單及商店未設定 Notify 網址,,business,error,ezPay 電子支付平台手冊 W1.0.2「十一、錯誤代碼」（背景通知 API）
ezpay,SPTN0204,交易結果查詢失敗,,business,error,ezPay 電子支付平台手冊 W1.0.2「十一、錯誤代碼」（背景通知 API）
ezpay,SPTN0205,跨機構交易詳細資料查詢失敗,,business,error,ezPay 電子支付平台手冊 W1.0.2「十一、錯誤代碼」（背景通知 API）
ezpay,SPTN0206,自機構交易詳細資料查詢失敗,,business,error,ezPay 電子支付平台手冊 W1.0.2「十一、錯誤代碼」（背景通知 API）
ezpay,SPTN0207,信用卡交易資訊查詢失敗,,business,error,ezPay 電子支付平台手冊 W1.0.2「十一、錯誤代碼」（背景通知 API）
ezpay,SPTN0208,信用卡 bin 碼表查詢失敗,,business,error,ezPay 電子支付平台手冊 W1.0.2「十一、錯誤代碼」（背景通知 API）
ezpay,SPTN0209,ACCLINK 交易資訊查詢失敗,,business,error,ezPay 電子支付平台手冊 W1.0.2「十一、錯誤代碼」（背景通知 API）
ezpay,SPTN0210,ACCLINK_LOG 交易資訊查詢失敗,,business,error,ezPay 電子支付平台手冊 W1.0.2「十一、錯誤代碼」（背景通知 API）
ezpay,SPTN9999,系統異常,,system,error,ezPay 電子支付平台手冊 W1.0.2「十一、錯誤代碼」（背景通知 API）
ezpay,STRN0001,Version 不得為空,,validation,error,ezPay 電子支付平台手冊 W1.0.2「十一、錯誤代碼」（前景通知 API）
ezpay,STRN0002,Version 錯誤,,validation,error,ezPay 電子支付平台手冊 W1.0.2「十一、錯誤代碼」（前景通知 API）
ezpay,STRN0003,APIID 不得為空,,validation,error,ezPay 電子支付平台手冊 W1.0.2「十一、錯誤代碼」（前景通知 API）
ezpay,STRN0004,APIID 錯誤,,validation,error,ezPay 電子支付平台手冊 W1.0.2「十一、錯誤代碼」（前景通知 API）
ezpay,STRN0005,UID 不得為空,,validation,error,ezPay 電子支付平台手冊 W1.0.2「十一、錯誤代碼」（前景通知 API）
ezpay,STRN0006,EncryptData 不得為空,,validation,error,ezPay 電子支付平台手冊 W1.0.2「十一、錯誤代碼」（前景通知 API）
ezpay,STRN0007,HashData 不得為空,,validation,error,ezPay 電子支付平台手冊 W1.0.2「十一、錯誤代碼」（前景通知 API）
ezpay,STRN0008,UID 錯誤,,validation,error,ezPay 電子支付平台手冊 W1.0.2「十一、錯誤代碼」（前景通知 API）
ezpay,STRN0009,HashData 錯誤,,validation,error,ezPay 電子支付平台手冊 W1.0.2「十一、錯誤代碼」（前景通知 API）
ezpay,STRN0010,商店不為啟用狀態,,validation,error,ezPay 電子支付平台手冊 W1.0.2「十一、錯誤代碼」（前景通知 API）
ezpay,STRN0111,加密資料不得為空,,validation,error,ezPay 電子支付平台手冊 W1.0.2「十一、錯誤代碼」（前景通知 API）
ezpay,STRN0112,TimeStamp 不得為空,,validation,error,ezPay 電子支付平台手冊 W1.0.2「十一、錯誤代碼」（前景通知 API）
ezpay,STRN0113,APIID 不得為空,,validation,error,ezPay 電子支付平台手冊 W1.0.2「十一、錯誤代碼」（前景通知 API）
ezpay,STRN0114,Version 不得為空,,validation,error,ezPay 電子支付平台手冊 W1.0.2「十一、錯誤代碼」（前景通知 API）
ezpay,STRN0115,UID 不得為空,,validation,error,ezPay 電子支付平台手冊 W1.0.2「十一、錯誤代碼」（前景通知 API）
ezpay,STRN0116,TradeNo 不得為空,,validation,error,ezPay 電子支付平台手冊 W1.0.2「十一、錯誤代碼」（前景通知 API）
ezpay,STRN0117,TradeNo 不得超過 20 字元,,validation,error,ezPay 電子支付平台手冊 W1.0.2「十一、錯誤代碼」（前景通知 API）
ezpay,STRN0118,Status 不得為空,,validation,error,ezPay 電子支付平台手冊 W1.0.2「十一、錯誤代碼」（前景通知 API）
ezpay,STRN0119,Message 不得為空,,validation,error,ezPay 電子支付平台手冊 W1.0.2「十一、錯誤代碼」（前景通知 API）
ezpay,STRN0201,訂單查詢失敗,,business,error,ezPay 電子支付平台手冊 W1.0.2「十一、錯誤代碼」（前景通知 API）
ezpay,STRN0202,商店交易設定及 Return_url 查詢失敗,,business,error,ezPay 電子支付平台手冊 W1.0.2「十一、錯誤代碼」（前景通知 API）
ezpay,STRN0203,交易結果查詢失敗,,business,error,ezPay 電子支付平台手冊 W1.0.2「十一、錯誤代碼」（前景通知 API）
ezpay,STRN0204,跨機構交易詳細資料查詢失敗,,business,error,ezPay 電子支付平台手冊 W1.0.2「十一、錯誤代碼」（前景通知 API）
ezpay,STRN0205,自機構交易詳細資料查詢失敗,,business,error,ezPay 電子支付平台手冊 W1.0.2「十一、錯誤代碼」（前景通知 API）
ezpay,STRN0206,信用卡交易資訊查詢失敗,,business,error,ezPay 電子支付平台手冊 W1.0.2「十一、錯誤代碼」（前景通知 API）
ezpay,STRN0207,信用卡 bin 碼表查詢失敗,,business,error,ezPay 電子支付平台手冊 W1.0.2「十一、錯誤代碼」（前景通知 API）
ezpay,STRN0208,ACCLINK 交易資訊查詢失敗,,business,error,ezPay 電子支付平台手冊 W1.0.2「十一、錯誤代碼」（前景通知 API）
ezpay,STRN0209,ACCLINK_LOG 交易資訊查詢失敗,,business,error,ezPay 電子支付平台手冊 W1.0.2「十一、錯誤代碼」（前景通知 API）
ezpay,STRN9999,系統異常,,system,error,ezPay 電子支付平台手冊 W1.0.2「十一、錯誤代碼」（前景通知 API）
ezpay,STRD0001,Version 不得為空,,validation,error,ezPay 電子支付平台手冊 W1.0.2「十一、錯誤代碼」（交易退款 API）
ezpay,STRD0002,Version 錯誤,,validation,error,ezPay 電子支付平台手冊 W1.0.2「十一、錯誤代碼」（交易退款 API）
ezpay,STRD0003,APIID 不得為空,,validation,error,ezPay 電子支付平台手冊 W1.0.2「十一、錯誤代碼」（交易退款 API）
ezpay,STRD0004,APIID 錯誤,,validation,error,ezPay 電子支付平台手冊 W1.0.2「十一、錯誤代碼」（交易退款 API）
ezpay,STRD0005,UID 不得為空,,validation,error,ezPay 電子支付平台手冊 W1.0.2「十一、錯誤代碼」（交易退款 API）
ezpay,STRD0006,EncryptData 不得為空,,validation,error,ezPay 電子支付平台手冊 W1.0.2「十一、錯誤代碼」（交易退款 API）
ezpay,STRD0007,HashData 不得為空,,validation,error,ezPay 電子支付平台手冊 W1.0.2「十一、錯誤代碼」（交易退款 API）
ezpay,STRD0008,UID 錯誤,,validation,error,ezPay 電子支付平台手冊 W1.0.2「十一、錯誤代碼」（交易退款 API）
ezpay,STRD0009,HashData 錯誤,,validation,error,ezPay 電子支付平台手冊 W1.0.2「十一、錯誤代碼」（交易退款 API）
ezpay,STRD0010,商店不為啟用狀態,,validation,error,ezPay 電子支付平台手冊 W1.0.2「十一、錯誤代碼」（交易退款 API）
ezpay,STRD0011,加密資料不得為空,,validation,error,ezPay 電子支付平台手冊 W1.0.2「十一、錯誤代碼」（交易退款 API）
ezpay,STRD0012,TimeStamp 不得為空,,validation,error,ezPay 電子支付平台手冊 W1.0.2「十一、錯誤代碼」（交易退款 API）
ezpay,STRD0013,MerchantRefundNo 不得為空,,validation,error,ezPay 電子支付平台手冊 W1.0.2「十一、錯誤代碼」（交易退款 API）
ezpay,STRD0014,RefundType 不得為空,,validation,error,ezPay 電子支付平台手冊 W1.0.2「十一、錯誤代碼」（交易退款 API）
ezpay,STRD0015,Currency 不得為空,,validation,error,ezPay 電子支付平台手冊 W1.0.2「十一、錯誤代碼」（交易退款 API）
ezpay,STRD0016,RefundAmt 不得為空,,validation,error,ezPay 電子支付平台手冊 W1.0.2「十一、錯誤代碼」（交易退款 API）
ezpay,STRD0017,RefundBarCode、MerchantOrderNo、 TradeNo，其中之一不得為空,,validation,error,ezPay 電子支付平台手冊 W1.0.2「十一、錯誤代碼」（交易退款 API）
ezpay,STRD0018,RefundBarCode、MerchantOrderNo、 TradeNo，不能同時帶入,,validation,error,ezPay 電子支付平台手冊 W1.0.2「十一、錯誤代碼」（交易退款 API）
ezpay,STRD0019,MerchantRefundNo 不得超過 20 字元,,validation,error,ezPay 電子支付平台手冊 W1.0.2「十一、錯誤代碼」（交易退款 API）
ezpay,STRD0020,RefundBarCode 不得超過 18 字元,,validation,error,ezPay 電子支付平台手冊 W1.0.2「十一、錯誤代碼」（交易退款 API）
ezpay,STRD0021,MerchantOrderNo 不得超過 20 字元,,validation,error,ezPay 電子支付平台手冊 W1.0.2「十一、錯誤代碼」（交易退款 API）
ezpay,STRD0022,TradeNo 不得超過 20 字元,,validation,error,ezPay 電子支付平台手冊 W1.0.2「十一、錯誤代碼」（交易退款 API）
ezpay,STRD0023,RefundType 錯誤,,validation,error,ezPay 電子支付平台手冊 W1.0.2「十一、錯誤代碼」（交易退款 API）
ezpay,STRD0024,Currency 錯誤,,validation,error,ezPay 電子支付平台手冊 W1.0.2「十一、錯誤代碼」（交易退款 API）
ezpay,STRD0025,RefundAmt 必須為數字,,validation,error,ezPay 電子支付平台手冊 W1.0.2「十一、錯誤代碼」（交易退款 API）
ezpay,STRD0026,RefundAmt 必須大於 0,,validation,error,ezPay 電子支付平台手冊 W1.0.2「十一、錯誤代碼」（交易退款 API）
ezpay,STRD0027,商店自定義退款請求序號重複,,validation,error,ezPay 電子支付平台手冊 W1.0.2「十一、錯誤代碼」（交易退款 API）
ezpay,STRD0028,此訂單交易不可退款(未付款 or 已全額退款),,validation,error,ezPay 電子支付平台手冊 W1.0.2「十一、錯誤代碼」（交易退款 API）
ezpay,STRD0201,取得訂單/交易資料失敗,,business,error,ezPay 電子支付平台手冊 W1.0.2「十一、錯誤代碼」（交易退款 API）
ezpay,STRD0202,訂單狀態不為已付款狀態,,business,error,ezPay 電子支付平台手冊 W1.0.2「十一、錯誤代碼」（交易退款 API）
ezpay,STRD0203,退款金額超過可退款金額,,business,error,ezPay 電子支付平台手冊 W1.0.2「十一、錯誤代碼」（交易退款 API）
ezpay,STRD0204,訂單退款失敗,,business,error,ezPay 電子支付平台手冊 W1.0.2「十一、錯誤代碼」（交易退款 API）
ezpay,STRD0205,訂單退款處理中,,business,error,ezPay 電子支付平台手冊 W1.0.2「十一、錯誤代碼」（交易退款 API）
ezpay,STRD9999,系統異常,,system,error,ezPay 電子支付平台手冊 W1.0.2「十一、錯誤代碼」（交易退款 API）
ezpay,SGTR0001,Version 不得為空,,validation,error,ezPay 電子支付平台手冊 W1.0.2「十一、錯誤代碼」（訂單查詢 API）
ezpay,SGTR0002,Version 錯誤,,validation,error,ezPay 電子支付平台手冊 W1.0.2「十一、錯誤代碼」（訂單查詢 API）
ezpay,SGTR0003,APIID 不得為空,,validation,error,ezPay 電子支付平台手冊 W1.0.2「十一、錯誤代碼」（訂單查詢 API）
ezpay,SGTR0004,APIID 錯誤,,validation,error,ezPay 電子支付平台手冊 W1.0.2「十一、錯誤代碼」（訂單查詢 API）
ezpay,SGTR0005,UID 不得為空,,validation,error,ezPay 電子支付平台手冊 W1.0.2「十一、錯誤代碼」（訂單查詢 API）
ezpay,SGTR0006,EncryptData 不得為空,,validation,error,ezPay 電子支付平台手冊 W1.0.2「十一、錯誤代碼」（訂單查詢 API）
ezpay,SGTR0007,HashData 不得為空,,validation,error,ezPay 電子支付平台手冊 W1.0.2「十一、錯誤代碼」（訂單查詢 API）
ezpay,SGTR0008,UID 錯誤,,validation,error,ezPay 電子支付平台手冊 W1.0.2「十一、錯誤代碼」（訂單查詢 API）
ezpay,SGTR0009,HashData 錯誤,,validation,error,ezPay 電子支付平台手冊 W1.0.2「十一、錯誤代碼」（訂單查詢 API）
ezpay,SGTR0010,商店不為啟用狀態,,validation,error,ezPay 電子支付平台手冊 W1.0.2「十一、錯誤代碼」（訂單查詢 API）
ezpay,SGTR0111,加密資料不得為空,,validation,error,ezPay 電子支付平台手冊 W1.0.2「十一、錯誤代碼」（訂單查詢 API）
ezpay,SGTR0112,TimeStamp 不得為空,,validation,error,ezPay 電子支付平台手冊 W1.0.2「十一、錯誤代碼」（訂單查詢 API）
ezpay,SGTR0113,APIID 不得為空,,validation,error,ezPay 電子支付平台手冊 W1.0.2「十一、錯誤代碼」（訂單查詢 API）
ezpay,SGTR0114,Version 不得為空,,validation,error,ezPay 電子支付平台手冊 W1.0.2「十一、錯誤代碼」（訂單查詢 API）
ezpay,SGTR0115,UID 不得為空,,validation,error,ezPay 電子支付平台手冊 W1.0.2「十一、錯誤代碼」（訂單查詢 API）
ezpay,SGTR0116,TradeNo、MerchantOrderNo，不能同時帶入,,validation,error,ezPay 電子支付平台手冊 W1.0.2「十一、錯誤代碼」（訂單查詢 API）
ezpay,SGTR0117,TradeNo、MerchantOrderNo，其中之一不得為空,,validation,error,ezPay 電子支付平台手冊 W1.0.2「十一、錯誤代碼」（訂單查詢 API）
ezpay,SGTR0118,MerchantOrderNo 不得超過 20 字元,,validation,error,ezPay 電子支付平台手冊 W1.0.2「十一、錯誤代碼」（訂單查詢 API）
ezpay,SGTR0119,TradeNo 不得超過 20 字元,,validation,error,ezPay 電子支付平台手冊 W1.0.2「十一、錯誤代碼」（訂單查詢 API）
ezpay,SGTR0120,商店未啟用簡單付 TWQR 交易,,validation,error,ezPay 電子支付平台手冊 W1.0.2「十一、錯誤代碼」（訂單查詢 API）
ezpay,SGTR0201,訂單查詢失敗,,business,error,ezPay 電子支付平台手冊 W1.0.2「十一、錯誤代碼」（訂單查詢 API）
ezpay,SGTR0202,交易結果查詢失敗,,business,error,ezPay 電子支付平台手冊 W1.0.2「十一、錯誤代碼」（訂單查詢 API）
ezpay,SGTR0203,跨機構交易詳細資料查詢失敗,,business,error,ezPay 電子支付平台手冊 W1.0.2「十一、錯誤代碼」（訂單查詢 API）
ezpay,SGTR9999,系統異常,,system,error,ezPay 電子支付平台手冊 W1.0.2「十一、錯誤代碼」（訂單查詢 API）
ezpay,SGRD0001,Version 不得為空,,validation,error,ezPay 電子支付平台手冊 W1.0.2「十一、錯誤代碼」（退款查詢 API）
ezpay,SGRD0002,Version 錯誤,,validation,error,ezPay 電子支付平台手冊 W1.0.2「十一、錯誤代碼」（退款查詢 API）
ezpay,SGRD0003,APIID 不得為空,,validation,error,ezPay 電子支付平台手冊 W1.0.2「十一、錯誤代碼」（退款查詢 API）
ezpay,SGRD0004,APIID 錯誤,,validation,error,ezPay 電子支付平台手冊 W1.0.2「十一、錯誤代碼」（退款查詢 API）
ezpay,SGRD0005,UID 不得為空,,validation,error,ezPay 電子支付平台手冊 W1.0.2「十一、錯誤代碼」（退款查詢 API）
ezpay,SGRD0006,EncryptData 不得為空,,validation,error,ezPay 電子支付平台手冊 W1.0.2「十一、錯誤代碼」（退款查詢 API）
ezpay,SGRD0007,HashData 不得為空,,validation,error,ezPay 電子支付平台手冊 W1.0.2「十一、錯誤代碼」（退款查詢 API）
ezpay,SGRD0008,UID 錯誤,,validation,error,ezPay 電子支付平台手冊 W1.0.2「十一、錯誤代碼」（退款查詢 API）
ezpay,SGRD0009,HashData 錯誤,,validation,error,ezPay 電子支付平台手冊 W1.0.2「十一、錯誤代碼」（退款查詢 API）
ezpay,SGRD0010,商店不為啟用狀態,,validation,error,ezPay 電子支付平台手冊 W1.0.2「十一、錯誤代碼」（退款查詢 API）
ezpay,SGRD0111,加密資料不得為空,,validation,error,ezPay 電子支付平台手冊 W1.0.2「十一、錯誤代碼」（退款查詢 API）
ezpay,SGRD0112,TimeStamp 不得為空,,validation,error,ezPay 電子支付平台手冊 W1.0.2「十一、錯誤代碼」（退款查詢 API）
ezpay,SGRD0113,Rtoken、MerchantRefundNo，其中之一不得為空,,validation,error,ezPay 電子支付平台手冊 W1.0.2「十一、錯誤代碼」（退款查詢 API）
ezpay,SGRD0114,Rtoken、MerchantRefundNo，不能同時帶入,,validation,error,ezPay 電子支付平台手冊 W1.0.2「十一、錯誤代碼」（退款查詢 API）
ezpay,SGRD0115,Rtoken 不得超過 64 字元,,validation,error,ezPay 電子支付平台手冊 W1.0.2「十一、錯誤代碼」（退款查詢 API）
ezpay,SGRD0116,Rtoken 格式錯誤,,validation,error,ezPay 電子支付平台手冊 W1.0.2「十一、錯誤代碼」（退款查詢 API）
ezpay,SGRD0117,MerchantRefundNo 不得超過 20 字元,,validation,error,ezPay 電子支付平台手冊 W1.0.2「十一、錯誤代碼」（退款查詢 API）
ezpay,SGRD0201,取得訂單/交易資料失敗,,business,error,ezPay 電子支付平台手冊 W1.0.2「十一、錯誤代碼」（退款查詢 API）
ezpay,SGRD9999,系統異常,,system,error,ezPay 電子支付平台手冊 W1.0.2「十一、錯誤代碼」（退款查詢 API）
ezpay,MPG01000,送入參數檢查錯誤,,validation,error,ezPay 跨境網路交易串接手冊 1.0.1「九、錯誤代碼」（支付寶／微信 MPG）
ezpay,MPG01010,程式版本錯誤,,validation,error,ezPay 跨境網路交易串接手冊 1.0.1「九、錯誤代碼」（支付寶／微信 MPG）
ezpay,MPG01012,商店訂單編號錯誤,,validation,error,ezPay 跨境網路交易串接手冊 1.0.1「九、錯誤代碼」（支付寶／微信 MPG）
ezpay,MPG01014,網址設定錯誤,,validation,error,ezPay 跨境網路交易串接手冊 1.0.1「九、錯誤代碼」（支付寶／微信 MPG）
ezpay,MPG01015,訂單金額錯誤,,validation,error,ezPay 跨境網路交易串接手冊 1.0.1「九、錯誤代碼」（支付寶／微信 MPG）
ezpay,MPG01016,時間戳記錯誤,,validation,error,ezPay 跨境網路交易串接手冊 1.0.1「九、錯誤代碼」（支付寶／微信 MPG）
ezpay,MPG01017,商品資訊錯誤,,validation,error,ezPay 跨境網路交易串接手冊 1.0.1「九、錯誤代碼」（支付寶／微信 MPG）
ezpay,MPG02002,查無商店開啟任何金流服務，請與客服聯繫,,business,error,ezPay 跨境網路交易串接手冊 1.0.1「九、錯誤代碼」（支付寶／微信 MPG）
ezpay,MPG02003,金流服務未啟用，請洽客服中心,,business,error,ezPay 跨境網路交易串接手冊 1.0.1「九、錯誤代碼」（支付寶／微信 MPG）
ezpay,MPG02004,送出後檢查，超過交易限制時間,,business,error,ezPay 跨境網路交易串接手冊 1.0.1「九、錯誤代碼」（支付寶／微信 MPG）
ezpay,MPG02005,送出後檢查，驗證資料錯誤,,business,error,ezPay 跨境網路交易串接手冊 1.0.1「九、錯誤代碼」（支付寶／微信 MPG）
ezpay,MPG02006,系統發生異常，請洽客服中心,,business,error,ezPay 跨境網路交易串接手冊 1.0.1「九、錯誤代碼」（支付寶／微信 MPG）
ezpay,MPG03001,訂單資訊解密失敗,,business,error,ezPay 跨境網路交易串接手冊 1.0.1「九、錯誤代碼」（支付寶／微信 MPG）
ezpay,MPG03004,商店狀態或屬性不符合，無法進行交易,,business,error,ezPay 跨境網路交易串接手冊 1.0.1「九、錯誤代碼」（支付寶／微信 MPG）
ezpay,MPG03007,查無此商店代號,,business,error,ezPay 跨境網路交易串接手冊 1.0.1「九、錯誤代碼」（支付寶／微信 MPG）
ezpay,MPG03008,已存在相同的商店訂單編號,,business,error,ezPay 跨境網路交易串接手冊 1.0.1「九、錯誤代碼」（支付寶／微信 MPG）
ezpay,MPG03009,交易失敗,,business,error,ezPay 跨境網路交易串接手冊 1.0.1「九、錯誤代碼」（支付寶／微信 MPG）
ezpay,CTI01001,資料不齊全(缺少必要參數),,validation,error,ezPay 跨境實體商店串接手冊 ezPay_2.0.0「十、錯誤代碼」p.32（跨境交易付款）
ezpay,CTI02001,查無符合商店資料,,validation,error,ezPay 跨境實體商店串接手冊 ezPay_2.0.0「十、錯誤代碼」p.32（跨境交易付款）
ezpay,CTI02002,資料解密失敗,,validation,error,ezPay 跨境實體商店串接手冊 ezPay_2.0.0「十、錯誤代碼」p.32（跨境交易付款）
ezpay,CTI03001,SHA 256 檢查不符合,,validation,error,ezPay 跨境實體商店串接手冊 ezPay_2.0.0「十、錯誤代碼」p.32（跨境交易付款）
ezpay,CTI04001,商店狀態已被暫停或是關閉，無法進行交易,,validation,error,ezPay 跨境實體商店串接手冊 ezPay_2.0.0「十、錯誤代碼」p.32（跨境交易付款）
ezpay,CTI04002,商店屬性不符合，無法進行交易,,validation,error,ezPay 跨境實體商店串接手冊 ezPay_2.0.0「十、錯誤代碼」p.32（跨境交易付款）
ezpay,CTI05001,未有時間戳記,,validation,error,ezPay 跨境實體商店串接手冊 ezPay_2.0.0「十、錯誤代碼」p.32（跨境交易付款）
ezpay,CTI05002,版本比對不符合,,validation,error,ezPay 跨境實體商店串接手冊 ezPay_2.0.0「十、錯誤代碼」p.32（跨境交易付款）
ezpay,CTI05003,未有商店代號,,validation,error,ezPay 跨境實體商店串接手冊 ezPay_2.0.0「十、錯誤代碼」p.32（跨境交易付款）
ezpay,CTI05004,商店代號比對不符合,,validation,error,ezPay 跨境實體商店串接手冊 ezPay_2.0.0「十、錯誤代碼」p.32（跨境交易付款）
ezpay,CTI05005,商店自訂單號空白,,validation,error,ezPay 跨境實體商店串接手冊 ezPay_2.0.0「十、錯誤代碼」p.32（跨境交易付款）
ezpay,CTI05006,商店自訂單號格式錯誤(僅接受英文、數字、下底線(_),,validation,error,ezPay 跨境實體商店串接手冊 ezPay_2.0.0「十、錯誤代碼」p.32（跨境交易付款）
ezpay,CTI05007,支付方式錯誤,,validation,error,ezPay 跨境實體商店串接手冊 ezPay_2.0.0「十、錯誤代碼」p.32（跨境交易付款）
ezpay,CTI05008,買方跨境條碼不可空白,,validation,error,ezPay 跨境實體商店串接手冊 ezPay_2.0.0「十、錯誤代碼」p.32（跨境交易付款）
ezpay,CTI05009,幣別格式錯誤,,validation,error,ezPay 跨境實體商店串接手冊 ezPay_2.0.0「十、錯誤代碼」p.32（跨境交易付款）
ezpay,CTI05010,訂單金額錯誤,,validation,error,ezPay 跨境實體商店串接手冊 ezPay_2.0.0「十、錯誤代碼」p.32（跨境交易付款）
ezpay,CTI05011,訂單金額格式錯誤(僅支援整數金額),,validation,error,ezPay 跨境實體商店串接手冊 ezPay_2.0.0「十、錯誤代碼」p.32（跨境交易付款）
ezpay,CTI05012,應付金額錯誤,,validation,error,ezPay 跨境實體商店串接手冊 ezPay_2.0.0「十、錯誤代碼」p.32（跨境交易付款）
ezpay,CTI05013,應付金額格式錯誤(僅支援整數金額),,validation,error,ezPay 跨境實體商店串接手冊 ezPay_2.0.0「十、錯誤代碼」p.32（跨境交易付款）
ezpay,CTI05014,訂單金額不可低於應付金額,,validation,error,ezPay 跨境實體商店串接手冊 ezPay_2.0.0「十、錯誤代碼」p.32（跨境交易付款）
ezpay,CTI05015,商品資訊錯誤,,validation,error,ezPay 跨境實體商店串接手冊 ezPay_2.0.0「十、錯誤代碼」p.32（跨境交易付款）
ezpay,CTI06001,"連線失敗,請聯絡客服",,business,error,ezPay 跨境實體商店串接手冊 ezPay_2.0.0「十、錯誤代碼」p.32（跨境交易付款）
ezpay,CTI06002,"未有回傳結果,請聯絡客服",,business,error,ezPay 跨境實體商店串接手冊 ezPay_2.0.0「十、錯誤代碼」p.32（跨境交易付款）
ezpay,CTI06003,付款失敗,,business,error,ezPay 跨境實體商店串接手冊 ezPay_2.0.0「十、錯誤代碼」p.32（跨境交易付款）
ezpay,CTQ01001,資料不齊全(缺少必要參數),,validation,error,ezPay 跨境實體商店串接手冊 ezPay_2.0.0「十、錯誤代碼」p.33（交易狀態查詢）
ezpay,CTQ02001,查無符合商店資料,,validation,error,ezPay 跨境實體商店串接手冊 ezPay_2.0.0「十、錯誤代碼」p.33（交易狀態查詢）
ezpay,CTQ02002,資料解密失敗,,validation,error,ezPay 跨境實體商店串接手冊 ezPay_2.0.0「十、錯誤代碼」p.33（交易狀態查詢）
ezpay,CTQ03001,SHA 256 檢查不符合,,validation,error,ezPay 跨境實體商店串接手冊 ezPay_2.0.0「十、錯誤代碼」p.33（交易狀態查詢）
ezpay,CTQ04001,商店屬性不符合，無法進行交易,,validation,error,ezPay 跨境實體商店串接手冊 ezPay_2.0.0「十、錯誤代碼」p.33（交易狀態查詢）
ezpay,CTQ05001,未有時間戳記,,validation,error,ezPay 跨境實體商店串接手冊 ezPay_2.0.0「十、錯誤代碼」p.33（交易狀態查詢）
ezpay,CTQ05002,版本比對不符合,,validation,error,ezPay 跨境實體商店串接手冊 ezPay_2.0.0「十、錯誤代碼」p.33（交易狀態查詢）
ezpay,CTQ05003,未有商店代號,,validation,error,ezPay 跨境實體商店串接手冊 ezPay_2.0.0「十、錯誤代碼」p.33（交易狀態查詢）
ezpay,CTQ05004,商店代號比對不符合,,validation,error,ezPay 跨境實體商店串接手冊 ezPay_2.0.0「十、錯誤代碼」p.33（交易狀態查詢）
ezpay,CTQ05005,未有交易序號或商店自訂單號,,validation,error,ezPay 跨境實體商店串接手冊 ezPay_2.0.0「十、錯誤代碼」p.33（交易狀態查詢）
ezpay,CTQ05006,交易序號或商店自訂單號擇一填寫,,validation,error,ezPay 跨境實體商店串接手冊 ezPay_2.0.0「十、錯誤代碼」p.33（交易狀態查詢）
ezpay,CTQ06001,查無符合交易紀錄,,business,error,ezPay 跨境實體商店串接手冊 ezPay_2.0.0「十、錯誤代碼」p.33（交易狀態查詢）
ezpay,CTR01001,資料不齊全(缺少必要參數),,validation,error,ezPay 跨境實體商店串接手冊 ezPay_2.0.0「十、錯誤代碼」p.34（跨境交易退款）
ezpay,CTR02001,查無符合商店資料,,validation,error,ezPay 跨境實體商店串接手冊 ezPay_2.0.0「十、錯誤代碼」p.34（跨境交易退款）
ezpay,CTR02002,資料解密失敗,,validation,error,ezPay 跨境實體商店串接手冊 ezPay_2.0.0「十、錯誤代碼」p.34（跨境交易退款）
ezpay,CTR03001,SHA 256 檢查不符合,,validation,error,ezPay 跨境實體商店串接手冊 ezPay_2.0.0「十、錯誤代碼」p.34（跨境交易退款）
ezpay,CTR04001,商店屬性不符合，無法進行退款,,validation,error,ezPay 跨境實體商店串接手冊 ezPay_2.0.0「十、錯誤代碼」p.34（跨境交易退款）
ezpay,CTR05001,未有時間戳記,,validation,error,ezPay 跨境實體商店串接手冊 ezPay_2.0.0「十、錯誤代碼」p.34（跨境交易退款）
ezpay,CTR05002,版本比對不符合,,validation,error,ezPay 跨境實體商店串接手冊 ezPay_2.0.0「十、錯誤代碼」p.34（跨境交易退款）
ezpay,CTR05003,未有商店代號,,validation,error,ezPay 跨境實體商店串接手冊 ezPay_2.0.0「十、錯誤代碼」p.34（跨境交易退款）
ezpay,CTR05004,商店代號比對不符合,,validation,error,ezPay 跨境實體商店串接手冊 ezPay_2.0.0「十、錯誤代碼」p.34（跨境交易退款）
ezpay,CTR05005,未有交易序號或商店自訂單號,,validation,error,ezPay 跨境實體商店串接手冊 ezPay_2.0.0「十、錯誤代碼」p.34（跨境交易退款）
ezpay,CTR05006,交易序號或商店自訂單號擇一填寫,,validation,error,ezPay 跨境實體商店串接手冊 ezPay_2.0.0「十、錯誤代碼」p.34（跨境交易退款）
ezpay,CTR05007,退款類型錯誤,,validation,error,ezPay 跨境實體商店串接手冊 ezPay_2.0.0「十、錯誤代碼」p.34（跨境交易退款）
ezpay,CTR05008,退款幣別錯誤,,validation,error,ezPay 跨境實體商店串接手冊 ezPay_2.0.0「十、錯誤代碼」p.34（跨境交易退款）
ezpay,CTR05009,退款金額格式錯誤(僅支援整數金額),,validation,error,ezPay 跨境實體商店串接手冊 ezPay_2.0.0「十、錯誤代碼」p.34（跨境交易退款）
ezpay,CTR06001,查無符合交易紀錄,,business,error,ezPay 跨境實體商店串接手冊 ezPay_2.0.0「十、錯誤代碼」p.34（跨境交易退款）
ezpay,CTR07001,訂單狀態不為已付款狀態,,business,error,ezPay 跨境實體商店串接手冊 ezPay_2.0.0「十、錯誤代碼」p.34（跨境交易退款）
ezpay,CTR07002,退款金額超過可退款金額,,business,error,ezPay 跨境實體商店串接手冊 ezPay_2.0.0「十、錯誤代碼」p.34（跨境交易退款）
ezpay,CTR08001,退款失敗,,business,error,ezPay 跨境實體商店串接手冊 ezPay_2.0.0「十、錯誤代碼」p.34（跨境交易退款）
ezpay,CTR08002,該時段無法退款,,business,error,ezPay 跨境實體商店串接手冊 ezPay_2.0.0「十、錯誤代碼」p.34（跨境交易退款）；每日 23:55 至隔日 00:05 結帳期間暫停退款（p.13）
ezpay,CTR08003,"在途金額不足,無法退款",,business,error,ezPay 跨境實體商店串接手冊 ezPay_2.0.0「十、錯誤代碼」p.34（跨境交易退款）
shopline,1005,校驗錯誤,Check error,api,error,見 SHOPLINE Payments 錯誤碼附錄（docs.shoplinepayments.com/appendix/errorCode/，場景：通用）
shopline,1006,紀錄已存在,Record already exists,api,error,見 SHOPLINE Payments 錯誤碼附錄（docs.shoplinepayments.com/appendix/errorCode/，場景：通用）
shopline,1008,狀態錯誤,Status error,api,error,見 SHOPLINE Payments 錯誤碼附錄（docs.shoplinepayments.com/appendix/errorCode/，場景：通用）
shopline,1016,付款查詢、退款發起請求時，沒有交易紀錄,No transaction record.,api,error,見 SHOPLINE Payments 錯誤碼附錄（docs.shoplinepayments.com/appendix/errorCode/，場景：通用）
shopline,1018,付款失敗/取消/逾期 & 資訊載入失敗 & 未知原因,Business error,api,error,見 SHOPLINE Payments 錯誤碼附錄（docs.shoplinepayments.com/appendix/errorCode/，場景：通用）
shopline,1901,系統連線失敗,System connection failed,api,error,見 SHOPLINE Payments 錯誤碼附錄（docs.shoplinepayments.com/appendix/errorCode/，場景：通用）
shopline,1902,系統內部格式錯誤,System internal format error,api,error,見 SHOPLINE Payments 錯誤碼附錄（docs.shoplinepayments.com/appendix/errorCode/，場景：通用）
shopline,1904,[通用] 請求過於頻繁 / [Onboarding] 請求過於頻繁,Requests are too frequent / Requests too frequent,multi,error,見 SHOPLINE Payments 錯誤碼附錄（docs.shoplinepayments.com/appendix/errorCode/，場景：通用、Onboarding）
shopline,1997,資料庫錯誤,Database error,api,error,見 SHOPLINE Payments 錯誤碼附錄（docs.shoplinepayments.com/appendix/errorCode/，場景：通用）
shopline,1998,系統配置錯誤,System configuration error,api,error,見 SHOPLINE Payments 錯誤碼附錄（docs.shoplinepayments.com/appendix/errorCode/，場景：通用）
shopline,1999,系統異常,Server error,api,error,見 SHOPLINE Payments 錯誤碼附錄（docs.shoplinepayments.com/appendix/errorCode/，場景：通用）
shopline,2001,APPID不存在,APPID does not exist,api,error,見 SHOPLINE Payments 錯誤碼附錄（docs.shoplinepayments.com/appendix/errorCode/，場景：通用）
shopline,2002,簽名錯誤,Signature error,api,error,見 SHOPLINE Payments 錯誤碼附錄（docs.shoplinepayments.com/appendix/errorCode/，場景：通用）
shopline,2003,請求URL錯誤,Request URL error,api,error,見 SHOPLINE Payments 錯誤碼附錄（docs.shoplinepayments.com/appendix/errorCode/，場景：通用）
shopline,2004,系統內部錯誤,Internal System Error,api,error,見 SHOPLINE Payments 錯誤碼附錄（docs.shoplinepayments.com/appendix/errorCode/，場景：通用）
shopline,2005,訪問拒絕,Access denied,api,error,見 SHOPLINE Payments 錯誤碼附錄（docs.shoplinepayments.com/appendix/errorCode/，場景：通用）
shopline,2006,錯誤請求,Bad request,api,error,見 SHOPLINE Payments 錯誤碼附錄（docs.shoplinepayments.com/appendix/errorCode/，場景：通用）
shopline,2007,無法訪問,Not found,api,error,見 SHOPLINE Payments 錯誤碼附錄（docs.shoplinepayments.com/appendix/errorCode/，場景：通用）
shopline,2008,服務無法存取,Service cannot be accessed,api,error,見 SHOPLINE Payments 錯誤碼附錄（docs.shoplinepayments.com/appendix/errorCode/，場景：通用）
shopline,2009,Token逾期,Token expired,api,error,見 SHOPLINE Payments 錯誤碼附錄（docs.shoplinepayments.com/appendix/errorCode/，場景：通用）
shopline,2010,Token被篡改,Token tampered,api,error,見 SHOPLINE Payments 錯誤碼附錄（docs.shoplinepayments.com/appendix/errorCode/，場景：通用）
shopline,2011,付款工具狀態禁止修改,InstrumentStatus forbidden change,api,error,見 SHOPLINE Payments 錯誤碼附錄（docs.shoplinepayments.com/appendix/errorCode/，場景：通用）
shopline,2013,特店未與平台 Connect,Merchants are not connected to the platform,api,error,見 SHOPLINE Payments 錯誤碼附錄（docs.shoplinepayments.com/appendix/errorCode/，場景：通用）
shopline,URL_NOT_FOUND,[Connect] URL不存在 / [Onboarding] URL不存在,The url does not exist,multi,error,見 SHOPLINE Payments 錯誤碼附錄（docs.shoplinepayments.com/appendix/errorCode/，場景：Connect、Onboarding）
shopline,ACCESS_DENIED,apiKey 或 clientKey 不正確/金鑰與商家ID或平台ID不符/金鑰錯誤/商家沒有存取資源權限,Access Denied,auth,error,見 SHOPLINE Payments 錯誤碼附錄（docs.shoplinepayments.com/appendix/errorCode/，場景：Connect）
shopline,MERCHANT_NOT_EXISTS,特店ID不存在,Merchant information does not exist,auth,error,見 SHOPLINE Payments 錯誤碼附錄（docs.shoplinepayments.com/appendix/errorCode/，場景：Connect）
shopline,UNAUTHORIZED_CLIENT,客戶端ID錯誤或授權參數錯誤,The client is not authorized to access the requested resource,auth,error,見 SHOPLINE Payments 錯誤碼附錄（docs.shoplinepayments.com/appendix/errorCode/，場景：Connect）
shopline,SERVER_ERROR,其他系統錯誤,System exception,auth,error,見 SHOPLINE Payments 錯誤碼附錄（docs.shoplinepayments.com/appendix/errorCode/，場景：Connect）
shopline,KEY_INCORRECT,平台 Authorize觸發 connect綁定的時 apiKey錯誤,"The apiKey or clientKey format is incorrect, please check the parameters",auth,error,見 SHOPLINE Payments 錯誤碼附錄（docs.shoplinepayments.com/appendix/errorCode/，場景：Connect）
shopline,INVALID_SCOPE,授權範圍錯誤,The requested range parameter value is invalid or not supported by the authorized server,auth,error,見 SHOPLINE Payments 錯誤碼附錄（docs.shoplinepayments.com/appendix/errorCode/，場景：Connect）
shopline,1001,重複下單，交易已存在,Order exsit,create,error,見 SHOPLINE Payments 錯誤碼附錄（docs.shoplinepayments.com/appendix/errorCode/，場景：下單）
shopline,1003,下單過程中，參數缺失,Param miss,create,error,見 SHOPLINE Payments 錯誤碼附錄（docs.shoplinepayments.com/appendix/errorCode/，場景：下單）
shopline,1004,[下單] 下單請求過程中，因入參錯誤等系統原因導致的下單失敗 / [Onboarding] 因入參錯誤等系統原因導致的失敗,Param error / The request header is invalid,multi,error,見 SHOPLINE Payments 錯誤碼附錄（docs.shoplinepayments.com/appendix/errorCode/，場景：下單、Onboarding）
shopline,1025,下單請求過程中，超過最大付款限額或不足最低付款限額,Create amount error,create,error,見 SHOPLINE Payments 錯誤碼附錄（docs.shoplinepayments.com/appendix/errorCode/，場景：下單）
shopline,4001,通路連線失敗,Channel connection failed,create,error,見 SHOPLINE Payments 錯誤碼附錄（docs.shoplinepayments.com/appendix/errorCode/，場景：下單）
shopline,4002,通路錯誤,Channel error,create,error,見 SHOPLINE Payments 錯誤碼附錄（docs.shoplinepayments.com/appendix/errorCode/，場景：下單）
shopline,4003,通路回應逾時,Channel response timeout,create,error,見 SHOPLINE Payments 錯誤碼附錄（docs.shoplinepayments.com/appendix/errorCode/，場景：下單）
shopline,4101,付款超額，付款金額不在最低和最高限額之間,Wrong amount,create,error,見 SHOPLINE Payments 錯誤碼附錄（docs.shoplinepayments.com/appendix/errorCode/，場景：下單）
shopline,4102,發起請求過程中，因為交易異常情況，下單失敗,Payment declined due to order abnormalities.,create,error,見 SHOPLINE Payments 錯誤碼附錄（docs.shoplinepayments.com/appendix/errorCode/，場景：下單）
shopline,4103,因為列表以外的未知原因導致下單失敗,The payment has been declined for unspecificed reasons.,create,error,見 SHOPLINE Payments 錯誤碼附錄（docs.shoplinepayments.com/appendix/errorCode/，場景：下單）
shopline,4104,因為特店帳戶狀態異常，導致交易下單被拒絕。,Payment declined (issues with merchant account),create,error,見 SHOPLINE Payments 錯誤碼附錄（docs.shoplinepayments.com/appendix/errorCode/，場景：下單）
shopline,4105,由於顧客帳戶狀態異常，導致交易失敗,Payment declined (issues with customer account),create,error,見 SHOPLINE Payments 錯誤碼附錄（docs.shoplinepayments.com/appendix/errorCode/，場景：下單）
shopline,4106,IP位址在通路側未加入白名單,The payment(s) failed due to system issues.,create,error,見 SHOPLINE Payments 錯誤碼附錄（docs.shoplinepayments.com/appendix/errorCode/，場景：下單）
shopline,4107,交易幣種通路不支援,The payment has been declined for unspecificed reasons.,create,error,見 SHOPLINE Payments 錯誤碼附錄（docs.shoplinepayments.com/appendix/errorCode/，場景：下單）
shopline,4108,喚起付款表單失敗,Failed to pull up the form,create,error,見 SHOPLINE Payments 錯誤碼附錄（docs.shoplinepayments.com/appendix/errorCode/，場景：下單）
shopline,4109,網站網域未設定,Invalid store url,create,error,見 SHOPLINE Payments 錯誤碼附錄（docs.shoplinepayments.com/appendix/errorCode/，場景：下單）
shopline,3000,命中 SLP 風控，使用者行為異常,The payment was declined due to payer/card irregularities.,payment,error,見 SHOPLINE Payments 錯誤碼附錄（docs.shoplinepayments.com/appendix/errorCode/，場景：付款）
shopline,3001,命中 SLP 風控，交易卡異常,The payment was declined due to payer/card irregularities.,payment,error,見 SHOPLINE Payments 錯誤碼附錄（docs.shoplinepayments.com/appendix/errorCode/，場景：付款）
shopline,3002,命中 SLP 風控，收貨人資訊異常,The payment was declined due to payer/card irregularities.,payment,error,見 SHOPLINE Payments 錯誤碼附錄（docs.shoplinepayments.com/appendix/errorCode/，場景：付款）
shopline,3003,命中 SLP 風控，高風險交易,The payment was declined due to payer/card irregularities.,payment,error,見 SHOPLINE Payments 錯誤碼附錄（docs.shoplinepayments.com/appendix/errorCode/，場景：付款）
shopline,3004,命中 SLP 風控，交易資訊異常,The payment was declined due to payer/card irregularities.,payment,error,見 SHOPLINE Payments 錯誤碼附錄（docs.shoplinepayments.com/appendix/errorCode/，場景：付款）
shopline,1012,特店 SLP 付款權限已停用,Merchant payment permission is disabled,payment,error,見 SHOPLINE Payments 錯誤碼附錄（docs.shoplinepayments.com/appendix/errorCode/，場景：付款）
shopline,4350,命中通路/銀行風控，交易被拒絕,The payment was rejected by the issuing bank.,payment,error,見 SHOPLINE Payments 錯誤碼附錄（docs.shoplinepayments.com/appendix/errorCode/，場景：付款）
shopline,4400,通路端交易過程中資料傳輸異常、系統異常,The payment failed due to the transaction timed out.,payment,error,見 SHOPLINE Payments 錯誤碼附錄（docs.shoplinepayments.com/appendix/errorCode/，場景：付款）
shopline,4401,通路端交易交易逾期,The payment period has expired.,payment,error,見 SHOPLINE Payments 錯誤碼附錄（docs.shoplinepayments.com/appendix/errorCode/，場景：付款）
shopline,4402,ATM 虛擬帳號場景：客戶實際繳款金額與產生帳號的金額不一致,The payment failed due to the actual amount [xxx幣種] paid by the payer is different from the set amount.,payment,error,見 SHOPLINE Payments 錯誤碼附錄（docs.shoplinepayments.com/appendix/errorCode/，場景：付款）
shopline,4403,系統繁忙,System Busy,payment,error,見 SHOPLINE Payments 錯誤碼附錄（docs.shoplinepayments.com/appendix/errorCode/，場景：付款）
shopline,4404,付款完成後，token內與付款請求內金額錯誤,Payment token amount not match,payment,error,見 SHOPLINE Payments 錯誤碼附錄（docs.shoplinepayments.com/appendix/errorCode/，場景：付款）
shopline,4405,與錢包前端互動後，回應的token非法,Payment token invailid,payment,error,見 SHOPLINE Payments 錯誤碼附錄（docs.shoplinepayments.com/appendix/errorCode/，場景：付款）
shopline,4406,付款公鑰錯誤,Payment public key invailid,payment,error,見 SHOPLINE Payments 錯誤碼附錄（docs.shoplinepayments.com/appendix/errorCode/，場景：付款）
shopline,4407,付款私鑰錯誤,Payment private key invailid,payment,error,見 SHOPLINE Payments 錯誤碼附錄（docs.shoplinepayments.com/appendix/errorCode/，場景：付款）
shopline,4408,付款簽名錯誤,Payment signature invailid,payment,error,見 SHOPLINE Payments 錯誤碼附錄（docs.shoplinepayments.com/appendix/errorCode/，場景：付款）
shopline,4409,與通路前端互動後，回傳的token逾期,Payment token expires,payment,error,見 SHOPLINE Payments 錯誤碼附錄（docs.shoplinepayments.com/appendix/errorCode/，場景：付款）
shopline,4410,與通路互動後，通路提示重複付款,Duplicate payment.,payment,error,見 SHOPLINE Payments 錯誤碼附錄（docs.shoplinepayments.com/appendix/errorCode/，場景：付款）
shopline,4411,通路介面回傳鑑權失敗,Payment failed due to technical issue,payment,error,見 SHOPLINE Payments 錯誤碼附錄（docs.shoplinepayments.com/appendix/errorCode/，場景：付款）
shopline,4412,通路介面回應not found,Payment failed due to technical issue,payment,error,見 SHOPLINE Payments 錯誤碼附錄（docs.shoplinepayments.com/appendix/errorCode/，場景：付款）
shopline,4450,銀行卡付款中，3DS驗證流程逾時,The payer did not complete 3D Secure authentication.,payment,error,見 SHOPLINE Payments 錯誤碼附錄（docs.shoplinepayments.com/appendix/errorCode/，場景：付款）
shopline,4451,發卡行回傳信用卡交易失敗,The payment was rejected by the issuing bank.,payment,error,見 SHOPLINE Payments 錯誤碼附錄（docs.shoplinepayments.com/appendix/errorCode/，場景：付款）
shopline,4452,銀行卡付款中，3DS交驗不透過,The payer's attempt at 3D Secure authentication failed.,payment,error,見 SHOPLINE Payments 錯誤碼附錄（docs.shoplinepayments.com/appendix/errorCode/，場景：付款）
shopline,4453,銀行卡CVV2驗證不透過,The CVC number is incorrect.,payment,error,見 SHOPLINE Payments 錯誤碼附錄（docs.shoplinepayments.com/appendix/errorCode/，場景：付款）
shopline,4454,交易卡餘額不足,The card has insufficient funds to complete the purchase.,payment,error,見 SHOPLINE Payments 錯誤碼附錄（docs.shoplinepayments.com/appendix/errorCode/，場景：付款）
shopline,4455,交易卡卡號驗證不透過（卡號無效）,The card number used is invalid.,payment,error,見 SHOPLINE Payments 錯誤碼附錄（docs.shoplinepayments.com/appendix/errorCode/，場景：付款）
shopline,4456,通路側系統異常,The payment failed due to system issues.,payment,error,見 SHOPLINE Payments 錯誤碼附錄（docs.shoplinepayments.com/appendix/errorCode/，場景：付款）
shopline,4457,發卡行識別出為高風險交易,The payment was declined by the issuing bank due to payer/card abnormalities.,payment,error,見 SHOPLINE Payments 錯誤碼附錄（docs.shoplinepayments.com/appendix/errorCode/，場景：付款）
shopline,4458,交易依然pending在通路側，處理中,The payment is still being processed.,payment,error,見 SHOPLINE Payments 錯誤碼附錄（docs.shoplinepayments.com/appendix/errorCode/，場景：付款）
shopline,4459,發卡銀行識別出銀行卡已過有效期限,The card used has expired.,payment,error,見 SHOPLINE Payments 錯誤碼附錄（docs.shoplinepayments.com/appendix/errorCode/，場景：付款）
shopline,4460,發卡行回傳交易密碼輸入次數超額限額,The payer exceeded the maximum number of PIN attempts.,payment,error,見 SHOPLINE Payments 錯誤碼附錄（docs.shoplinepayments.com/appendix/errorCode/，場景：付款）
shopline,4461,發卡行回傳交易金額超過最大/最小限額,The payer exceeded their available balance/credit limit.,payment,error,見 SHOPLINE Payments 錯誤碼附錄（docs.shoplinepayments.com/appendix/errorCode/，場景：付款）
shopline,4462,發卡行回傳交易密碼檢定不透過,The PIN entered is invalid.,payment,error,見 SHOPLINE Payments 錯誤碼附錄（docs.shoplinepayments.com/appendix/errorCode/，場景：付款）
shopline,4463,發卡銀行識別出交易卡為被竊/遺失卡,The payment was declined after being flagged by the issuing bank.,payment,error,見 SHOPLINE Payments 錯誤碼附錄（docs.shoplinepayments.com/appendix/errorCode/，場景：付款）
shopline,4464,卡被凍結,The selected card application is blocked.,payment,error,見 SHOPLINE Payments 錯誤碼附錄（docs.shoplinepayments.com/appendix/errorCode/，場景：付款）
shopline,4465,輸入PIN,Card/E-Wallet requires online pin,payment,error,見 SHOPLINE Payments 錯誤碼附錄（docs.shoplinepayments.com/appendix/errorCode/，場景：付款）
shopline,4466,金融卡卡受限,Restricted Card or Invalid card in this country,payment,error,見 SHOPLINE Payments 錯誤碼附錄（docs.shoplinepayments.com/appendix/errorCode/，場景：付款）
shopline,4467,已超交易次數,The number of withdrawals permitted for the shopper's card was exceeded,payment,error,見 SHOPLINE Payments 錯誤碼附錄（docs.shoplinepayments.com/appendix/errorCode/，場景：付款）
shopline,4468,付款碼或收款碼已逾期或無效,"Invalid QR Code, or QR Code has expired.",payment,error,見 SHOPLINE Payments 錯誤碼附錄（docs.shoplinepayments.com/appendix/errorCode/，場景：付款）
shopline,4550,客戶自主取消交易,Customer cancellation,payment,error,見 SHOPLINE Payments 錯誤碼附錄（docs.shoplinepayments.com/appendix/errorCode/，場景：付款）
shopline,4551,客戶發起了拒付，交易正在爭議期,Customer dispute,payment,error,見 SHOPLINE Payments 錯誤碼附錄（docs.shoplinepayments.com/appendix/errorCode/，場景：付款）
shopline,4552,顧客付款帳號異常,Customer account error,payment,error,見 SHOPLINE Payments 錯誤碼附錄（docs.shoplinepayments.com/appendix/errorCode/，場景：付款）
shopline,4600,Others-Exception,The payment has been declined for unspecificed reasons.,payment,error,見 SHOPLINE Payments 錯誤碼附錄（docs.shoplinepayments.com/appendix/errorCode/，場景：付款）
shopline,1010,特店SLP退款權限已停用,Merchant refund permission is disabled,refund,error,見 SHOPLINE Payments 錯誤碼附錄（docs.shoplinepayments.com/appendix/errorCode/，場景：退款）
shopline,1013,退款要求已存在，不可重複發起退款,The refund request is existing.,refund,error,見 SHOPLINE Payments 錯誤碼附錄（docs.shoplinepayments.com/appendix/errorCode/，場景：退款）
shopline,1014,交易已完成全部金額退款，無可退款金額,The refund failed due to exceeded the allowable refund amount.,refund,error,見 SHOPLINE Payments 錯誤碼附錄（docs.shoplinepayments.com/appendix/errorCode/，場景：退款）
shopline,1015,特店帳戶未完成高級認證，不可發起退款,Refund decline（issues with customer account）,refund,error,見 SHOPLINE Payments 錯誤碼附錄（docs.shoplinepayments.com/appendix/errorCode/，場景：退款）
shopline,1020,付款交易可以退款的時效為180天，如超過，無法退款,The allowable refund period has expired.,refund,error,見 SHOPLINE Payments 錯誤碼附錄（docs.shoplinepayments.com/appendix/errorCode/，場景：退款）
shopline,1021,請求退款的交易不存在或狀態異常（失敗/逾時）,The refund failed due to the order does not exist or is in exception status.,refund,error,見 SHOPLINE Payments 錯誤碼附錄（docs.shoplinepayments.com/appendix/errorCode/，場景：退款）
shopline,1202,通路不支援線上退款API，只能線下退款,Refund is not support currently,refund,error,見 SHOPLINE Payments 錯誤碼附錄（docs.shoplinepayments.com/appendix/errorCode/，場景：退款）
shopline,1022,由於特店帳戶餘額不足，退款失敗,The refund failed due to the merchant acc does not have enough balance.,refund,error,見 SHOPLINE Payments 錯誤碼附錄（docs.shoplinepayments.com/appendix/errorCode/，場景：退款）
shopline,1023,因為清單以外的未知原因導致退款失敗,The refund request can not be processed at the moment.,refund,error,見 SHOPLINE Payments 錯誤碼附錄（docs.shoplinepayments.com/appendix/errorCode/，場景：退款）
shopline,4502,請求退款的交易不存在或狀態異常（失敗/逾時）,The refund failed due to the order does not exist or is in exception status.,refund,error,見 SHOPLINE Payments 錯誤碼附錄（docs.shoplinepayments.com/appendix/errorCode/，場景：退款）
shopline,4701,退款要求金額超過交易可退款金額,Refund request amount exceeds order refundable amount,refund,error,見 SHOPLINE Payments 錯誤碼附錄（docs.shoplinepayments.com/appendix/errorCode/，場景：退款）
shopline,4702,由於特店帳戶餘額不足，退款失敗,The refund failed due to insufficient merchant account balance,refund,error,見 SHOPLINE Payments 錯誤碼附錄（docs.shoplinepayments.com/appendix/errorCode/，場景：退款）
shopline,4703,付款交易已超過可退款時效,The payment order has exceeded the refundable time limit,refund,error,見 SHOPLINE Payments 錯誤碼附錄（docs.shoplinepayments.com/appendix/errorCode/，場景：退款）
shopline,4704,因為清單以外的未知原因導致退款失敗,The refund failed because of unknown reasons.,refund,error,見 SHOPLINE Payments 錯誤碼附錄（docs.shoplinepayments.com/appendix/errorCode/，場景：退款）
shopline,4705,傳輸金額不正確導致退款失敗,Refund failed because of amount not valid,refund,error,見 SHOPLINE Payments 錯誤碼附錄（docs.shoplinepayments.com/appendix/errorCode/，場景：退款）
shopline,4706,上次的退款交易尚在退款中，無法再新發起退款,The new refund cannot be initiated because the previously refund of the payment is still processing,refund,error,見 SHOPLINE Payments 錯誤碼附錄（docs.shoplinepayments.com/appendix/errorCode/，場景：退款）
shopline,4707,該交易不支援部分退款,Partial refund doesn't support.,refund,error,見 SHOPLINE Payments 錯誤碼附錄（docs.shoplinepayments.com/appendix/errorCode/，場景：退款）
shopline,4700,請求退款的交易不存在或狀態異常（失敗/逾時）,The refund failed because of unknown reasons.,refund,error,見 SHOPLINE Payments 錯誤碼附錄（docs.shoplinepayments.com/appendix/errorCode/，場景：退款）
shopline,1200,暫時不支援綁卡功能,Card binding is not support currently.,api,error,見 SHOPLINE Payments 錯誤碼附錄（docs.shoplinepayments.com/appendix/errorCode/，場景：綁卡）
shopline,1201,系統正在自動處理綁卡後流程，請5分鐘後再試,Card is cloning,api,error,見 SHOPLINE Payments 錯誤碼附錄（docs.shoplinepayments.com/appendix/errorCode/，場景：綁卡）
shopline,4800,未知原因,Binding failed due to unknown reason.,api,error,見 SHOPLINE Payments 錯誤碼附錄（docs.shoplinepayments.com/appendix/errorCode/，場景：綁卡）
shopline,4801,使用者拒絕授權,The merchant rejected the binding.,api,error,見 SHOPLINE Payments 錯誤碼附錄（docs.shoplinepayments.com/appendix/errorCode/，場景：綁卡）
shopline,4802,通路參數錯誤,Bind parameter error.,api,error,見 SHOPLINE Payments 錯誤碼附錄（docs.shoplinepayments.com/appendix/errorCode/，場景：綁卡）
shopline,1203,通路進行卡片驗證，通路回應失敗,Card verification is failed,api,error,見 SHOPLINE Payments 錯誤碼附錄（docs.shoplinepayments.com/appendix/errorCode/，場景：綁卡）
shopline,4900,通路要求該筆交易需要進行3DS，但由於是顧客不在場定期付款，無法完成,Need 3DS,api,error,見 SHOPLINE Payments 錯誤碼附錄（docs.shoplinepayments.com/appendix/errorCode/，場景：定期付款）
shopline,4901,通路要求該筆交易需要進行CVS認證，但由於是顧客不在場定期付款，無法完成,Need cvs,api,error,見 SHOPLINE Payments 錯誤碼附錄（docs.shoplinepayments.com/appendix/errorCode/，場景：定期付款）
shopline,4902,因其它原因，無法完成定期付款,Saved card payment other erorr,api,error,見 SHOPLINE Payments 錯誤碼附錄（docs.shoplinepayments.com/appendix/errorCode/，場景：定期付款）
shopline,6001,交易處理中，交易取消失敗,"Transaction is processing, can not cancel.",api,error,見 SHOPLINE Payments 錯誤碼附錄（docs.shoplinepayments.com/appendix/errorCode/，場景：取消授權）
shopline,6002,交易已請款，無法取消,Can not Cancel the Captured transaction,api,error,見 SHOPLINE Payments 錯誤碼附錄（docs.shoplinepayments.com/appendix/errorCode/，場景：取消授權）
shopline,6003,交易已取消，無法取消,Can not Cancel the Cancelled transaction,api,error,見 SHOPLINE Payments 錯誤碼附錄（docs.shoplinepayments.com/appendix/errorCode/，場景：取消授權）
shopline,6400,交易狀態異常，無法取消,The transaction status is abnormal and cannot be cancelled,api,error,見 SHOPLINE Payments 錯誤碼附錄（docs.shoplinepayments.com/appendix/errorCode/，場景：取消授權）
shopline,6401,通路系統原因導致無法取消,Can not Cancel for system error,api,error,見 SHOPLINE Payments 錯誤碼附錄（docs.shoplinepayments.com/appendix/errorCode/，場景：取消授權）
shopline,7001,請款金額大於可請款金額,The capture amount is bigger than the amount that can be captured,api,error,見 SHOPLINE Payments 錯誤碼附錄（docs.shoplinepayments.com/appendix/errorCode/，場景：請款）
shopline,7002,交易狀態異常，無法請款,The transaction status is abnormal and cannot be captured,api,error,見 SHOPLINE Payments 錯誤碼附錄（docs.shoplinepayments.com/appendix/errorCode/，場景：請款）
shopline,7400,交易狀態異常，無法請款,The transaction status is abnormal and cannot be captured,api,error,見 SHOPLINE Payments 錯誤碼附錄（docs.shoplinepayments.com/appendix/errorCode/，場景：請款）
shopline,7401,通路系統原因導致無法請款,Can not Capture for system error,api,error,見 SHOPLINE Payments 錯誤碼附錄（docs.shoplinepayments.com/appendix/errorCode/，場景：請款）
shopline,7402,請款金額大於可請款金額,The capture amount is bigger than the amount that can be captured,api,error,見 SHOPLINE Payments 錯誤碼附錄（docs.shoplinepayments.com/appendix/errorCode/，場景：請款）
shopline,7403,因授權額度問題請款失敗,Capture fail for bank decline,api,error,見 SHOPLINE Payments 錯誤碼附錄（docs.shoplinepayments.com/appendix/errorCode/，場景：請款）
shopline,1009,特店SLP收款權限已停用,Receive forbidden,api,error,見 SHOPLINE Payments 錯誤碼附錄（docs.shoplinepayments.com/appendix/errorCode/，場景：SDK）
shopline,4200,特店暫未綁定該付款通路,Payment method not activated,api,error,見 SHOPLINE Payments 錯誤碼附錄（docs.shoplinepayments.com/appendix/errorCode/，場景：SDK）
shopline,4201,特店暫無使用權限,The payment failed due to merchant account invalid,api,error,見 SHOPLINE Payments 錯誤碼附錄（docs.shoplinepayments.com/appendix/errorCode/，場景：SDK）
shopline,4202,通路或付款方式暫時不支援該交易幣種,Currency not support,api,error,見 SHOPLINE Payments 錯誤碼附錄（docs.shoplinepayments.com/appendix/errorCode/，場景：SDK）
shopline,4203,特店收款帳戶狀態異常,Merchant payment permission is disabled,api,error,見 SHOPLINE Payments 錯誤碼附錄（docs.shoplinepayments.com/appendix/errorCode/，場景：SDK）
shopline,4204,暫不支援該付款方式,This payment method is not currently supported,api,error,見 SHOPLINE Payments 錯誤碼附錄（docs.shoplinepayments.com/appendix/errorCode/，場景：SDK）
shopline,8100,無法對已經結算的交易執行結算,Transaction already settled.,api,error,見 SHOPLINE Payments 錯誤碼附錄（docs.shoplinepayments.com/appendix/errorCode/，場景：結算）
shopline,8101,無法對已經預約結算的交易執行結算,Transaction already scheduled for settlement.,api,error,見 SHOPLINE Payments 錯誤碼附錄（docs.shoplinepayments.com/appendix/errorCode/，場景：結算）
shopline,1011,提現已停用,Withdraw Forbidden,api,error,見 SHOPLINE Payments 錯誤碼附錄（docs.shoplinepayments.com/appendix/errorCode/，場景：轉帳交易）
shopline,9007,帳戶餘額不足,Account balance not enough,api,error,見 SHOPLINE Payments 錯誤碼附錄（docs.shoplinepayments.com/appendix/errorCode/，場景：轉帳交易）
shopline,1002,可操作餘額不足,Amount not enough,api,error,見 SHOPLINE Payments 錯誤碼附錄（docs.shoplinepayments.com/appendix/errorCode/，場景：分帳交易）
shopline,1040,該付款方式的交易不支援分帳,Transactions using this payment method cannot be split.,api,error,見 SHOPLINE Payments 錯誤碼附錄（docs.shoplinepayments.com/appendix/errorCode/，場景：分帳交易）
shopline,2113,此主體已經存在,entity not unique,onboarding,error,見 SHOPLINE Payments 錯誤碼附錄（docs.shoplinepayments.com/appendix/errorCode/，場景：Onboarding）
shopline,2116,此負責人或最終受益人已經存在,person not unique,onboarding,error,見 SHOPLINE Payments 錯誤碼附錄（docs.shoplinepayments.com/appendix/errorCode/，場景：Onboarding）
shopline,2121,此銀行帳戶已提交，請勿重複提交,"The bank has been submitted, please do not repeat",onboarding,error,見 SHOPLINE Payments 錯誤碼附錄（docs.shoplinepayments.com/appendix/errorCode/，場景：Onboarding）
shopline,2131,此主體正在申請中,entity applying,onboarding,error,見 SHOPLINE Payments 錯誤碼附錄（docs.shoplinepayments.com/appendix/errorCode/，場景：Onboarding）
linepay,0000,,"Returned when the request is successful. If this is the result of a payment request status check, the code indicates that The customer has not yet completed LINE Pay authentication.",success,info,見 LINE Pay Online API v3 結果代碼（developers-pay.line.me/online-api-v3）
linepay,0110,,"The customer has completed LINE Pay authentication, and you can proceed with payment confirmation.",api,info,見 LINE Pay Online API v3 結果代碼（developers-pay.line.me/online-api-v3）
linepay,0121,,"The customer canceled the payment, or the LINE Pay authentication waiting time expired.",api,info,見 LINE Pay Online API v3 結果代碼（developers-pay.line.me/online-api-v3）
linepay,0122,,Payment failed.,api,info,見 LINE Pay Online API v3 結果代碼（developers-pay.line.me/online-api-v3）
linepay,0123,,Payment completed.,api,info,見 LINE Pay Online API v3 結果代碼（developers-pay.line.me/online-api-v3）
linepay,1101,,The customer isn't a LINE Pay user.,api,error,見 LINE Pay Online API v3 結果代碼（developers-pay.line.me/online-api-v3）
linepay,1102,,The customer is currently unable to make transactions with LINE Pay.,api,error,見 LINE Pay Online API v3 結果代碼（developers-pay.line.me/online-api-v3）
linepay,1104,,The merchant isn't registered on the merchant center. Check if the correct credentials are entered.,api,error,見 LINE Pay Online API v3 結果代碼（developers-pay.line.me/online-api-v3）
linepay,1105,,LINE Pay is currently unavailable for the merchant.,api,error,見 LINE Pay Online API v3 結果代碼（developers-pay.line.me/online-api-v3）
linepay,1106,,There is an error in the request header information.,api,error,見 LINE Pay Online API v3 結果代碼（developers-pay.line.me/online-api-v3）
linepay,1110,,The credit card cannot be used.,api,error,見 LINE Pay Online API v3 結果代碼（developers-pay.line.me/online-api-v3）
linepay,1124,,There is an error in the amount information.,api,error,見 LINE Pay Online API v3 結果代碼（developers-pay.line.me/online-api-v3）
linepay,1141,,"There is a problem with the account status. In case of EPI transaction, the merchant may not have enabled the EPI payment method, if pre-approved transaction, user might discarded pre-approved payment key and need to obtain a new key.",api,error,見 LINE Pay Online API v3 結果代碼（developers-pay.line.me/online-api-v3）
linepay,1142,,The balance is insufficient.,api,error,見 LINE Pay Online API v3 結果代碼（developers-pay.line.me/online-api-v3）
linepay,1145,,Payment is in progress.,api,error,見 LINE Pay Online API v3 結果代碼（developers-pay.line.me/online-api-v3）
linepay,1150,,There are no transaction details.,api,error,見 LINE Pay Online API v3 結果代碼（developers-pay.line.me/online-api-v3）
linepay,1152,,There is a duplicate transaction.,api,error,見 LINE Pay Online API v3 結果代碼（developers-pay.line.me/online-api-v3）
linepay,1153,,The payment request amount and the capture amount differ.,api,error,見 LINE Pay Online API v3 結果代碼（developers-pay.line.me/online-api-v3）
linepay,1154,,The selected payment method for pre-approved payment isn't available.,api,error,見 LINE Pay Online API v3 結果代碼（developers-pay.line.me/online-api-v3）
linepay,1155,,This is an invalid transaction ID.,api,error,見 LINE Pay Online API v3 結果代碼（developers-pay.line.me/online-api-v3）
linepay,1159,,There is no payment request information.,api,error,見 LINE Pay Online API v3 結果代碼（developers-pay.line.me/online-api-v3）
linepay,1163,,Refund isn't available (refund period has expired).,api,error,見 LINE Pay Online API v3 結果代碼（developers-pay.line.me/online-api-v3）
linepay,1164,,Exceeded the refundable amount.,api,error,見 LINE Pay Online API v3 結果代碼（developers-pay.line.me/online-api-v3）
linepay,1165,,The transaction has already been refunded.,api,error,見 LINE Pay Online API v3 結果代碼（developers-pay.line.me/online-api-v3）
linepay,1169,,LINE Pay requires payment method selection and password authentication.,api,error,見 LINE Pay Online API v3 結果代碼（developers-pay.line.me/online-api-v3）
linepay,1170,,The balance in the member's account has changed.,api,error,見 LINE Pay Online API v3 結果代碼（developers-pay.line.me/online-api-v3）
linepay,1172,,Transaction details with the same order ID already exist.,api,error,見 LINE Pay Online API v3 結果代碼（developers-pay.line.me/online-api-v3）
linepay,1177,,Exceeded the maximum number of transactions that can be retrieved. (100),api,error,見 LINE Pay Online API v3 結果代碼（developers-pay.line.me/online-api-v3）
linepay,1178,,The currency isn't supported by the merchant.,api,error,見 LINE Pay Online API v3 結果代碼（developers-pay.line.me/online-api-v3）
linepay,1179,,Cannot be processed at the moment.,api,error,見 LINE Pay Online API v3 結果代碼（developers-pay.line.me/online-api-v3）
linepay,1180,,Payment time expired.,api,error,見 LINE Pay Online API v3 結果代碼（developers-pay.line.me/online-api-v3）
linepay,1183,,Payment amount must exceed the minimum amount set.,api,error,見 LINE Pay Online API v3 結果代碼（developers-pay.line.me/online-api-v3）
linepay,1184,,Payment amount must not exceed the maximum amount set.,api,error,見 LINE Pay Online API v3 結果代碼（developers-pay.line.me/online-api-v3）
linepay,1190,,There is no pre-approved payment key.,api,error,見 LINE Pay Online API v3 結果代碼（developers-pay.line.me/online-api-v3）
linepay,1193,,Pre-approved payment key has expired.,api,error,見 LINE Pay Online API v3 結果代碼（developers-pay.line.me/online-api-v3）
linepay,1194,,Pre-approved payment isn't available for this merchant.,api,error,見 LINE Pay Online API v3 結果代碼（developers-pay.line.me/online-api-v3）
linepay,1198,,API request is duplicated.,api,error,見 LINE Pay Online API v3 結果代碼（developers-pay.line.me/online-api-v3）
linepay,1199,,Internal error occurred during the request.,api,error,見 LINE Pay Online API v3 結果代碼（developers-pay.line.me/online-api-v3）
linepay,1280,,Temporary error occurred during credit card payment.,api,error,見 LINE Pay Online API v3 結果代碼（developers-pay.line.me/online-api-v3）
linepay,1281,,Error occurred during credit card payment.,api,error,見 LINE Pay Online API v3 結果代碼（developers-pay.line.me/online-api-v3）
linepay,1282,,Error occurred during credit card authorization.,api,error,見 LINE Pay Online API v3 結果代碼（developers-pay.line.me/online-api-v3）
linepay,1283,,Payment was denied due to suspected fraudulent use.,api,error,見 LINE Pay Online API v3 結果代碼（developers-pay.line.me/online-api-v3）
linepay,1284,,Credit card payment is temporarily suspended.,api,error,見 LINE Pay Online API v3 結果代碼（developers-pay.line.me/online-api-v3）
linepay,1285,,Credit card payment information is missing.,api,error,見 LINE Pay Online API v3 結果代碼（developers-pay.line.me/online-api-v3）
linepay,1286,,Credit card payment information is incorrect.,api,error,見 LINE Pay Online API v3 結果代碼（developers-pay.line.me/online-api-v3）
linepay,1287,,Credit card expiration date has passed.,api,error,見 LINE Pay Online API v3 結果代碼（developers-pay.line.me/online-api-v3）
linepay,1288,,Insufficient balance in the credit card account,api,error,見 LINE Pay Online API v3 結果代碼（developers-pay.line.me/online-api-v3）
linepay,1289,,Exceeded the credit card limit.,api,error,見 LINE Pay Online API v3 結果代碼（developers-pay.line.me/online-api-v3）
linepay,1290,,Exceeded the per-transaction limit for credit card payments.,api,error,見 LINE Pay Online API v3 結果代碼（developers-pay.line.me/online-api-v3）
linepay,1291,,This card is reported stolen.,api,error,見 LINE Pay Online API v3 結果代碼（developers-pay.line.me/online-api-v3）
linepay,1292,,Card usage is suspended.,api,error,見 LINE Pay Online API v3 結果代碼（developers-pay.line.me/online-api-v3）
linepay,1293,,CVN input error occurred.,api,error,見 LINE Pay Online API v3 結果代碼（developers-pay.line.me/online-api-v3）
linepay,1294,,This card is on the blacklist.,api,error,見 LINE Pay Online API v3 結果代碼（developers-pay.line.me/online-api-v3）
linepay,1295,,The credit card number is incorrect.,api,error,見 LINE Pay Online API v3 結果代碼（developers-pay.line.me/online-api-v3）
linepay,1296,,This amount cannot be processed.,api,error,見 LINE Pay Online API v3 結果代碼（developers-pay.line.me/online-api-v3）
linepay,1298,,Card use was declined.,api,error,見 LINE Pay Online API v3 結果代碼（developers-pay.line.me/online-api-v3）
linepay,2101,,Parameter error occurred.,api,error,見 LINE Pay Online API v3 結果代碼（developers-pay.line.me/online-api-v3）
linepay,2102,,JSON data format error occurred.,api,error,見 LINE Pay Online API v3 結果代碼（developers-pay.line.me/online-api-v3）
linepay,9000,,Internal error occurred.,api,error,見 LINE Pay Online API v3 結果代碼（developers-pay.line.me/online-api-v3）
tappay,-8,,[LINE Pay] failed to get prime,sdk,error,見 TapPay Docs「Error」頁（docs.tappaysdk.com/tutorial/en/error.html）；同一代碼在不同 API 意義可能不同
tappay,-7,,[Google Pay] failed to get prime,sdk,error,見 TapPay Docs「Error」頁（docs.tappaysdk.com/tutorial/en/error.html）；同一代碼在不同 API 意義可能不同
tappay,-6,,[Apple Pay] failed to get prime,sdk,error,見 TapPay Docs「Error」頁（docs.tappaysdk.com/tutorial/en/error.html）；同一代碼在不同 API 意義可能不同
tappay,-5,,Unknown Error,sdk,error,見 TapPay Docs「Error」頁（docs.tappaysdk.com/tutorial/en/error.html）；同一代碼在不同 API 意義可能不同
tappay,-3,,failed to get prime / Internet Unavailable,sdk,error,見 TapPay Docs「Error」頁（docs.tappaysdk.com/tutorial/en/error.html）；同一代碼在不同 API 意義可能不同
tappay,-1,,SDK Loading Error,sdk,error,見 TapPay Docs「Error」頁（docs.tappaysdk.com/tutorial/en/error.html）；同一代碼在不同 API 意義可能不同
tappay,0,,Success / success,success,info,見 TapPay Docs「Error」頁（docs.tappaysdk.com/tutorial/en/error.html）；同一代碼在不同 API 意義可能不同
tappay,5,,Wrong JSON format,api,error,見 TapPay Docs「Error」頁（docs.tappaysdk.com/tutorial/en/error.html）；同一代碼在不同 API 意義可能不同
tappay,11,,App ID not found,api,error,見 TapPay Docs「Error」頁（docs.tappaysdk.com/tutorial/en/error.html）；同一代碼在不同 API 意義可能不同
tappay,12,,App name mismatch,api,error,見 TapPay Docs「Error」頁（docs.tappaysdk.com/tutorial/en/error.html）；同一代碼在不同 API 意義可能不同
tappay,13,,Unknown app error,api,error,見 TapPay Docs「Error」頁（docs.tappaysdk.com/tutorial/en/error.html）；同一代碼在不同 API 意義可能不同
tappay,16,,App key mismatch,api,error,見 TapPay Docs「Error」頁（docs.tappaysdk.com/tutorial/en/error.html）；同一代碼在不同 API 意義可能不同
tappay,41,,Wrong Card Format / Wrong card format,api,error,見 TapPay Docs「Error」頁（docs.tappaysdk.com/tutorial/en/error.html）；同一代碼在不同 API 意義可能不同
tappay,80,,Invaild x-api-key or app key / x-api-key is invalid.,api,error,見 TapPay Docs「Error」頁（docs.tappaysdk.com/tutorial/en/error.html）；同一代碼在不同 API 意義可能不同
tappay,81,,Partner not found,api,error,見 TapPay Docs「Error」頁（docs.tappaysdk.com/tutorial/en/error.html）；同一代碼在不同 API 意義可能不同
tappay,84,,Partner unauthorized,api,error,見 TapPay Docs「Error」頁（docs.tappaysdk.com/tutorial/en/error.html）；同一代碼在不同 API 意義可能不同
tappay,122,,Card encrypt error,api,error,見 TapPay Docs「Error」頁（docs.tappaysdk.com/tutorial/en/error.html）；同一代碼在不同 API 意義可能不同
tappay,401,,"Request Cancel, please see the defail of msg",api,error,見 TapPay Docs「Error」頁（docs.tappaysdk.com/tutorial/en/error.html）；同一代碼在不同 API 意義可能不同
tappay,402,,"Can not obtain payment data, please see the defail of msg",api,error,見 TapPay Docs「Error」頁（docs.tappaysdk.com/tutorial/en/error.html）；同一代碼在不同 API 意義可能不同
tappay,403,,[Apple Pay] Get Session error: {Message from apple},api,error,見 TapPay Docs「Error」頁（docs.tappaysdk.com/tutorial/en/error.html）；同一代碼在不同 API 意義可能不同
tappay,404,,"[Payment Request API] Unexcept Error, for detail please see originalError",api,error,見 TapPay Docs「Error」頁（docs.tappaysdk.com/tutorial/en/error.html）；同一代碼在不同 API 意義可能不同
tappay,421,,Gateway Timeout,api,error,見 TapPay Docs「Error」頁（docs.tappaysdk.com/tutorial/en/error.html）；同一代碼在不同 API 意義可能不同
tappay,422,,Authorization Timeout,api,error,見 TapPay Docs「Error」頁（docs.tappaysdk.com/tutorial/en/error.html）；同一代碼在不同 API 意義可能不同
tappay,530,,Invalid arguments : app_id,api,error,見 TapPay Docs「Error」頁（docs.tappaysdk.com/tutorial/en/error.html）；同一代碼在不同 API 意義可能不同
tappay,531,,Missing arguments : app_key,api,error,見 TapPay Docs「Error」頁（docs.tappaysdk.com/tutorial/en/error.html）；同一代碼在不同 API 意義可能不同
tappay,532,,Missing arguments : app_name,api,error,見 TapPay Docs「Error」頁（docs.tappaysdk.com/tutorial/en/error.html）；同一代碼在不同 API 意義可能不同
tappay,533,,Missing arguments : card_number,api,error,見 TapPay Docs「Error」頁（docs.tappaysdk.com/tutorial/en/error.html）；同一代碼在不同 API 意義可能不同
tappay,534,,Missing arguments : card_expiry_date,api,error,見 TapPay Docs「Error」頁（docs.tappaysdk.com/tutorial/en/error.html）；同一代碼在不同 API 意義可能不同
tappay,570,,Out of range : app_key,api,error,見 TapPay Docs「Error」頁（docs.tappaysdk.com/tutorial/en/error.html）；同一代碼在不同 API 意義可能不同
tappay,571,,Out of range : app_name,api,error,見 TapPay Docs「Error」頁（docs.tappaysdk.com/tutorial/en/error.html）；同一代碼在不同 API 意義可能不同
tappay,572,,Out of range : card_number,api,error,見 TapPay Docs「Error」頁（docs.tappaysdk.com/tutorial/en/error.html）；同一代碼在不同 API 意義可能不同
tappay,573,,Out of range : card_expiry_date,api,error,見 TapPay Docs「Error」頁（docs.tappaysdk.com/tutorial/en/error.html）；同一代碼在不同 API 意義可能不同
tappay,574,,Out of range : card_ccv,api,error,見 TapPay Docs「Error」頁（docs.tappaysdk.com/tutorial/en/error.html）；同一代碼在不同 API 意義可能不同
tappay,589,,Invalid arguments : platform_type,api,error,見 TapPay Docs「Error」頁（docs.tappaysdk.com/tutorial/en/error.html）；同一代碼在不同 API 意義可能不同
tappay,590,,Missing arguments : android_merchant_id,api,error,見 TapPay Docs「Error」頁（docs.tappaysdk.com/tutorial/en/error.html）；同一代碼在不同 API 意義可能不同
tappay,591,,Missing arguments : pay_token_data,api,error,見 TapPay Docs「Error」頁（docs.tappaysdk.com/tutorial/en/error.html）；同一代碼在不同 API 意義可能不同
tappay,592,,Missing arguments : apple_merchant_id,api,error,見 TapPay Docs「Error」頁（docs.tappaysdk.com/tutorial/en/error.html）；同一代碼在不同 API 意義可能不同
tappay,594,,Out of range : apple_merchant_id,api,error,見 TapPay Docs「Error」頁（docs.tappaysdk.com/tutorial/en/error.html）；同一代碼在不同 API 意義可能不同
tappay,598,,Out of range : android_merchant_id,api,error,見 TapPay Docs「Error」頁（docs.tappaysdk.com/tutorial/en/error.html）；同一代碼在不同 API 意義可能不同
tappay,599,,Missing arguments : pay_token_data > ephemeralPublicKey,api,error,見 TapPay Docs「Error」頁（docs.tappaysdk.com/tutorial/en/error.html）；同一代碼在不同 API 意義可能不同
tappay,600,,Missing arguments : pay_token_data > encryptedMessage,api,error,見 TapPay Docs「Error」頁（docs.tappaysdk.com/tutorial/en/error.html）；同一代碼在不同 API 意義可能不同
tappay,601,,Missing arguments : pay_token_data > tag,api,error,見 TapPay Docs「Error」頁（docs.tappaysdk.com/tutorial/en/error.html）；同一代碼在不同 API 意義可能不同
tappay,602,,Out of range : pay_token_data > ephemeralPublicKey,api,error,見 TapPay Docs「Error」頁（docs.tappaysdk.com/tutorial/en/error.html）；同一代碼在不同 API 意義可能不同
tappay,603,,Out of range : pay_token_data > encryptedMessage,api,error,見 TapPay Docs「Error」頁（docs.tappaysdk.com/tutorial/en/error.html）；同一代碼在不同 API 意義可能不同
tappay,604,,Out of range : pay_token_data > tag,api,error,見 TapPay Docs「Error」頁（docs.tappaysdk.com/tutorial/en/error.html）；同一代碼在不同 API 意義可能不同
tappay,605,,Missing arguments : pay_token_data > data,api,error,見 TapPay Docs「Error」頁（docs.tappaysdk.com/tutorial/en/error.html）；同一代碼在不同 API 意義可能不同
tappay,606,,Missing arguments : pay_token_data > version,api,error,見 TapPay Docs「Error」頁（docs.tappaysdk.com/tutorial/en/error.html）；同一代碼在不同 API 意義可能不同
tappay,607,,Missing arguments : pay_token_data > signature,api,error,見 TapPay Docs「Error」頁（docs.tappaysdk.com/tutorial/en/error.html）；同一代碼在不同 API 意義可能不同
tappay,608,,Missing arguments : pay_token_data > header > ephemeralPublicKey,api,error,見 TapPay Docs「Error」頁（docs.tappaysdk.com/tutorial/en/error.html）；同一代碼在不同 API 意義可能不同
tappay,609,,Missing arguments : pay_token_data > header > publicKeyHash,api,error,見 TapPay Docs「Error」頁（docs.tappaysdk.com/tutorial/en/error.html）；同一代碼在不同 API 意義可能不同
tappay,610,,Missing arguments : pay_token_data > header > transactionId,api,error,見 TapPay Docs「Error」頁（docs.tappaysdk.com/tutorial/en/error.html）；同一代碼在不同 API 意義可能不同
tappay,611,,Out of range : pay_token_data > data,api,error,見 TapPay Docs「Error」頁（docs.tappaysdk.com/tutorial/en/error.html）；同一代碼在不同 API 意義可能不同
tappay,612,,Out of range : pay_token_data > version,api,error,見 TapPay Docs「Error」頁（docs.tappaysdk.com/tutorial/en/error.html）；同一代碼在不同 API 意義可能不同
tappay,613,,Out of range : pay_token_data > header > ephemeralPublicKey,api,error,見 TapPay Docs「Error」頁（docs.tappaysdk.com/tutorial/en/error.html）；同一代碼在不同 API 意義可能不同
tappay,614,,Out of range : pay_token_data > header > publicKeyHash,api,error,見 TapPay Docs「Error」頁（docs.tappaysdk.com/tutorial/en/error.html）；同一代碼在不同 API 意義可能不同
tappay,615,,Out of range : pay_token_data > header > transactionId,api,error,見 TapPay Docs「Error」頁（docs.tappaysdk.com/tutorial/en/error.html）；同一代碼在不同 API 意義可能不同
tappay,616,,Missing arguments : pay_token_data > header,api,error,見 TapPay Docs「Error」頁（docs.tappaysdk.com/tutorial/en/error.html）；同一代碼在不同 API 意義可能不同
tappay,617,,Out of range : fraud_id,api,error,見 TapPay Docs「Error」頁（docs.tappaysdk.com/tutorial/en/error.html）；同一代碼在不同 API 意義可能不同
tappay,618,,Out of range : pay_token_data > protocolVersion,api,error,見 TapPay Docs「Error」頁（docs.tappaysdk.com/tutorial/en/error.html）；同一代碼在不同 API 意義可能不同
tappay,619,,Out of range : pay_token_data > signature,api,error,見 TapPay Docs「Error」頁（docs.tappaysdk.com/tutorial/en/error.html）；同一代碼在不同 API 意義可能不同
tappay,626,,Invalid arguments : platform_type,api,error,見 TapPay Docs「Error」頁（docs.tappaysdk.com/tutorial/en/error.html）；同一代碼在不同 API 意義可能不同
tappay,634,,Missing arguments : pay_token_data > protocolVersion,api,error,見 TapPay Docs「Error」頁（docs.tappaysdk.com/tutorial/en/error.html）；同一代碼在不同 API 意義可能不同
tappay,638,,Missing arguments : merchant_app_launch_uri,api,error,見 TapPay Docs「Error」頁（docs.tappaysdk.com/tutorial/en/error.html）；同一代碼在不同 API 意義可能不同
tappay,639,,Out of range : merchant_app_launch_uri,api,error,見 TapPay Docs「Error」頁（docs.tappaysdk.com/tutorial/en/error.html）；同一代碼在不同 API 意義可能不同
tappay,655,,Missing arguments : reference_id,api,error,見 TapPay Docs「Error」頁（docs.tappaysdk.com/tutorial/en/error.html）；同一代碼在不同 API 意義可能不同
tappay,660,,Out of range : reference_id,api,error,見 TapPay Docs「Error」頁（docs.tappaysdk.com/tutorial/en/error.html）；同一代碼在不同 API 意義可能不同
tappay,915,,"System error, please contact TapPay customer service",api,error,見 TapPay Docs「Error」頁（docs.tappaysdk.com/tutorial/en/error.html）；同一代碼在不同 API 意義可能不同
tappay,916,,Signature verification is not proceed,api,error,見 TapPay Docs「Error」頁（docs.tappaysdk.com/tutorial/en/error.html）；同一代碼在不同 API 意義可能不同
tappay,917,,Signature verification error,api,error,見 TapPay Docs「Error」頁（docs.tappaysdk.com/tutorial/en/error.html）；同一代碼在不同 API 意義可能不同
tappay,930,,Samsung Pay merchant not found,api,error,見 TapPay Docs「Error」頁（docs.tappaysdk.com/tutorial/en/error.html）；同一代碼在不同 API 意義可能不同
tappay,2000,,[Direct Pay] Card number is empty,api,error,見 TapPay Docs「Error」頁（docs.tappaysdk.com/tutorial/en/error.html）；同一代碼在不同 API 意義可能不同
tappay,2001,,[Direct Pay] Card month/year is empty,api,error,見 TapPay Docs「Error」頁（docs.tappaysdk.com/tutorial/en/error.html）；同一代碼在不同 API 意義可能不同
tappay,2012,,[Direct Pay] CCV is wrong format / Card key error,api,error,見 TapPay Docs「Error」頁（docs.tappaysdk.com/tutorial/en/error.html）；同一代碼在不同 API 意義可能不同
tappay,2013,,Expired Card / Card expired,api,error,見 TapPay Docs「Error」頁（docs.tappaysdk.com/tutorial/en/error.html）；同一代碼在不同 API 意義可能不同
tappay,2200,,"[Google Pay] Unexcept Error, for detail please see originalError",api,error,見 TapPay Docs「Error」頁（docs.tappaysdk.com/tutorial/en/error.html）；同一代碼在不同 API 意義可能不同
tappay,10028,,Samsung Pay error,bank,error,見 TapPay Docs「Error」頁（docs.tappaysdk.com/tutorial/en/error.html）；同一代碼在不同 API 意義可能不同
tappay,13002,,This apple pay merchant identifier is disabled,api,error,見 TapPay Docs「Error」頁（docs.tappaysdk.com/tutorial/en/error.html）；同一代碼在不同 API 意義可能不同
tappay,21001,,Samsung Pay Error (Original Message from Samsung Pay) / Terminal Pay transaction not found,api,error,見 TapPay Docs「Error」頁（docs.tappaysdk.com/tutorial/en/error.html）；同一代碼在不同 API 意義可能不同
tappay,21002,,Samsung Pay Error (The Internet is unavailable) / Terminal Pay transaction cannot be partially refunded,api,error,見 TapPay Docs「Error」頁（docs.tappaysdk.com/tutorial/en/error.html）；同一代碼在不同 API 意義可能不同
tappay,-4,,Unknown Error,sdk,error,見 TapPay Docs「Error」頁（docs.tappaysdk.com/tutorial/en/error.html）；同一代碼在不同 API 意義可能不同
tappay,30,,Device not support,api,error,見 TapPay Docs「Error」頁（docs.tappaysdk.com/tutorial/en/error.html）；同一代碼在不同 API 意義可能不同
tappay,31,,iOS SDK version is too old,api,error,見 TapPay Docs「Error」頁（docs.tappaysdk.com/tutorial/en/error.html）；同一代碼在不同 API 意義可能不同
tappay,32,,Android SDK version is too old,api,error,見 TapPay Docs「Error」頁（docs.tappaysdk.com/tutorial/en/error.html）；同一代碼在不同 API 意義可能不同
tappay,33,,SDK version is not sent,api,error,見 TapPay Docs「Error」頁（docs.tappaysdk.com/tutorial/en/error.html）；同一代碼在不同 API 意義可能不同
tappay,581,,Invalid arguments : devicetype,api,error,見 TapPay Docs「Error」頁（docs.tappaysdk.com/tutorial/en/error.html）；同一代碼在不同 API 意義可能不同
tappay,582,,Invalid arguments : sdkversion,api,error,見 TapPay Docs「Error」頁（docs.tappaysdk.com/tutorial/en/error.html）；同一代碼在不同 API 意義可能不同
tappay,583,,Out of range : deviceInfo > deviceIdentifier,api,error,見 TapPay Docs「Error」頁（docs.tappaysdk.com/tutorial/en/error.html）；同一代碼在不同 API 意義可能不同
tappay,584,,Out of range : deviceInfo > deviceModel,api,error,見 TapPay Docs「Error」頁（docs.tappaysdk.com/tutorial/en/error.html）；同一代碼在不同 API 意義可能不同
tappay,585,,Out of range : deviceInfo > deviceOsVersion,api,error,見 TapPay Docs「Error」頁（docs.tappaysdk.com/tutorial/en/error.html）；同一代碼在不同 API 意義可能不同
tappay,586,,Out of range : geoloc,api,error,見 TapPay Docs「Error」頁（docs.tappaysdk.com/tutorial/en/error.html）；同一代碼在不同 API 意義可能不同
tappay,656,,Missing arguments : samsung_merchant_id,api,error,見 TapPay Docs「Error」頁（docs.tappaysdk.com/tutorial/en/error.html）；同一代碼在不同 API 意義可能不同
tappay,657,,Out of range : samsung_merchant_id,api,error,見 TapPay Docs「Error」頁（docs.tappaysdk.com/tutorial/en/error.html）；同一代碼在不同 API 意義可能不同
tappay,658,,Missing arguments : pay_token_data > type,api,error,見 TapPay Docs「Error」頁（docs.tappaysdk.com/tutorial/en/error.html）；同一代碼在不同 API 意義可能不同
tappay,659,,Out of range : pay_token_data > type,api,error,見 TapPay Docs「Error」頁（docs.tappaysdk.com/tutorial/en/error.html）；同一代碼在不同 API 意義可能不同
tappay,801,,Missing arguments : merchant_app_launch_uri or merchant_universal_link,api,error,見 TapPay Docs「Error」頁（docs.tappaysdk.com/tutorial/en/error.html）；同一代碼在不同 API 意義可能不同
tappay,802,,Doesn’t support merchant_app_launch_uri or merchant_universal_links concurrently,api,error,見 TapPay Docs「Error」頁（docs.tappaysdk.com/tutorial/en/error.html）；同一代碼在不同 API 意義可能不同
tappay,803,,Out of range : merchant_universal_links,api,error,見 TapPay Docs「Error」頁（docs.tappaysdk.com/tutorial/en/error.html）；同一代碼在不同 API 意義可能不同
tappay,1001,,Certificate server connection exception (http status code: {http status code}) / Direct Pay transaction not found,api,error,見 TapPay Docs「Error」頁（docs.tappaysdk.com/tutorial/en/error.html）；同一代碼在不同 API 意義可能不同
tappay,1002,,Certificate local connection exception (exception message: {exception message}),api,error,見 TapPay Docs「Error」頁（docs.tappaysdk.com/tutorial/en/error.html）；同一代碼在不同 API 意義可能不同
tappay,1003,,Certificate data error,api,error,見 TapPay Docs「Error」頁（docs.tappaysdk.com/tutorial/en/error.html）；同一代碼在不同 API 意義可能不同
tappay,88004,,Parameter Format Error,sdk,error,見 TapPay Docs「Error」頁（docs.tappaysdk.com/tutorial/en/error.html）；同一代碼在不同 API 意義可能不同
tappay,88007,,Input Form Not Set,sdk,error,見 TapPay Docs「Error」頁（docs.tappaysdk.com/tutorial/en/error.html）；同一代碼在不同 API 意義可能不同
tappay,88008,,LINE Pay is unavailable,sdk,error,見 TapPay Docs「Error」頁（docs.tappaysdk.com/tutorial/en/error.html）；同一代碼在不同 API 意義可能不同
tappay,88009,,Can not obtain payment data / Can not obtain Apple Pay payment data,sdk,error,見 TapPay Docs「Error」頁（docs.tappaysdk.com/tutorial/en/error.html）；同一代碼在不同 API 意義可能不同
tappay,88010,,Invalid data for parsing LINE Pay Result / Please Running on the Device,sdk,error,見 TapPay Docs「Error」頁（docs.tappaysdk.com/tutorial/en/error.html）；同一代碼在不同 API 意義可能不同
tappay,88011,,Samsung Pay Error,sdk,error,見 TapPay Docs「Error」頁（docs.tappaysdk.com/tutorial/en/error.html）；同一代碼在不同 API 意義可能不同
tappay,88012,,"Samsung Pay canceled by user / Invalid cart setting . While isAmountPending is false , it should not have pending item.",sdk,error,見 TapPay Docs「Error」頁（docs.tappaysdk.com/tutorial/en/error.html）；同一代碼在不同 API 意義可能不同
tappay,88001,,SDK Is Not Activate,sdk,error,見 TapPay Docs「Error」頁（docs.tappaysdk.com/tutorial/en/error.html）；同一代碼在不同 API 意義可能不同
tappay,88003,,Lost Parameter,sdk,error,見 TapPay Docs「Error」頁（docs.tappaysdk.com/tutorial/en/error.html）；同一代碼在不同 API 意義可能不同
tappay,88013,,isAmountPending and isShowTotalAmount couldn’t be false at the same time.,sdk,error,見 TapPay Docs「Error」頁（docs.tappaysdk.com/tutorial/en/error.html）；同一代碼在不同 API 意義可能不同
tappay,88014,,Total amount couldn’t be displayed if there is only pending items.,sdk,error,見 TapPay Docs「Error」頁（docs.tappaysdk.com/tutorial/en/error.html）；同一代碼在不同 API 意義可能不同
tappay,88015,,isAmountPending must be true if the amount of payment item is pending.,sdk,error,見 TapPay Docs「Error」頁（docs.tappaysdk.com/tutorial/en/error.html）；同一代碼在不同 API 意義可能不同
tappay,88016,,paymentItem amount could’t not be 0.00,sdk,error,見 TapPay Docs「Error」頁（docs.tappaysdk.com/tutorial/en/error.html）；同一代碼在不同 API 意義可能不同
tappay,2,,End of list,api,error,見 TapPay Docs「Error」頁（docs.tappaysdk.com/tutorial/en/error.html）；同一代碼在不同 API 意義可能不同
tappay,4,,IP mismatch,api,error,見 TapPay Docs「Error」頁（docs.tappaysdk.com/tutorial/en/error.html）；同一代碼在不同 API 意義可能不同
tappay,43,,Card unauthorized access,api,error,見 TapPay Docs「Error」頁（docs.tappaysdk.com/tutorial/en/error.html）；同一代碼在不同 API 意義可能不同
tappay,61,,Merchant not found or removed,api,error,見 TapPay Docs「Error」頁（docs.tappaysdk.com/tutorial/en/error.html）；同一代碼在不同 API 意義可能不同
tappay,66,,Not a line pay merchant,api,error,見 TapPay Docs「Error」頁（docs.tappaysdk.com/tutorial/en/error.html）；同一代碼在不同 API 意義可能不同
tappay,67,,This merchant does not support this payment method,api,error,見 TapPay Docs「Error」頁（docs.tappaysdk.com/tutorial/en/error.html）；同一代碼在不同 API 意義可能不同
tappay,68,,This merchant does not support refund cancel,api,error,見 TapPay Docs「Error」頁（docs.tappaysdk.com/tutorial/en/error.html）；同一代碼在不同 API 意義可能不同
tappay,70,,TapPay doesn’t support cardholder verify function (KYC) of this bank,api,error,見 TapPay Docs「Error」頁（docs.tappaysdk.com/tutorial/en/error.html）；同一代碼在不同 API 意義可能不同
tappay,71,,This merchant does not support instalment,api,error,見 TapPay Docs「Error」頁（docs.tappaysdk.com/tutorial/en/error.html）；同一代碼在不同 API 意義可能不同
tappay,72,,This merchant only support instalment,api,error,見 TapPay Docs「Error」頁（docs.tappaysdk.com/tutorial/en/error.html）；同一代碼在不同 API 意義可能不同
tappay,74,,This merchant does not support 3DS2.0,api,error,見 TapPay Docs「Error」頁（docs.tappaysdk.com/tutorial/en/error.html）；同一代碼在不同 API 意義可能不同
tappay,75,,This merchant does not support non-3D secure,api,error,見 TapPay Docs「Error」頁（docs.tappaysdk.com/tutorial/en/error.html）；同一代碼在不同 API 意義可能不同
tappay,89,,This merchant does not support this currency,api,error,見 TapPay Docs「Error」頁（docs.tappaysdk.com/tutorial/en/error.html）；同一代碼在不同 API 意義可能不同
tappay,91,,Expired prime,api,error,見 TapPay Docs「Error」頁（docs.tappaysdk.com/tutorial/en/error.html）；同一代碼在不同 API 意義可能不同
tappay,92,,The acquirer doesn’t support void auth date is different from the auth date.,api,error,見 TapPay Docs「Error」頁（docs.tappaysdk.com/tutorial/en/error.html）；同一代碼在不同 API 意義可能不同
tappay,121,,Invalid arguments : prime,api,error,見 TapPay Docs「Error」頁（docs.tappaysdk.com/tutorial/en/error.html）；同一代碼在不同 API 意義可能不同
tappay,126,,Barcode not found,api,error,見 TapPay Docs「Error」頁（docs.tappaysdk.com/tutorial/en/error.html）；同一代碼在不同 API 意義可能不同
tappay,127,,Barcode is expired,api,error,見 TapPay Docs「Error」頁（docs.tappaysdk.com/tutorial/en/error.html）；同一代碼在不同 API 意義可能不同
tappay,128,,Barcode has been use,api,error,見 TapPay Docs「Error」頁（docs.tappaysdk.com/tutorial/en/error.html）；同一代碼在不同 API 意義可能不同
tappay,129,,Member not found,api,error,見 TapPay Docs「Error」頁（docs.tappaysdk.com/tutorial/en/error.html）；同一代碼在不同 API 意義可能不同
tappay,130,,Merchant group not found,api,error,見 TapPay Docs「Error」頁（docs.tappaysdk.com/tutorial/en/error.html）；同一代碼在不同 API 意義可能不同
tappay,131,,Merchant group setting error,api,error,見 TapPay Docs「Error」頁（docs.tappaysdk.com/tutorial/en/error.html）；同一代碼在不同 API 意義可能不同
tappay,132,,On-us merchant not found,api,error,見 TapPay Docs「Error」頁（docs.tappaysdk.com/tutorial/en/error.html）；同一代碼在不同 API 意義可能不同
tappay,141,,This partner does not support amount pending,api,error,見 TapPay Docs「Error」頁（docs.tappaysdk.com/tutorial/en/error.html）；同一代碼在不同 API 意義可能不同
tappay,501,,Missing arguments : cardholder,api,error,見 TapPay Docs「Error」頁（docs.tappaysdk.com/tutorial/en/error.html）；同一代碼在不同 API 意義可能不同
tappay,502,,Missing arguments : merchant_id,api,error,見 TapPay Docs「Error」頁（docs.tappaysdk.com/tutorial/en/error.html）；同一代碼在不同 API 意義可能不同
tappay,503,,Missing arguments : prime,api,error,見 TapPay Docs「Error」頁（docs.tappaysdk.com/tutorial/en/error.html）；同一代碼在不同 API 意義可能不同
tappay,504,,Missing arguments : currency,api,error,見 TapPay Docs「Error」頁（docs.tappaysdk.com/tutorial/en/error.html）；同一代碼在不同 API 意義可能不同
tappay,505,,Missing arguments : details,api,error,見 TapPay Docs「Error」頁（docs.tappaysdk.com/tutorial/en/error.html）；同一代碼在不同 API 意義可能不同
tappay,506,,Missing arguments : partner_key,api,error,見 TapPay Docs「Error」頁（docs.tappaysdk.com/tutorial/en/error.html）；同一代碼在不同 API 意義可能不同
tappay,507,,Missing arguments : cardholder > phone_number,api,error,見 TapPay Docs「Error」頁（docs.tappaysdk.com/tutorial/en/error.html）；同一代碼在不同 API 意義可能不同
tappay,508,,Missing arguments : cardholder > name,api,error,見 TapPay Docs「Error」頁（docs.tappaysdk.com/tutorial/en/error.html）；同一代碼在不同 API 意義可能不同
tappay,509,,Missing arguments : cardholder > email,api,error,見 TapPay Docs「Error」頁（docs.tappaysdk.com/tutorial/en/error.html）；同一代碼在不同 API 意義可能不同
tappay,510,,Invalid arguments : amount,api,error,見 TapPay Docs「Error」頁（docs.tappaysdk.com/tutorial/en/error.html）；同一代碼在不同 API 意義可能不同
tappay,511,,Invalid arguments : instalment,api,error,見 TapPay Docs「Error」頁（docs.tappaysdk.com/tutorial/en/error.html）；同一代碼在不同 API 意義可能不同
tappay,512,,Invalid arguments : delay_capture_in_days,api,error,見 TapPay Docs「Error」頁（docs.tappaysdk.com/tutorial/en/error.html）；同一代碼在不同 API 意義可能不同
tappay,513,,Out of range : instalment,api,error,見 TapPay Docs「Error」頁（docs.tappaysdk.com/tutorial/en/error.html）；同一代碼在不同 API 意義可能不同
tappay,514,,Out of range : delay_capture_in_days,api,error,見 TapPay Docs「Error」頁（docs.tappaysdk.com/tutorial/en/error.html）；同一代碼在不同 API 意義可能不同
tappay,515,,Out of range : details,api,error,見 TapPay Docs「Error」頁（docs.tappaysdk.com/tutorial/en/error.html）；同一代碼在不同 API 意義可能不同
tappay,516,,Out of range : currency,api,error,見 TapPay Docs「Error」頁（docs.tappaysdk.com/tutorial/en/error.html）；同一代碼在不同 API 意義可能不同
tappay,517,,Out of range : order_number,api,error,見 TapPay Docs「Error」頁（docs.tappaysdk.com/tutorial/en/error.html）；同一代碼在不同 API 意義可能不同
tappay,518,,Out of range : bank_transaction_id,api,error,見 TapPay Docs「Error」頁（docs.tappaysdk.com/tutorial/en/error.html）；同一代碼在不同 API 意義可能不同
tappay,519,,Out of range : cardholder > phone_number,api,error,見 TapPay Docs「Error」頁（docs.tappaysdk.com/tutorial/en/error.html）；同一代碼在不同 API 意義可能不同
tappay,520,,Out of range : cardholder > name,api,error,見 TapPay Docs「Error」頁（docs.tappaysdk.com/tutorial/en/error.html）；同一代碼在不同 API 意義可能不同
tappay,521,,Out of range : cardholder > email,api,error,見 TapPay Docs「Error」頁（docs.tappaysdk.com/tutorial/en/error.html）；同一代碼在不同 API 意義可能不同
tappay,522,,Out of range : cardholder > addr,api,error,見 TapPay Docs「Error」頁（docs.tappaysdk.com/tutorial/en/error.html）；同一代碼在不同 API 意義可能不同
tappay,523,,Out of range : cardholder > zip,api,error,見 TapPay Docs「Error」頁（docs.tappaysdk.com/tutorial/en/error.html）；同一代碼在不同 API 意義可能不同
tappay,524,,Out of range : cardholder > national_id,api,error,見 TapPay Docs「Error」頁（docs.tappaysdk.com/tutorial/en/error.html）；同一代碼在不同 API 意義可能不同
tappay,525,,Out of range : cardholder > member_id,api,error,見 TapPay Docs「Error」頁（docs.tappaysdk.com/tutorial/en/error.html）；同一代碼在不同 API 意義可能不同
tappay,526,,Missing arguments : card_key,api,error,見 TapPay Docs「Error」頁（docs.tappaysdk.com/tutorial/en/error.html）；同一代碼在不同 API 意義可能不同
tappay,527,,Missing arguments : card_token,api,error,見 TapPay Docs「Error」頁（docs.tappaysdk.com/tutorial/en/error.html）；同一代碼在不同 API 意義可能不同
tappay,528,,Out of range : card_key,api,error,見 TapPay Docs「Error」頁（docs.tappaysdk.com/tutorial/en/error.html）；同一代碼在不同 API 意義可能不同
tappay,529,,Out of range : card_token,api,error,見 TapPay Docs「Error」頁（docs.tappaysdk.com/tutorial/en/error.html）；同一代碼在不同 API 意義可能不同
tappay,535,,Invalid arguments : records_per_page,api,error,見 TapPay Docs「Error」頁（docs.tappaysdk.com/tutorial/en/error.html）；同一代碼在不同 API 意義可能不同
tappay,536,,Invalid arguments : page,api,error,見 TapPay Docs「Error」頁（docs.tappaysdk.com/tutorial/en/error.html）；同一代碼在不同 API 意義可能不同
tappay,537,,Invalid arguments : filters > time > start_time,api,error,見 TapPay Docs「Error」頁（docs.tappaysdk.com/tutorial/en/error.html）；同一代碼在不同 API 意義可能不同
tappay,538,,Invalid arguments : filters > time > end_time,api,error,見 TapPay Docs「Error」頁（docs.tappaysdk.com/tutorial/en/error.html）；同一代碼在不同 API 意義可能不同
tappay,539,,Invalid arguments : filters > rec_trade_id,api,error,見 TapPay Docs「Error」頁（docs.tappaysdk.com/tutorial/en/error.html）；同一代碼在不同 API 意義可能不同
tappay,545,,Invalid arguments : filters > amount > upper_limit,api,error,見 TapPay Docs「Error」頁（docs.tappaysdk.com/tutorial/en/error.html）；同一代碼在不同 API 意義可能不同
tappay,546,,Invalid arguments : filters > amount > lower_limit,api,error,見 TapPay Docs「Error」頁（docs.tappaysdk.com/tutorial/en/error.html）；同一代碼在不同 API 意義可能不同
tappay,547,,Invalid arguments : filters > app_id,api,error,見 TapPay Docs「Error」頁（docs.tappaysdk.com/tutorial/en/error.html）；同一代碼在不同 API 意義可能不同
tappay,548,,Invalid arguments : filters > merchant_id,api,error,見 TapPay Docs「Error」頁（docs.tappaysdk.com/tutorial/en/error.html）；同一代碼在不同 API 意義可能不同
tappay,549,,Invalid arguments : filters > record_status,api,error,見 TapPay Docs「Error」頁（docs.tappaysdk.com/tutorial/en/error.html）；同一代碼在不同 API 意義可能不同
tappay,550,,Invalid arguments : order_by > attribute,api,error,見 TapPay Docs「Error」頁（docs.tappaysdk.com/tutorial/en/error.html）；同一代碼在不同 API 意義可能不同
tappay,551,,Invalid arguments : order_by > is_descending,api,error,見 TapPay Docs「Error」頁（docs.tappaysdk.com/tutorial/en/error.html）；同一代碼在不同 API 意義可能不同
tappay,559,,Out of range : records_per_page,api,error,見 TapPay Docs「Error」頁（docs.tappaysdk.com/tutorial/en/error.html）；同一代碼在不同 API 意義可能不同
tappay,560,,Out of range : page,api,error,見 TapPay Docs「Error」頁（docs.tappaysdk.com/tutorial/en/error.html）；同一代碼在不同 API 意義可能不同
tappay,561,,Out of range : filters > time > start_time,api,error,見 TapPay Docs「Error」頁（docs.tappaysdk.com/tutorial/en/error.html）；同一代碼在不同 API 意義可能不同
tappay,562,,Out of range : filters > time > end_time,api,error,見 TapPay Docs「Error」頁（docs.tappaysdk.com/tutorial/en/error.html）；同一代碼在不同 API 意義可能不同
tappay,563,,filters > time > start_time can’t be later than the end_time,api,error,見 TapPay Docs「Error」頁（docs.tappaysdk.com/tutorial/en/error.html）；同一代碼在不同 API 意義可能不同
tappay,564,,Out of range : filters > amount > upper_limit,api,error,見 TapPay Docs「Error」頁（docs.tappaysdk.com/tutorial/en/error.html）；同一代碼在不同 API 意義可能不同
tappay,565,,Out of range : filters > amount > lower_limit,api,error,見 TapPay Docs「Error」頁（docs.tappaysdk.com/tutorial/en/error.html）；同一代碼在不同 API 意義可能不同
tappay,566,,filters > amount > lower_limit can’t be larger than the upper_limit,api,error,見 TapPay Docs「Error」頁（docs.tappaysdk.com/tutorial/en/error.html）；同一代碼在不同 API 意義可能不同
tappay,567,,Out of range : filters > app_id,api,error,見 TapPay Docs「Error」頁（docs.tappaysdk.com/tutorial/en/error.html）；同一代碼在不同 API 意義可能不同
tappay,568,,Out of range : order_number,api,error,見 TapPay Docs「Error」頁（docs.tappaysdk.com/tutorial/en/error.html）；同一代碼在不同 API 意義可能不同
tappay,569,,Out of range : bank_transaction_id,api,error,見 TapPay Docs「Error」頁（docs.tappaysdk.com/tutorial/en/error.html）；同一代碼在不同 API 意義可能不同
tappay,578,,Out of range : additional_data,api,error,見 TapPay Docs「Error」頁（docs.tappaysdk.com/tutorial/en/error.html）；同一代碼在不同 API 意義可能不同
tappay,587,,Out of range : partner_key,api,error,見 TapPay Docs「Error」頁（docs.tappaysdk.com/tutorial/en/error.html）；同一代碼在不同 API 意義可能不同
tappay,588,,Invalid arguments : delay_capture_in_days,api,error,見 TapPay Docs「Error」頁（docs.tappaysdk.com/tutorial/en/error.html）；同一代碼在不同 API 意義可能不同
tappay,593,,Out of range : merchant_id,api,error,見 TapPay Docs「Error」頁（docs.tappaysdk.com/tutorial/en/error.html）；同一代碼在不同 API 意義可能不同
tappay,595,,Out of range : delay_capture_in_days,api,error,見 TapPay Docs「Error」頁（docs.tappaysdk.com/tutorial/en/error.html）；同一代碼在不同 API 意義可能不同
tappay,596,,Missing arguments : rec_trade_id,api,error,見 TapPay Docs「Error」頁（docs.tappaysdk.com/tutorial/en/error.html）；同一代碼在不同 API 意義可能不同
tappay,597,,Out of range : rec_trade_id,api,error,見 TapPay Docs「Error」頁（docs.tappaysdk.com/tutorial/en/error.html）；同一代碼在不同 API 意義可能不同
tappay,622,,Missing arguments : member_id,api,error,見 TapPay Docs「Error」頁（docs.tappaysdk.com/tutorial/en/error.html）；同一代碼在不同 API 意義可能不同
tappay,627,,Invalid arguments : result_url > backend_notify_url,api,error,見 TapPay Docs「Error」頁（docs.tappaysdk.com/tutorial/en/error.html）；同一代碼在不同 API 意義可能不同
tappay,628,,Invalid arguments : result_url > frontend_redirect_url,api,error,見 TapPay Docs「Error」頁（docs.tappaysdk.com/tutorial/en/error.html）；同一代碼在不同 API 意義可能不同
tappay,629,,Missing arguments : result_url > backend_notify_url,api,error,見 TapPay Docs「Error」頁（docs.tappaysdk.com/tutorial/en/error.html）；同一代碼在不同 API 意義可能不同
tappay,630,,Missing arguments : result_url > frontend_redirect_url,api,error,見 TapPay Docs「Error」頁（docs.tappaysdk.com/tutorial/en/error.html）；同一代碼在不同 API 意義可能不同
tappay,631,,Missing arguments : result_url,api,error,見 TapPay Docs「Error」頁（docs.tappaysdk.com/tutorial/en/error.html）；同一代碼在不同 API 意義可能不同
tappay,632,,Acquirer doesn’t support 3D Secure.,api,error,見 TapPay Docs「Error」頁（docs.tappaysdk.com/tutorial/en/error.html）；同一代碼在不同 API 意義可能不同
tappay,633,,3D Secure get redirect url error,api,error,見 TapPay Docs「Error」頁（docs.tappaysdk.com/tutorial/en/error.html）；同一代碼在不同 API 意義可能不同
tappay,635,,Acquirer doesn’t support instalment,api,error,見 TapPay Docs「Error」頁（docs.tappaysdk.com/tutorial/en/error.html）；同一代碼在不同 API 意義可能不同
tappay,636,,Acquirer doesn’t support redeem,api,error,見 TapPay Docs「Error」頁（docs.tappaysdk.com/tutorial/en/error.html）；同一代碼在不同 API 意義可能不同
tappay,637,,Acquirer doesn’t support instalment and redeem concurrently,api,error,見 TapPay Docs「Error」頁（docs.tappaysdk.com/tutorial/en/error.html）；同一代碼在不同 API 意義可能不同
tappay,643,,Invalid arguments : additional_data,api,error,見 TapPay Docs「Error」頁（docs.tappaysdk.com/tutorial/en/error.html）；同一代碼在不同 API 意義可能不同
tappay,644,,Invalid arguments : line_pay_product_image_url,api,error,見 TapPay Docs「Error」頁（docs.tappaysdk.com/tutorial/en/error.html）；同一代碼在不同 API 意義可能不同
tappay,669,,Out of range : request_id,api,error,見 TapPay Docs「Error」頁（docs.tappaysdk.com/tutorial/en/error.html）；同一代碼在不同 API 意義可能不同
tappay,670,,Out of range : refund_id,api,error,見 TapPay Docs「Error」頁（docs.tappaysdk.com/tutorial/en/error.html）；同一代碼在不同 API 意義可能不同
tappay,691,,Acquirer doesn’t Support Non-3D Secure.,api,error,見 TapPay Docs「Error」頁（docs.tappaysdk.com/tutorial/en/error.html）；同一代碼在不同 API 意義可能不同
tappay,693,,Missing Arguments : barcode,api,error,見 TapPay Docs「Error」頁（docs.tappaysdk.com/tutorial/en/error.html）；同一代碼在不同 API 意義可能不同
tappay,694,,Out of range: barcode,api,error,見 TapPay Docs「Error」頁（docs.tappaysdk.com/tutorial/en/error.html）；同一代碼在不同 API 意義可能不同
tappay,695,,Out of range: barcode_length,api,error,見 TapPay Docs「Error」頁（docs.tappaysdk.com/tutorial/en/error.html）；同一代碼在不同 API 意義可能不同
tappay,696,,Out of range: barcode_update_secs,api,error,見 TapPay Docs「Error」頁（docs.tappaysdk.com/tutorial/en/error.html）；同一代碼在不同 API 意義可能不同
tappay,697,,Invalid arguments : barcode_length,api,error,見 TapPay Docs「Error」頁（docs.tappaysdk.com/tutorial/en/error.html）；同一代碼在不同 API 意義可能不同
tappay,698,,Invalid arguments : barcode_update_sec,api,error,見 TapPay Docs「Error」頁（docs.tappaysdk.com/tutorial/en/error.html）；同一代碼在不同 API 意義可能不同
tappay,699,,Invalid argument : barcode,api,error,見 TapPay Docs「Error」頁（docs.tappaysdk.com/tutorial/en/error.html）；同一代碼在不同 API 意義可能不同
tappay,700,,Invalid argument : retry_mode,api,error,見 TapPay Docs「Error」頁（docs.tappaysdk.com/tutorial/en/error.html）；同一代碼在不同 API 意義可能不同
tappay,701,,Doesn’t support merchant_id and merchant_group_id concurrently,api,error,見 TapPay Docs「Error」頁（docs.tappaysdk.com/tutorial/en/error.html）；同一代碼在不同 API 意義可能不同
tappay,706,,Out of range : bank_refund_id,api,error,見 TapPay Docs「Error」頁（docs.tappaysdk.com/tutorial/en/error.html）；同一代碼在不同 API 意義可能不同
tappay,708,,Invalid arguments : bank_refund_id,api,error,見 TapPay Docs「Error」頁（docs.tappaysdk.com/tutorial/en/error.html）；同一代碼在不同 API 意義可能不同
tappay,713,,Partner doesn’t support sub_merchant,api,error,見 TapPay Docs「Error」頁（docs.tappaysdk.com/tutorial/en/error.html）；同一代碼在不同 API 意義可能不同
tappay,740,,Out of range : cardholder > name_en,api,error,見 TapPay Docs「Error」頁（docs.tappaysdk.com/tutorial/en/error.html）；同一代碼在不同 API 意義可能不同
tappay,741,,Invalid arguments : cardholder > name_en,api,error,見 TapPay Docs「Error」頁（docs.tappaysdk.com/tutorial/en/error.html）；同一代碼在不同 API 意義可能不同
tappay,742,,Invalid arguments : cardholder > phone_number,api,error,見 TapPay Docs「Error」頁（docs.tappaysdk.com/tutorial/en/error.html）；同一代碼在不同 API 意義可能不同
tappay,743,,Invalid arguments : cardholder > phone_number_country_code,api,error,見 TapPay Docs「Error」頁（docs.tappaysdk.com/tutorial/en/error.html）；同一代碼在不同 API 意義可能不同
tappay,744,,Invalid arguments : cardholder > email,api,error,見 TapPay Docs「Error」頁（docs.tappaysdk.com/tutorial/en/error.html）；同一代碼在不同 API 意義可能不同
tappay,804,,Invalid arguments : no_rebate_amount,api,error,見 TapPay Docs「Error」頁（docs.tappaysdk.com/tutorial/en/error.html）；同一代碼在不同 API 意義可能不同
tappay,810,,Invalid arguments : payment_method,api,error,見 TapPay Docs「Error」頁（docs.tappaysdk.com/tutorial/en/error.html）；同一代碼在不同 API 意義可能不同
tappay,811,,Out of range : branch_code,api,error,見 TapPay Docs「Error」頁（docs.tappaysdk.com/tutorial/en/error.html）；同一代碼在不同 API 意義可能不同
tappay,812,,Out of range : branch_name,api,error,見 TapPay Docs「Error」頁（docs.tappaysdk.com/tutorial/en/error.html）；同一代碼在不同 API 意義可能不同
tappay,813,,Out of range : pos_id,api,error,見 TapPay Docs「Error」頁（docs.tappaysdk.com/tutorial/en/error.html）；同一代碼在不同 API 意義可能不同
tappay,814,,Missing arguments : easy_wallet_secure_code,api,error,見 TapPay Docs「Error」頁（docs.tappaysdk.com/tutorial/en/error.html）；同一代碼在不同 API 意義可能不同
tappay,815,,Invalid arguments : easy_wallet_secure_code,api,error,見 TapPay Docs「Error」頁（docs.tappaysdk.com/tutorial/en/error.html）；同一代碼在不同 API 意義可能不同
tappay,816,,Missing arguments : easy_wallet_contract_no,api,error,見 TapPay Docs「Error」頁（docs.tappaysdk.com/tutorial/en/error.html）；同一代碼在不同 API 意義可能不同
tappay,817,,Invalid arguments : easy_wallet_contract_no,api,error,見 TapPay Docs「Error」頁（docs.tappaysdk.com/tutorial/en/error.html）；同一代碼在不同 API 意義可能不同
tappay,822,,Search time period can not be more than 90 days,api,error,見 TapPay Docs「Error」頁（docs.tappaysdk.com/tutorial/en/error.html）；同一代碼在不同 API 意義可能不同
tappay,823,,Missing arguments : easy_wallet_ftps_account,api,error,見 TapPay Docs「Error」頁（docs.tappaysdk.com/tutorial/en/error.html）；同一代碼在不同 API 意義可能不同
tappay,824,,Invalid arguments : easy_wallet_ftps_account,api,error,見 TapPay Docs「Error」頁（docs.tappaysdk.com/tutorial/en/error.html）；同一代碼在不同 API 意義可能不同
tappay,825,,Missing arguments : easy_wallet_ftps_password,api,error,見 TapPay Docs「Error」頁（docs.tappaysdk.com/tutorial/en/error.html）；同一代碼在不同 API 意義可能不同
tappay,826,,Invalid arguments : easy_wallet_ftps_password,api,error,見 TapPay Docs「Error」頁（docs.tappaysdk.com/tutorial/en/error.html）；同一代碼在不同 API 意義可能不同
tappay,827,,Ftps connection failed due to wrong easy_wallet_ftps_account or easy_wallet_ftps_password,api,error,見 TapPay Docs「Error」頁（docs.tappaysdk.com/tutorial/en/error.html）；同一代碼在不同 API 意義可能不同
tappay,828,,Easy Wallet upload path not found,api,error,見 TapPay Docs「Error」頁（docs.tappaysdk.com/tutorial/en/error.html）；同一代碼在不同 API 意義可能不同
tappay,829,,Easy Wallet download path not found,api,error,見 TapPay Docs「Error」頁（docs.tappaysdk.com/tutorial/en/error.html）；同一代碼在不同 API 意義可能不同
tappay,835,,easy_wallet_ftps_account mismatch with existed merchant,api,error,見 TapPay Docs「Error」頁（docs.tappaysdk.com/tutorial/en/error.html）；同一代碼在不同 API 意義可能不同
tappay,836,,easy_wallet_ftps_password mismatch with existed merchant,api,error,見 TapPay Docs「Error」頁（docs.tappaysdk.com/tutorial/en/error.html）；同一代碼在不同 API 意義可能不同
tappay,837,,fubon_sftp_account mismatch with existed merchant,api,error,見 TapPay Docs「Error」頁（docs.tappaysdk.com/tutorial/en/error.html）；同一代碼在不同 API 意義可能不同
tappay,838,,fubon_sftp_password mismatch with existed merchant,api,error,見 TapPay Docs「Error」頁（docs.tappaysdk.com/tutorial/en/error.html）；同一代碼在不同 API 意義可能不同
tappay,839,,fubon_sftp_upload_path mismatch with existed merchant,api,error,見 TapPay Docs「Error」頁（docs.tappaysdk.com/tutorial/en/error.html）；同一代碼在不同 API 意義可能不同
tappay,840,,fubon_sftp_download_path mismatch with existed merchant,api,error,見 TapPay Docs「Error」頁（docs.tappaysdk.com/tutorial/en/error.html）；同一代碼在不同 API 意義可能不同
tappay,843,,Invalid arguments > product_image_url,api,error,見 TapPay Docs「Error」頁（docs.tappaysdk.com/tutorial/en/error.html）；同一代碼在不同 API 意義可能不同
tappay,844,,Out of range : product_image_url,api,error,見 TapPay Docs「Error」頁（docs.tappaysdk.com/tutorial/en/error.html）；同一代碼在不同 API 意義可能不同
tappay,845,,Out of range : event_code,api,error,見 TapPay Docs「Error」頁（docs.tappaysdk.com/tutorial/en/error.html）；同一代碼在不同 API 意義可能不同
tappay,846,,Invalid arguments : merchant_unversal_links,api,error,見 TapPay Docs「Error」頁（docs.tappaysdk.com/tutorial/en/error.html）；同一代碼在不同 API 意義可能不同
tappay,856,,Does not support merchant_ids and acquirers concurrently,api,error,見 TapPay Docs「Error」頁（docs.tappaysdk.com/tutorial/en/error.html）；同一代碼在不同 API 意義可能不同
tappay,857,,Missing arguments : transaction_actions,api,error,見 TapPay Docs「Error」頁（docs.tappaysdk.com/tutorial/en/error.html）；同一代碼在不同 API 意義可能不同
tappay,858,,Invalid arguments : transaction_actions,api,error,見 TapPay Docs「Error」頁（docs.tappaysdk.com/tutorial/en/error.html）；同一代碼在不同 API 意義可能不同
tappay,860,,Missing arguments : emails,api,error,見 TapPay Docs「Error」頁（docs.tappaysdk.com/tutorial/en/error.html）；同一代碼在不同 API 意義可能不同
tappay,861,,Invalid arguments : merchant_ids,api,error,見 TapPay Docs「Error」頁（docs.tappaysdk.com/tutorial/en/error.html）；同一代碼在不同 API 意義可能不同
tappay,862,,Out of range : kyc_verification_merchant_id,api,error,見 TapPay Docs「Error」頁（docs.tappaysdk.com/tutorial/en/error.html）；同一代碼在不同 API 意義可能不同
tappay,863,,national_id must be verified in identity verification (KYC),api,error,見 TapPay Docs「Error」頁（docs.tappaysdk.com/tutorial/en/error.html）；同一代碼在不同 API 意義可能不同
tappay,864,,kyc_verification_merchant_id is only allowed for identity verification (KYC),api,error,見 TapPay Docs「Error」頁（docs.tappaysdk.com/tutorial/en/error.html）；同一代碼在不同 API 意義可能不同
tappay,865,,Missing arguments : nccc_terminal_id,api,error,見 TapPay Docs「Error」頁（docs.tappaysdk.com/tutorial/en/error.html）；同一代碼在不同 API 意義可能不同
tappay,866,,Bank not support identity verification (KYC),api,error,見 TapPay Docs「Error」頁（docs.tappaysdk.com/tutorial/en/error.html）；同一代碼在不同 API 意義可能不同
tappay,867,,Out of range : description,api,error,見 TapPay Docs「Error」頁（docs.tappaysdk.com/tutorial/en/error.html）；同一代碼在不同 API 意義可能不同
tappay,868,,You have to update at least one cardholder information,api,error,見 TapPay Docs「Error」頁（docs.tappaysdk.com/tutorial/en/error.html）；同一代碼在不同 API 意義可能不同
tappay,889,,Out of range : payment_number,api,error,見 TapPay Docs「Error」頁（docs.tappaysdk.com/tutorial/en/error.html）；同一代碼在不同 API 意義可能不同
tappay,890,,Out of range : nccc_terminal_id,api,error,見 TapPay Docs「Error」頁（docs.tappaysdk.com/tutorial/en/error.html）；同一代碼在不同 API 意義可能不同
tappay,891,,Cardholder not found,api,error,見 TapPay Docs「Error」頁（docs.tappaysdk.com/tutorial/en/error.html）；同一代碼在不同 API 意義可能不同
tappay,892,,Out of range : phone_number,api,error,見 TapPay Docs「Error」頁（docs.tappaysdk.com/tutorial/en/error.html）；同一代碼在不同 API 意義可能不同
tappay,893,,Out or range : name,api,error,見 TapPay Docs「Error」頁（docs.tappaysdk.com/tutorial/en/error.html）；同一代碼在不同 API 意義可能不同
tappay,894,,Out of range : email,api,error,見 TapPay Docs「Error」頁（docs.tappaysdk.com/tutorial/en/error.html）；同一代碼在不同 API 意義可能不同
tappay,895,,Out of range : address,api,error,見 TapPay Docs「Error」頁（docs.tappaysdk.com/tutorial/en/error.html）；同一代碼在不同 API 意義可能不同
tappay,896,,Out of range : zip,api,error,見 TapPay Docs「Error」頁（docs.tappaysdk.com/tutorial/en/error.html）；同一代碼在不同 API 意義可能不同
tappay,897,,Out of range : national_id,api,error,見 TapPay Docs「Error」頁（docs.tappaysdk.com/tutorial/en/error.html）；同一代碼在不同 API 意義可能不同
tappay,898,,Out of range : member_id,api,error,見 TapPay Docs「Error」頁（docs.tappaysdk.com/tutorial/en/error.html）；同一代碼在不同 API 意義可能不同
tappay,899,,Invalid arguments : acquirers,api,error,見 TapPay Docs「Error」頁（docs.tappaysdk.com/tutorial/en/error.html）；同一代碼在不同 API 意義可能不同
tappay,947,,EasyWallet transaction not found,api,error,見 TapPay Docs「Error」頁（docs.tappaysdk.com/tutorial/en/error.html）；同一代碼在不同 API 意義可能不同
tappay,950,,EasyWallet get redirect url error,api,error,見 TapPay Docs「Error」頁（docs.tappaysdk.com/tutorial/en/error.html）；同一代碼在不同 API 意義可能不同
tappay,900,,Service suspension due to system upgrade,api,error,見 TapPay Docs「Error」頁（docs.tappaysdk.com/tutorial/en/error.html）；同一代碼在不同 API 意義可能不同
tappay,901,,Decrypt payment data error,api,error,見 TapPay Docs「Error」頁（docs.tappaysdk.com/tutorial/en/error.html）；同一代碼在不同 API 意義可能不同
tappay,904,,Merchant’s acquirer not found,api,error,見 TapPay Docs「Error」頁（docs.tappaysdk.com/tutorial/en/error.html）；同一代碼在不同 API 意義可能不同
tappay,905,,Apple Pay transaction not found,api,error,見 TapPay Docs「Error」頁（docs.tappaysdk.com/tutorial/en/error.html）；同一代碼在不同 API 意義可能不同
tappay,906,,Apple Pay order id already exist,api,error,見 TapPay Docs「Error」頁（docs.tappaysdk.com/tutorial/en/error.html）；同一代碼在不同 API 意義可能不同
tappay,907,,Android Pay transaction not found,api,error,見 TapPay Docs「Error」頁（docs.tappaysdk.com/tutorial/en/error.html）；同一代碼在不同 API 意義可能不同
tappay,908,,Android Pay order id already exist,api,error,見 TapPay Docs「Error」頁（docs.tappaysdk.com/tutorial/en/error.html）；同一代碼在不同 API 意義可能不同
tappay,909,,Inconsistent amount,api,error,見 TapPay Docs「Error」頁（docs.tappaysdk.com/tutorial/en/error.html）；同一代碼在不同 API 意義可能不同
tappay,910,,Inconsistent currency,api,error,見 TapPay Docs「Error」頁（docs.tappaysdk.com/tutorial/en/error.html）；同一代碼在不同 API 意義可能不同
tappay,911,,Apple merchant not found,api,error,見 TapPay Docs「Error」頁（docs.tappaysdk.com/tutorial/en/error.html）；同一代碼在不同 API 意義可能不同
tappay,912,,Android merchant not found,api,error,見 TapPay Docs「Error」頁（docs.tappaysdk.com/tutorial/en/error.html）；同一代碼在不同 API 意義可能不同
tappay,919,,PaymentMethodToken expired,api,error,見 TapPay Docs「Error」頁（docs.tappaysdk.com/tutorial/en/error.html）；同一代碼在不同 API 意義可能不同
tappay,920,,Message decryption is not proceed,api,error,見 TapPay Docs「Error」頁（docs.tappaysdk.com/tutorial/en/error.html）；同一代碼在不同 API 意義可能不同
tappay,922,,LINE Pay get redirect url error,api,error,見 TapPay Docs「Error」頁（docs.tappaysdk.com/tutorial/en/error.html）；同一代碼在不同 API 意義可能不同
tappay,923,,LINE Pay transaction not found,api,error,見 TapPay Docs「Error」頁（docs.tappaysdk.com/tutorial/en/error.html）；同一代碼在不同 API 意義可能不同
tappay,924,,LINE Pay order is canceled,api,error,見 TapPay Docs「Error」頁（docs.tappaysdk.com/tutorial/en/error.html）；同一代碼在不同 API 意義可能不同
tappay,925,,Three Domain Secure’s order is canceled,api,error,見 TapPay Docs「Error」頁（docs.tappaysdk.com/tutorial/en/error.html）；同一代碼在不同 API 意義可能不同
tappay,926,,Acquirer doesn’t support this currency,api,error,見 TapPay Docs「Error」頁（docs.tappaysdk.com/tutorial/en/error.html）；同一代碼在不同 API 意義可能不同
tappay,931,,Samsung Pay order id already exist,api,error,見 TapPay Docs「Error」頁（docs.tappaysdk.com/tutorial/en/error.html）；同一代碼在不同 API 意義可能不同
tappay,932,,Samsung Pay transaction not found,api,error,見 TapPay Docs「Error」頁（docs.tappaysdk.com/tutorial/en/error.html）；同一代碼在不同 API 意義可能不同
tappay,934,,"Incorrect status [Transaction has been Captured, it could not be canceled]",api,error,見 TapPay Docs「Error」頁（docs.tappaysdk.com/tutorial/en/error.html）；同一代碼在不同 API 意義可能不同
tappay,935,,"Incorrect status [Transaction does not arrange capture, it could not be canceled]",api,error,見 TapPay Docs「Error」頁（docs.tappaysdk.com/tutorial/en/error.html）；同一代碼在不同 API 意義可能不同
tappay,936,,"Incorrect status [Transaction is capturing, it could not be canceled]",api,error,見 TapPay Docs「Error」頁（docs.tappaysdk.com/tutorial/en/error.html）；同一代碼在不同 API 意義可能不同
tappay,937,,This card does not support this function,api,error,見 TapPay Docs「Error」頁（docs.tappaysdk.com/tutorial/en/error.html）；同一代碼在不同 API 意義可能不同
tappay,939,,Request processing,api,error,見 TapPay Docs「Error」頁（docs.tappaysdk.com/tutorial/en/error.html）；同一代碼在不同 API 意義可能不同
tappay,940,,Invalid transaction status,api,error,見 TapPay Docs「Error」頁（docs.tappaysdk.com/tutorial/en/error.html）；同一代碼在不同 API 意義可能不同
tappay,941,,Transaction arguments mismatch,api,error,見 TapPay Docs「Error」頁（docs.tappaysdk.com/tutorial/en/error.html）；同一代碼在不同 API 意義可能不同
tappay,942,,Invalid environment,api,error,見 TapPay Docs「Error」頁（docs.tappaysdk.com/tutorial/en/error.html）；同一代碼在不同 API 意義可能不同
tappay,943,,JKOPAY get redirect url error,api,error,見 TapPay Docs「Error」頁（docs.tappaysdk.com/tutorial/en/error.html）；同一代碼在不同 API 意義可能不同
tappay,944,,JKOPAY transaction not found,api,error,見 TapPay Docs「Error」頁（docs.tappaysdk.com/tutorial/en/error.html）；同一代碼在不同 API 意義可能不同
tappay,946,,Do not support refund during bank capturing,api,error,見 TapPay Docs「Error」頁（docs.tappaysdk.com/tutorial/en/error.html）；同一代碼在不同 API 意義可能不同
tappay,948,,"Previous process is still accessing, please try again later",api,error,見 TapPay Docs「Error」頁（docs.tappaysdk.com/tutorial/en/error.html）；同一代碼在不同 API 意義可能不同
tappay,949,,"Previous request is still accessing, please try again later",api,error,見 TapPay Docs「Error」頁（docs.tappaysdk.com/tutorial/en/error.html）；同一代碼在不同 API 意義可能不同
tappay,2011,,"Card not found, Invalid token",api,error,見 TapPay Docs「Error」頁（docs.tappaysdk.com/tutorial/en/error.html）；同一代碼在不同 API 意義可能不同
tappay,4002,,Invalid arguments : rec_trade_id,api,error,見 TapPay Docs「Error」頁（docs.tappaysdk.com/tutorial/en/error.html）；同一代碼在不同 API 意義可能不同
tappay,4014,,Repeated refund,api,error,見 TapPay Docs「Error」頁（docs.tappaysdk.com/tutorial/en/error.html）；同一代碼在不同 API 意義可能不同
tappay,5001,,Kyc verification merchant not found,api,error,見 TapPay Docs「Error」頁（docs.tappaysdk.com/tutorial/en/error.html）；同一代碼在不同 API 意義可能不同
tappay,5002,,Identity verification (KYC) failed,api,error,見 TapPay Docs「Error」頁（docs.tappaysdk.com/tutorial/en/error.html）；同一代碼在不同 API 意義可能不同
tappay,5003,,Identity verification (KYC) exception happened,api,error,見 TapPay Docs「Error」頁（docs.tappaysdk.com/tutorial/en/error.html）；同一代碼在不同 API 意義可能不同
tappay,5004,,national_id can’t be empty in identity verification (KYC),api,error,見 TapPay Docs「Error」頁（docs.tappaysdk.com/tutorial/en/error.html）；同一代碼在不同 API 意義可能不同
tappay,5005,,phone_number can’t be empty if it is in need of identity verification (KYC),api,error,見 TapPay Docs「Error」頁（docs.tappaysdk.com/tutorial/en/error.html）；同一代碼在不同 API 意義可能不同
tappay,5006,,This acquirer not support identity verification (KYC),api,error,見 TapPay Docs「Error」頁（docs.tappaysdk.com/tutorial/en/error.html）；同一代碼在不同 API 意義可能不同
tappay,5007,,Can not recognize card issuer if this acquirer not support off-us card in identity verification (KYC),api,error,見 TapPay Docs「Error」頁（docs.tappaysdk.com/tutorial/en/error.html）；同一代碼在不同 API 意義可能不同
tappay,5008,,This acquirer not support off-us card in identity verification (KYC),api,error,見 TapPay Docs「Error」頁（docs.tappaysdk.com/tutorial/en/error.html）；同一代碼在不同 API 意義可能不同
tappay,5009,,This acquirer not support verify phone number in identity verification (KYC),api,error,見 TapPay Docs「Error」頁（docs.tappaysdk.com/tutorial/en/error.html）；同一代碼在不同 API 意義可能不同
tappay,6001,,Duplicate bank_transaction_id,api,error,見 TapPay Docs「Error」頁（docs.tappaysdk.com/tutorial/en/error.html）；同一代碼在不同 API 意義可能不同
tappay,6002,,Duplicate bank_refund_id,api,error,見 TapPay Docs「Error」頁（docs.tappaysdk.com/tutorial/en/error.html）；同一代碼在不同 API 意義可能不同
tappay,8001,,Partner doesn’t support TSP,api,error,見 TapPay Docs「Error」頁（docs.tappaysdk.com/tutorial/en/error.html）；同一代碼在不同 API 意義可能不同
tappay,8002,,Missing arguments : tsp_enable,api,error,見 TapPay Docs「Error」頁（docs.tappaysdk.com/tutorial/en/error.html）；同一代碼在不同 API 意義可能不同
tappay,8003,,Invalid arguments : tsp_enable,api,error,見 TapPay Docs「Error」頁（docs.tappaysdk.com/tutorial/en/error.html）；同一代碼在不同 API 意義可能不同
tappay,8004,,Missing arguments : tsp_token,api,error,見 TapPay Docs「Error」頁（docs.tappaysdk.com/tutorial/en/error.html）；同一代碼在不同 API 意義可能不同
tappay,8005,,Missing arguments : token_status,api,error,見 TapPay Docs「Error」頁（docs.tappaysdk.com/tutorial/en/error.html）；同一代碼在不同 API 意義可能不同
tappay,8006,,Missing arguments : card_expiry_date,api,error,見 TapPay Docs「Error」頁（docs.tappaysdk.com/tutorial/en/error.html）；同一代碼在不同 API 意義可能不同
tappay,8007,,Missing arguments : token_card_expiry_date,api,error,見 TapPay Docs「Error」頁（docs.tappaysdk.com/tutorial/en/error.html）；同一代碼在不同 API 意義可能不同
tappay,8008,,Invalid arguments : token_status,api,error,見 TapPay Docs「Error」頁（docs.tappaysdk.com/tutorial/en/error.html）；同一代碼在不同 API 意義可能不同
tappay,8009,,Invalid arguments : tsp_token,api,error,見 TapPay Docs「Error」頁（docs.tappaysdk.com/tutorial/en/error.html）；同一代碼在不同 API 意義可能不同
tappay,8010,,Invalid arguments : width,api,error,見 TapPay Docs「Error」頁（docs.tappaysdk.com/tutorial/en/error.html）；同一代碼在不同 API 意義可能不同
tappay,8011,,Invalid arguments : height,api,error,見 TapPay Docs「Error」頁（docs.tappaysdk.com/tutorial/en/error.html）；同一代碼在不同 API 意義可能不同
tappay,8012,,Invalid arguments : tsp_notify_url,api,error,見 TapPay Docs「Error」頁（docs.tappaysdk.com/tutorial/en/error.html）；同一代碼在不同 API 意義可能不同
tappay,8013,,Missing arguments : start_millis,api,error,見 TapPay Docs「Error」頁（docs.tappaysdk.com/tutorial/en/error.html）；同一代碼在不同 API 意義可能不同
tappay,8014,,Missing arguments : end_millis,api,error,見 TapPay Docs「Error」頁（docs.tappaysdk.com/tutorial/en/error.html）；同一代碼在不同 API 意義可能不同
tappay,8015,,Invalid arguments : start_millis,api,error,見 TapPay Docs「Error」頁（docs.tappaysdk.com/tutorial/en/error.html）；同一代碼在不同 API 意義可能不同
tappay,8016,,Invalid arguments : end_millis,api,error,見 TapPay Docs「Error」頁（docs.tappaysdk.com/tutorial/en/error.html）；同一代碼在不同 API 意義可能不同
tappay,8017,,Invalid arguments : end_millis (end_millis is less than start_millis),api,error,見 TapPay Docs「Error」頁（docs.tappaysdk.com/tutorial/en/error.html）；同一代碼在不同 API 意義可能不同
tappay,8019,,Missing arguments : tsp_notify_url,api,error,見 TapPay Docs「Error」頁（docs.tappaysdk.com/tutorial/en/error.html）；同一代碼在不同 API 意義可能不同
tappay,9003,,Out of range : rba_merchant_key,api,error,見 TapPay Docs「Error」頁（docs.tappaysdk.com/tutorial/en/error.html）；同一代碼在不同 API 意義可能不同
tappay,9017,,Invalid arguments : challenge_lowest_score,api,error,見 TapPay Docs「Error」頁（docs.tappaysdk.com/tutorial/en/error.html）；同一代碼在不同 API 意義可能不同
tappay,9018,,Missing arguments : fpan_bincodes or token_bincodes,api,error,見 TapPay Docs「Error」頁（docs.tappaysdk.com/tutorial/en/error.html）；同一代碼在不同 API 意義可能不同
tappay,9019,,Invalid arguments : fpan_bincodes,api,error,見 TapPay Docs「Error」頁（docs.tappaysdk.com/tutorial/en/error.html）；同一代碼在不同 API 意義可能不同
tappay,9020,,Invalid arguments : token_bincodes,api,error,見 TapPay Docs「Error」頁（docs.tappaysdk.com/tutorial/en/error.html）；同一代碼在不同 API 意義可能不同
tappay,9021,,Missing arguments : affiliate_code_names,api,error,見 TapPay Docs「Error」頁（docs.tappaysdk.com/tutorial/en/error.html）；同一代碼在不同 API 意義可能不同
tappay,9022,,Invalid arguments : affiliate_code_names,api,error,見 TapPay Docs「Error」頁（docs.tappaysdk.com/tutorial/en/error.html）；同一代碼在不同 API 意義可能不同
tappay,9023,,Missing arguments : affiliate_code_group_name,api,error,見 TapPay Docs「Error」頁（docs.tappaysdk.com/tutorial/en/error.html）；同一代碼在不同 API 意義可能不同
tappay,9024,,Invalid arguments : affiliate_code_group_name,api,error,見 TapPay Docs「Error」頁（docs.tappaysdk.com/tutorial/en/error.html）；同一代碼在不同 API 意義可能不同
tappay,9025,,Invalid arguments : order_number,api,error,見 TapPay Docs「Error」頁（docs.tappaysdk.com/tutorial/en/error.html）；同一代碼在不同 API 意義可能不同
tappay,9026,,Out of range : fpan_bincodes,api,error,見 TapPay Docs「Error」頁（docs.tappaysdk.com/tutorial/en/error.html）；同一代碼在不同 API 意義可能不同
tappay,9027,,Out of range : token_bincodes,api,error,見 TapPay Docs「Error」頁（docs.tappaysdk.com/tutorial/en/error.html）；同一代碼在不同 API 意義可能不同
tappay,9028,,Missing arguments : affiliate_code_name,api,error,見 TapPay Docs「Error」頁（docs.tappaysdk.com/tutorial/en/error.html）；同一代碼在不同 API 意義可能不同
tappay,9029,,Invalid arguments : affiliate_code_name,api,error,見 TapPay Docs「Error」頁（docs.tappaysdk.com/tutorial/en/error.html）；同一代碼在不同 API 意義可能不同
tappay,9030,,Out of range : prime,api,error,見 TapPay Docs「Error」頁（docs.tappaysdk.com/tutorial/en/error.html）；同一代碼在不同 API 意義可能不同
tappay,9031,,Missing arguments : card_token or prime,api,error,見 TapPay Docs「Error」頁（docs.tappaysdk.com/tutorial/en/error.html）；同一代碼在不同 API 意義可能不同
tappay,9032,,Missing arguments : bank_member_id,api,error,見 TapPay Docs「Error」頁（docs.tappaysdk.com/tutorial/en/error.html）；同一代碼在不同 API 意義可能不同
tappay,9037,,Doesn’t support card_token and prime concurrently,api,error,見 TapPay Docs「Error」頁（docs.tappaysdk.com/tutorial/en/error.html）；同一代碼在不同 API 意義可能不同
tappay,9051,,Missing arguments : jko_pay_insurance_policy,api,error,見 TapPay Docs「Error」頁（docs.tappaysdk.com/tutorial/en/error.html）；同一代碼在不同 API 意義可能不同
tappay,9052,,Missing arguments : jko_pay_insurance_policy > proposer,api,error,見 TapPay Docs「Error」頁（docs.tappaysdk.com/tutorial/en/error.html）；同一代碼在不同 API 意義可能不同
tappay,9053,,Missing arguments : jko_pay_insurance_policy > insured,api,error,見 TapPay Docs「Error」頁（docs.tappaysdk.com/tutorial/en/error.html）；同一代碼在不同 API 意義可能不同
tappay,9054,,Missing arguments : jko_pay_insurance_policy > final_price,api,error,見 TapPay Docs「Error」頁（docs.tappaysdk.com/tutorial/en/error.html）；同一代碼在不同 API 意義可能不同
tappay,9055,,Missing arguments : jko_pay_insurance_policy > insurance_type,api,error,見 TapPay Docs「Error」頁（docs.tappaysdk.com/tutorial/en/error.html）；同一代碼在不同 API 意義可能不同
tappay,9056,,Missing arguments : jko_pay_insurance_policy > policy_id,api,error,見 TapPay Docs「Error」頁（docs.tappaysdk.com/tutorial/en/error.html）；同一代碼在不同 API 意義可能不同
tappay,9057,,Missing arguments : jko_pay_insurance_policy > payment_deadline,api,error,見 TapPay Docs「Error」頁（docs.tappaysdk.com/tutorial/en/error.html）；同一代碼在不同 API 意義可能不同
tappay,9058,,Missing arguments : jko_pay_insurance_policy > payment_frequency,api,error,見 TapPay Docs「Error」頁（docs.tappaysdk.com/tutorial/en/error.html）；同一代碼在不同 API 意義可能不同
tappay,9059,,Out of range : jko_pay_insurance_policy > proposer,api,error,見 TapPay Docs「Error」頁（docs.tappaysdk.com/tutorial/en/error.html）；同一代碼在不同 API 意義可能不同
tappay,9060,,Invalid arguments : jko_pay_insurance_policy > final_price,api,error,見 TapPay Docs「Error」頁（docs.tappaysdk.com/tutorial/en/error.html）；同一代碼在不同 API 意義可能不同
tappay,9061,,Out of range : jko_pay_insurance_policy > policy_id,api,error,見 TapPay Docs「Error」頁（docs.tappaysdk.com/tutorial/en/error.html）；同一代碼在不同 API 意義可能不同
tappay,9062,,Invalid arguments : jko_pay_insurance_policy > payment_frequency,api,error,見 TapPay Docs「Error」頁（docs.tappaysdk.com/tutorial/en/error.html）；同一代碼在不同 API 意義可能不同
tappay,9063,,Invalid arguments : jko_pay_insurance_policy > payment_deadline,api,error,見 TapPay Docs「Error」頁（docs.tappaysdk.com/tutorial/en/error.html）；同一代碼在不同 API 意義可能不同
tappay,9067,,Missing argument : details[i] > item_id,api,error,見 TapPay Docs「Error」頁（docs.tappaysdk.com/tutorial/en/error.html）；同一代碼在不同 API 意義可能不同
tappay,9068,,Out of range : details[i] > item_id,api,error,見 TapPay Docs「Error」頁（docs.tappaysdk.com/tutorial/en/error.html）；同一代碼在不同 API 意義可能不同
tappay,9069,,Invalid argument : details[i] > item_id,api,error,見 TapPay Docs「Error」頁（docs.tappaysdk.com/tutorial/en/error.html）；同一代碼在不同 API 意義可能不同
tappay,9070,,Missing argument : details[i] > item_name,api,error,見 TapPay Docs「Error」頁（docs.tappaysdk.com/tutorial/en/error.html）；同一代碼在不同 API 意義可能不同
tappay,9071,,Out of range : details[i] > item_name,api,error,見 TapPay Docs「Error」頁（docs.tappaysdk.com/tutorial/en/error.html）；同一代碼在不同 API 意義可能不同
tappay,9072,,Invalid argument : details[i] > item_name,api,error,見 TapPay Docs「Error」頁（docs.tappaysdk.com/tutorial/en/error.html）；同一代碼在不同 API 意義可能不同
tappay,9073,,Missing argument : details[i] > item_quantity,api,error,見 TapPay Docs「Error」頁（docs.tappaysdk.com/tutorial/en/error.html）；同一代碼在不同 API 意義可能不同
tappay,9074,,Invalid argument : details[i] > item_quantity,api,error,見 TapPay Docs「Error」頁（docs.tappaysdk.com/tutorial/en/error.html）；同一代碼在不同 API 意義可能不同
tappay,9075,,Missing argument : details[i] > item_price,api,error,見 TapPay Docs「Error」頁（docs.tappaysdk.com/tutorial/en/error.html）；同一代碼在不同 API 意義可能不同
tappay,9076,,Invalid argument : details[i] > item_price,api,error,見 TapPay Docs「Error」頁（docs.tappaysdk.com/tutorial/en/error.html）；同一代碼在不同 API 意義可能不同
tappay,9118,,Missing arguments : tsp_push_token,api,error,見 TapPay Docs「Error」頁（docs.tappaysdk.com/tutorial/en/error.html）；同一代碼在不同 API 意義可能不同
tappay,9119,,Out of range : tsp_push_token,api,error,見 TapPay Docs「Error」頁（docs.tappaysdk.com/tutorial/en/error.html）；同一代碼在不同 API 意義可能不同
tappay,9158,,Missing argument : details[i] > item_category,api,error,見 TapPay Docs「Error」頁（docs.tappaysdk.com/tutorial/en/error.html）；同一代碼在不同 API 意義可能不同
tappay,9159,,Invalid argument : details[i] > item_category,api,error,見 TapPay Docs「Error」頁（docs.tappaysdk.com/tutorial/en/error.html）；同一代碼在不同 API 意義可能不同
tappay,10001,,Transaction pending,bank,error,見 TapPay Docs「Error」頁（docs.tappaysdk.com/tutorial/en/error.html）；同一代碼在不同 API 意義可能不同
tappay,10002,,IP mismatch,bank,error,見 TapPay Docs「Error」頁（docs.tappaysdk.com/tutorial/en/error.html）；同一代碼在不同 API 意義可能不同
tappay,10003,,"Wrong card, please ask for issuer",bank,error,見 TapPay Docs「Error」頁（docs.tappaysdk.com/tutorial/en/error.html）；同一代碼在不同 API 意義可能不同
tappay,10004,,Bank timeout,bank,error,見 TapPay Docs「Error」頁（docs.tappaysdk.com/tutorial/en/error.html）；同一代碼在不同 API 意義可能不同
tappay,10005,,Bank system error,bank,error,見 TapPay Docs「Error」頁（docs.tappaysdk.com/tutorial/en/error.html）；同一代碼在不同 API 意義可能不同
tappay,10006,,Duplicate transaction,bank,error,見 TapPay Docs「Error」頁（docs.tappaysdk.com/tutorial/en/error.html）；同一代碼在不同 API 意義可能不同
tappay,10007,,3D validate error,bank,error,見 TapPay Docs「Error」頁（docs.tappaysdk.com/tutorial/en/error.html）；同一代碼在不同 API 意義可能不同
tappay,10008,,Bank merchant account data error,bank,error,見 TapPay Docs「Error」頁（docs.tappaysdk.com/tutorial/en/error.html）；同一代碼在不同 API 意義可能不同
tappay,10009,,Amount error,bank,error,見 TapPay Docs「Error」頁（docs.tappaysdk.com/tutorial/en/error.html）；同一代碼在不同 API 意義可能不同
tappay,10010,,"Transaction pending capture, can not refund",bank,error,見 TapPay Docs「Error」頁（docs.tappaysdk.com/tutorial/en/error.html）；同一代碼在不同 API 意義可能不同
tappay,10011,,Refund error. Please try again.,bank,error,見 TapPay Docs「Error」頁（docs.tappaysdk.com/tutorial/en/error.html）；同一代碼在不同 API 意義可能不同
tappay,10012,,Data format error,bank,error,見 TapPay Docs「Error」頁（docs.tappaysdk.com/tutorial/en/error.html）；同一代碼在不同 API 意義可能不同
tappay,10013,,Bank transaction id duplicate,bank,error,見 TapPay Docs「Error」頁（docs.tappaysdk.com/tutorial/en/error.html）；同一代碼在不同 API 意義可能不同
tappay,10014,,Invalid bank transaction id,bank,error,見 TapPay Docs「Error」頁（docs.tappaysdk.com/tutorial/en/error.html）；同一代碼在不同 API 意義可能不同
tappay,10015,,Redeem failed,bank,error,見 TapPay Docs「Error」頁（docs.tappaysdk.com/tutorial/en/error.html）；同一代碼在不同 API 意義可能不同
tappay,10016,,"Refund denial due to risky reason, please contact TapPay for more information",bank,error,見 TapPay Docs「Error」頁（docs.tappaysdk.com/tutorial/en/error.html）；同一代碼在不同 API 意義可能不同
tappay,10023,,Bank error or TSP error,bank,error,見 TapPay Docs「Error」頁（docs.tappaysdk.com/tutorial/en/error.html）；同一代碼在不同 API 意義可能不同
tappay,10024,,Authorized transaction cannot be partially refunded,bank,error,見 TapPay Docs「Error」頁（docs.tappaysdk.com/tutorial/en/error.html）；同一代碼在不同 API 意義可能不同
tappay,10025,,Auth code mismatch error,bank,error,見 TapPay Docs「Error」頁（docs.tappaysdk.com/tutorial/en/error.html）；同一代碼在不同 API 意義可能不同
tappay,10026,,Bank transaction id mismatch error,bank,error,見 TapPay Docs「Error」頁（docs.tappaysdk.com/tutorial/en/error.html）；同一代碼在不同 API 意義可能不同
tappay,10029,,CTBC decrypt data error,bank,error,見 TapPay Docs「Error」頁（docs.tappaysdk.com/tutorial/en/error.html）；同一代碼在不同 API 意義可能不同
tappay,10030,,CTBC decrypt data invalid eci,bank,error,見 TapPay Docs「Error」頁（docs.tappaysdk.com/tutorial/en/error.html）；同一代碼在不同 API 意義可能不同
tappay,10031,,CTBC decrypt data missing errorCode,bank,error,見 TapPay Docs「Error」頁（docs.tappaysdk.com/tutorial/en/error.html）；同一代碼在不同 API 意義可能不同
tappay,10032,,Card CTBC decrypt data missing xid,bank,error,見 TapPay Docs「Error」頁（docs.tappaysdk.com/tutorial/en/error.html）；同一代碼在不同 API 意義可能不同
tappay,10033,,CTBC decrypt data missing cardNumber,bank,error,見 TapPay Docs「Error」頁（docs.tappaysdk.com/tutorial/en/error.html）；同一代碼在不同 API 意義可能不同
tappay,10034,,CTBC decrypt data missing expiry,bank,error,見 TapPay Docs「Error」頁（docs.tappaysdk.com/tutorial/en/error.html）；同一代碼在不同 API 意義可能不同
tappay,10035,,CTBC decrypt data missing eci,bank,error,見 TapPay Docs「Error」頁（docs.tappaysdk.com/tutorial/en/error.html）；同一代碼在不同 API 意義可能不同
tappay,10036,,Card number mismatch error,bank,error,見 TapPay Docs「Error」頁（docs.tappaysdk.com/tutorial/en/error.html）；同一代碼在不同 API 意義可能不同
tappay,10037,,Card expiry date mismatch error,bank,error,見 TapPay Docs「Error」頁（docs.tappaysdk.com/tutorial/en/error.html）；同一代碼在不同 API 意義可能不同
tappay,10038,,Redeem transaction cannot be partially refunded,bank,error,見 TapPay Docs「Error」頁（docs.tappaysdk.com/tutorial/en/error.html）；同一代碼在不同 API 意義可能不同
tappay,10039,,This merchant does not support this card type,bank,error,見 TapPay Docs「Error」頁（docs.tappaysdk.com/tutorial/en/error.html）；同一代碼在不同 API 意義可能不同
tappay,10042,,Doesn’t support this card’s country code,bank,error,見 TapPay Docs「Error」頁（docs.tappaysdk.com/tutorial/en/error.html）；同一代碼在不同 API 意義可能不同
tappay,10043,,This card can’t find issuer’s country code,bank,error,見 TapPay Docs「Error」頁（docs.tappaysdk.com/tutorial/en/error.html）；同一代碼在不同 API 意義可能不同
tappay,10044,,Instalment fail (invalid instalment periods or card),bank,error,見 TapPay Docs「Error」頁（docs.tappaysdk.com/tutorial/en/error.html）；同一代碼在不同 API 意義可能不同
tappay,10048,,"The transaction amount is 0, cannot be refunded",bank,error,見 TapPay Docs「Error」頁（docs.tappaysdk.com/tutorial/en/error.html）；同一代碼在不同 API 意義可能不同
tappay,10049,,"The transaction amount is 0, cannot be captured",bank,error,見 TapPay Docs「Error」頁（docs.tappaysdk.com/tutorial/en/error.html）；同一代碼在不同 API 意義可能不同
tappay,10050,,Out of range : amount,bank,error,見 TapPay Docs「Error」頁（docs.tappaysdk.com/tutorial/en/error.html）；同一代碼在不同 API 意義可能不同
tappay,10051,,Out of range : amount (refund amount must be less than or equal to remained amount),bank,error,見 TapPay Docs「Error」頁（docs.tappaysdk.com/tutorial/en/error.html）；同一代碼在不同 API 意義可能不同
tappay,10052,,Confirm order timeout,bank,error,見 TapPay Docs「Error」頁（docs.tappaysdk.com/tutorial/en/error.html）；同一代碼在不同 API 意義可能不同
tappay,10055,,Missing arguments : filters > time,bank,error,見 TapPay Docs「Error」頁（docs.tappaysdk.com/tutorial/en/error.html）；同一代碼在不同 API 意義可能不同
tappay,10056,,Missing arguments : filters,bank,error,見 TapPay Docs「Error」頁（docs.tappaysdk.com/tutorial/en/error.html）；同一代碼在不同 API 意義可能不同
tappay,10057,,Capture charge authorization expired,bank,error,見 TapPay Docs「Error」頁（docs.tappaysdk.com/tutorial/en/error.html）；同一代碼在不同 API 意義可能不同
tappay,11000,,Invalid arguments : rec_trade_id,api,error,見 TapPay Docs「Error」頁（docs.tappaysdk.com/tutorial/en/error.html）；同一代碼在不同 API 意義可能不同
tappay,12001,,Rba doesn’t support transaction with merchant_id,api,error,見 TapPay Docs「Error」頁（docs.tappaysdk.com/tutorial/en/error.html）；同一代碼在不同 API 意義可能不同
tappay,12007,,Merchant Group Setting not match rba recommendation,api,error,見 TapPay Docs「Error」頁（docs.tappaysdk.com/tutorial/en/error.html）；同一代碼在不同 API 意義可能不同
tappay,12008,,Payment request not match rba recommendation,api,error,見 TapPay Docs「Error」頁（docs.tappaysdk.com/tutorial/en/error.html）；同一代碼在不同 API 意義可能不同
tappay,12009,,"Payment request denial due to risky reason, please contact TapPay for more information",api,error,見 TapPay Docs「Error」頁（docs.tappaysdk.com/tutorial/en/error.html）；同一代碼在不同 API 意義可能不同
tappay,14001,,Affiliate code group not found,api,error,見 TapPay Docs「Error」頁（docs.tappaysdk.com/tutorial/en/error.html）；同一代碼在不同 API 意義可能不同
tappay,14002,,Affiliate code not found,api,error,見 TapPay Docs「Error」頁（docs.tappaysdk.com/tutorial/en/error.html）；同一代碼在不同 API 意義可能不同
tappay,14003,,Duplicate affiliate code,api,error,見 TapPay Docs「Error」頁（docs.tappaysdk.com/tutorial/en/error.html）；同一代碼在不同 API 意義可能不同
tappay,14004,,Duplicate fpan bincode,api,error,見 TapPay Docs「Error」頁（docs.tappaysdk.com/tutorial/en/error.html）；同一代碼在不同 API 意義可能不同
tappay,14005,,Duplicate token bincode,api,error,見 TapPay Docs「Error」頁（docs.tappaysdk.com/tutorial/en/error.html）；同一代碼在不同 API 意義可能不同
tappay,14006,,Create affiliate code failed,api,error,見 TapPay Docs「Error」頁（docs.tappaysdk.com/tutorial/en/error.html）；同一代碼在不同 API 意義可能不同
tappay,14007,,Delete affiliate code failed,api,error,見 TapPay Docs「Error」頁（docs.tappaysdk.com/tutorial/en/error.html）；同一代碼在不同 API 意義可能不同
tappay,14008,,Update affiliate code failed,api,error,見 TapPay Docs「Error」頁（docs.tappaysdk.com/tutorial/en/error.html）；同一代碼在不同 API 意義可能不同
tappay,14009,,Create bincode failed,api,error,見 TapPay Docs「Error」頁（docs.tappaysdk.com/tutorial/en/error.html）；同一代碼在不同 API 意義可能不同
tappay,14010,,Delete bincode failed,api,error,見 TapPay Docs「Error」頁（docs.tappaysdk.com/tutorial/en/error.html）；同一代碼在不同 API 意義可能不同
tappay,14011,,Fpan bincode exceeding single affiliate code limit,api,error,見 TapPay Docs「Error」頁（docs.tappaysdk.com/tutorial/en/error.html）；同一代碼在不同 API 意義可能不同
tappay,14012,,Token bincode exceeding single affiliate code limit,api,error,見 TapPay Docs「Error」頁（docs.tappaysdk.com/tutorial/en/error.html）；同一代碼在不同 API 意義可能不同
tappay,14013,,Partner does not support affiliate code query,api,error,見 TapPay Docs「Error」頁（docs.tappaysdk.com/tutorial/en/error.html）；同一代碼在不同 API 意義可能不同
tappay,15001,,Easy Wallet not support duplicate bank_member_id binding,api,error,見 TapPay Docs「Error」頁（docs.tappaysdk.com/tutorial/en/error.html）；同一代碼在不同 API 意義可能不同
tappay,15002,,The E-Wallet token already unbind,api,error,見 TapPay Docs「Error」頁（docs.tappaysdk.com/tutorial/en/error.html）；同一代碼在不同 API 意義可能不同
tappay,15003,,This merchant does not support binding transaction,api,error,見 TapPay Docs「Error」頁（docs.tappaysdk.com/tutorial/en/error.html）；同一代碼在不同 API 意義可能不同
tappay,15004,,Transaction canceled via electronic payment service.,api,error,見 TapPay Docs「Error」頁（docs.tappaysdk.com/tutorial/en/error.html）；同一代碼在不同 API 意義可能不同
tappay,15006,,Manual Review Pending,api,error,見 TapPay Docs「Error」頁（docs.tappaysdk.com/tutorial/en/error.html）；同一代碼在不同 API 意義可能不同
tappay,19004,,Push-tokenize failed: REQUIRE_ADDITIONAL_AUTHENTICATION,api,error,見 TapPay Docs「Error」頁（docs.tappaysdk.com/tutorial/en/error.html）；同一代碼在不同 API 意義可能不同
tappay,24006,,Missing arguments : branch_info > branch_code,api,error,見 TapPay Docs「Error」頁（docs.tappaysdk.com/tutorial/en/error.html）；同一代碼在不同 API 意義可能不同
tappay,24007,,Missing arguments : branch_info > pos_id,api,error,見 TapPay Docs「Error」頁（docs.tappaysdk.com/tutorial/en/error.html）；同一代碼在不同 API 意義可能不同
tappay,24008,,Missing arguments : pos_millis,api,error,見 TapPay Docs「Error」頁（docs.tappaysdk.com/tutorial/en/error.html）；同一代碼在不同 API 意義可能不同
tappay,24009,,Invalid arguments : pos_millis,api,error,見 TapPay Docs「Error」頁（docs.tappaysdk.com/tutorial/en/error.html）；同一代碼在不同 API 意義可能不同
tappay,24010,,Merchant not support cross payment institution,api,error,見 TapPay Docs「Error」頁（docs.tappaysdk.com/tutorial/en/error.html）；同一代碼在不同 API 意義可能不同
tappay,9999,,"System is under maintenance, please contact TapPay customer service",api,error,見 TapPay Docs「Error」頁（docs.tappaysdk.com/tutorial/en/error.html）；同一代碼在不同 API 意義可能不同
tappay,82,,Partner key mismatch,api,error,見 TapPay Docs「Error」頁（docs.tappaysdk.com/tutorial/en/error.html）；同一代碼在不同 API 意義可能不同
tappay,209,,Missing argument : request_type.,api,error,見 TapPay Docs「Error」頁（docs.tappaysdk.com/tutorial/en/error.html）；同一代碼在不同 API 意義可能不同
tappay,211,,Invalid argument : request_type.,api,error,見 TapPay Docs「Error」頁（docs.tappaysdk.com/tutorial/en/error.html）；同一代碼在不同 API 意義可能不同
tappay,450,,Create affiliate code failed {detail error message},api,error,見 TapPay Docs「Error」頁（docs.tappaysdk.com/tutorial/en/error.html）；同一代碼在不同 API 意義可能不同
tappay,451,,fpan_bincodes length should be less than or equal to 50.,api,error,見 TapPay Docs「Error」頁（docs.tappaysdk.com/tutorial/en/error.html）；同一代碼在不同 API 意義可能不同
tappay,452,,token_bincodes length should be less than or equal to 50.,api,error,見 TapPay Docs「Error」頁（docs.tappaysdk.com/tutorial/en/error.html）；同一代碼在不同 API 意義可能不同
tappay,453,,Delete affiliate code failed {detail error message},api,error,見 TapPay Docs「Error」頁（docs.tappaysdk.com/tutorial/en/error.html）；同一代碼在不同 API 意義可能不同
tappay,454,,Create affiliate code group failed {detail error message},api,error,見 TapPay Docs「Error」頁（docs.tappaysdk.com/tutorial/en/error.html）；同一代碼在不同 API 意義可能不同
tappay,455,,affiliate_code_names length should be less than 50.,api,error,見 TapPay Docs「Error」頁（docs.tappaysdk.com/tutorial/en/error.html）；同一代碼在不同 API 意義可能不同
tappay,456,,Delte affiliate code group failed {detail error message},api,error,見 TapPay Docs「Error」頁（docs.tappaysdk.com/tutorial/en/error.html）；同一代碼在不同 API 意義可能不同
jkopay,000,成功,Success,success,info,
jkopay,101,訂單已付款,Order is paid,duplicate,warning,以 platform_order_id 查詢 Inquiry API 確認狀態後結案勿重複建單
jkopay,200,參數錯誤,Bad request,validation,error,message 會動態指出錯誤欄位 依訊息修正
jkopay,200-store,商店代碼錯誤,Store not found,validation,error,確認 store_id 使用該環境(測試/正式)對應代碼
jkopay,200-currency,商店不支援此幣別,Using the currency unsupported by the Store,validation,error,確認商店已開通該幣別 或改用 TWD
jkopay,200-identity,此商店訂單需身分驗證,Entry of this store needs identity verification,validation,error,需帶入 identities 資料 洽街口確認商店設定
jkopay,200-mismatch,同單號但關鍵欄位不一致,Order has been used as entry but they do not match with each others,validation,error,同一 platform_order_id 重送時 store_id/currency/total_price/final_price 必須完全相同
jkopay,200-digits,幣別小數位檢核失敗,Invalid number of digits for the order currency amount,validation,error,依 currency 規定的小數位數送出金額
jkopay,200-minamount,低於該幣別最低金額,Order price below limit for this currency,validation,error,JPY>=5 USD>=0.02 CNY>=0.11 HKD>=0.13
jkopay,100,訂單不存在,Invaid Order ID,not_found,error,確認 platform_order_id 正確且已建單
jkopay,102,超過180天退款期限,Order has excessed 180 days cannot be refunded,business,error,街口退款期限為 180 天 逾期須改走線下退款
jkopay,105,金額不一致,Inconsistent remain amount / Inconsistent refund amount,validation,error,同一 refund_order_id 重送時 refund_amount 必須相同
jkopay,111,交易已關帳,Transaction has been closed,business,error,已關帳交易無法退款 須洽街口處理
jkopay,113,商家餘額不足,Refund reject due to refund amount exceeds total unreimbursed amount.,business,error,退款金額超過未撥款總額 待撥款入帳後再退
jkopay,116,街口券退款失敗,JKOPAY coupon reimbursement failed please contact JKOPAY for assistance in refund,business,error,聯繫街口客服協助處理
jkopay,117,用券訂單僅接受全額退款,JKOPAY Coupon is used in this transaction and we will only accept full refund,business,error,退款前先檢查 redeem_detail 有券則不可部分退款
jkopay,922,退款金額超過可退金額,Refund amount exceeds order final price,validation,error,退款金額不可超過 final_price 扣除已退金額
jkopay,978,帳戶已關閉,Closed account can't use JKOPay's service please contact the JKOPay's customer service.,auth,error,聯繫街口客服確認帳戶狀態
jkopay,999,街口系統錯誤,Internal Error,server,error,街口方非預期錯誤 稍後重試並保留 platform_order_id 供查詢
jkopay,103,退款金額錯誤,Error in refund amount,validation,error,授權扣款退款 檢查 refund_amount 是否正確
jkopay,104,超過月限額,Payment/transfer amount is over the monthly limit,business,error,電支個人月限額已滿 須待次月或改用其他支付工具
jkopay,110,查無此商店,Store not found,validation,error,確認 store_id 為該環境對應代碼
jkopay,115,付款失敗,Payment failed,business,error,消費者付款工具失敗 請消費者改用其他支付工具
jkopay,121,銀行帳戶餘額不足,Insufficient bank account balance.,business,error,消費者綁定的銀行帳戶餘額不足 建議通知消費者後重試
jkopay,201,驗證錯誤,Validation error,validation,error,授權扣款模組專屬 檢查必填欄位與型態
jkopay,301,無效的授權編號,Invalid auth_no,validation,error,確認 auth_no 來自綁定 callback 且未過期
jkopay,302,授權編號已取消,Canceled auth_no,business,error,該授權已終止 需請消費者重新綁定
jkopay,303,超過用戶設定的最高額度,FinalPrice exceeded the max amount quota set by the user,business,error,額度由消費者在街口 App 自行設定 非商家可控 須請消費者調高
jkopay,304,金額與授權帳單金額不一致,Order finalPrice is not consistent with authpay billing amount,validation,error,定期定額的 final_price 必須等於綁定時的 billing_amount
jkopay,305,超過當前週期扣款次數,Authpay payment exceeds current billing cycle times,business,error,週期次數上限 week/month/quarter<=7 year<=12 檢查 billing_cycle.times
jkopay,306,授權扣款時段無效,Authpay payment transaction time invalid.(Available at 08:00 - 20:00 UTC+8),business,error,授權扣款僅限 08:00-20:00 UTC+8 排程勿排夜間
jkopay,307,同一授權不可併發扣款,Payment with the same auth_no is allowed one at a time,business,error,同一 auth_no 同時僅允許一筆付款 扣款須序列化
sunpay,10,交易成功,Transaction Success,success,info,交易通知 status / 查詢 result.status（紅陽金流技術串接手冊 v1.1.0 4.3、4.4.2）
sunpay,11,交易失敗,Transaction Failed,payment,error,交易通知 status / 查詢 result.status；查 msg 確認原因（紅陽金流技術串接手冊 v1.1.0 4.3、4.4.2）
sunpay,12-callback,已建立(交易通知),Order Created,payment,warning,交易通知的 12 代表已建立尚未付款，勿與查詢的 12（查無訂單）、退款的 12（無此訂單）混淆（紅陽金流技術串接手冊 v1.1.0 4.3）
sunpay,12-query,查無該筆訂單(查詢API),Order Not Found,query,error,查詢 API result.status（紅陽金流技術串接手冊 v1.1.0 4.4.2）
sunpay,06,紅陽交易編號或是特店訂單編號必須擇一,Trade No or Order No required,validation,error,查詢 API result.status；trade_no 與 td 必須擇一帶入（紅陽金流技術串接手冊 v1.1.0 4.4.2）
sunpay,13-query,交易未完成(查詢API),Transaction Incomplete,query,warning,查詢 API result.status；消費者尚未完成付款（紅陽金流技術串接手冊 v1.1.0 4.4.2）
sunpay,14,訂單退款,Order Refunded,refund,info,查詢 API result.status；另看 refund_status（紅陽金流技術串接手冊 v1.1.0 4.4.2）
sunpay,15,交易取消,Transaction Canceled,query,info,查詢 API result.status（紅陽金流技術串接手冊 v1.1.0 4.4.2）
sunpay,00,請求成功,Request Success,success,info,查詢 / 請款 API 外層 code（紅陽金流技術串接手冊 v1.1.0 4.4.2、4.5.2）；查詢時業務狀態看 result.status
sunpay,99-query,未知錯誤(查詢/請款API),Unknown Error,system,error,查詢 API 外層 code 99「未知錯誤」、請款 API 99「請求失敗」（紅陽金流技術串接手冊 v1.1.0 4.4.2、4.5.2）
sunpay,01,特店代碼不正確,Invalid Merchant,auth,error,退款 API code（紅陽金流技術串接手冊 v1.1.0 4.6.2）
sunpay,02,訂單編號重複,Duplicate Order No,validation,error,退款 API code（紅陽金流技術串接手冊 v1.1.0 4.6.2）
sunpay,03,參數不正確,Invalid Parameter,validation,error,退款 API code（紅陽金流技術串接手冊 v1.1.0 4.6.2）
sunpay,04,驗簽失敗,Signature Verification Failed,auth,error,退款 API code（紅陽金流技術串接手冊 v1.1.0 4.6.2）
sunpay,12-refund,無此訂單(退款API),Order Not Found,refund,error,退款 API code（紅陽金流技術串接手冊 v1.1.0 4.6.2）
sunpay,13-refund,訂單已申請退款(退款API),Refund Already Requested,refund,error,退款 API code（紅陽金流技術串接手冊 v1.1.0 4.6.2）
sunpay,20,申請退款成功,Refund Requested,refund,info,退款 API code（紅陽金流技術串接手冊 v1.1.0 4.6.2）
sunpay,21,申請退款失敗，非信用卡交易不接受退款,Refund Rejected (non-credit),refund,error,退款 API code（紅陽金流技術串接手冊 v1.1.0 4.6.2）
sunpay,22,超過退款申請期限,Refund Period Expired,refund,error,退款 API code（紅陽金流技術串接手冊 v1.1.0 4.6.2）
sunpay,23,已退款達兩次,Refund Limit Reached,refund,error,退款 API code（紅陽金流技術串接手冊 v1.1.0 4.6.2）
sunpay,24,已無餘額可退款,No Refundable Balance,refund,error,退款 API code（紅陽金流技術串接手冊 v1.1.0 4.6.2）
sunpay,25,當日訂單僅允許全額退款,Same-day Orders Allow Full Refund Only,refund,error,退款 API code（紅陽金流技術串接手冊 v1.1.0 4.6.2）
sunpay,26,本次退款金額需與可退款金額一致,Refund Amount Must Equal Refundable Amount,refund,error,退款 API code（紅陽金流技術串接手冊 v1.1.0 4.6.2）
sunpay,97,不接受此 IP 進行授權,IP Not Allowed,auth,error,退款 API code（紅陽金流技術串接手冊 v1.1.0 4.6.2）
sunpay,99-refund,未知錯誤(退款API),Unknown Error,system,error,退款 API code（紅陽金流技術串接手冊 v1.1.0 4.6.2）
jkopay,POS-000,交易成功,Success,success,info,
jkopay,POS-301,交易失敗(網路或系統異常),Transaction failed network or system error,server,error,稍後重試 注意此碼與 Platform API 的 301(Invalid auth_no) 意義不同
jkopay,POS-601,查無綁定會員,Bound member not found,validation,error,消費者未完成綁定 請其於街口 App 完成設定
jkopay,POS-801,Gateway 連線異常,Gateway connection error,server,error,街口端連線異常 稍後重試
jkopay,POS-802,銀行端交易失敗,Bank transaction failed,payment,error,依 StatusDesc 內的銀行端錯誤訊息判斷 請消費者改用其他付款方式
jkopay,POS-804,缺少必要參數,Missing required parameter,validation,error,POS 付款所有欄位皆為必填 無值請帶空字串而非省略
jkopay,POS-812,此筆訂單已轉退款,Order already refunded,business,error,查詢原訂單狀態後結案
jkopay,POS-901,未明確定義錯誤,Undefined error,server,error,保留 MerchantTradeNo 洽街口客服查詢
jkopay,POS-904,加簽或驗簽失敗,Signature verification failed,auth,error,POS 簽章需將欄位依 Key 字母排序 去除空白換行 JSON 尾接 MerchantKey 後 SHA256 且 Sign 須全小寫
jkopay,POS-905,解析資料失敗,Data parsing failed,validation,error,檢查 JSON 格式與欄位型態
jkopay,POS-906,條碼已失效,Barcode expired,validation,error,街口付款條碼有時效 請消費者重新出示條碼
jkopay,POS-907,非街口合作店鋪,Store not a JKOPAY partner,auth,error,確認 MerchantID 與 StoreID 已開通
jkopay,POS-909,寫入資料失敗,Data write failed,server,error,稍後重試
jkopay,POS-911,停權用戶,Suspended user,business,error,請消費者聯繫街口客服 02-87717212
jkopay,POS-912,查無會員,Member not found,validation,error,確認消費者帳號狀態
jkopay,POS-916,查無此訂單,Order not found,query,error,確認 MerchantTradeNo 正確且交易已建立
jkopay,POS-927,條碼錯誤,Invalid barcode,validation,error,CardToken 格式為固定 2 碼 22 加 16 碼亂數 共 18 碼
jkopay,POS-928,消費者街口帳戶餘額不足,Insufficient JKOPAY balance,business,error,請消費者儲值或改用其他付款方式
jkopay,POS-929,交易類型不支援此付款方式,Payment type not supported,validation,error,確認該店鋪已開通該付款方式
jkopay,POS-931,交易金額已達限額,Transaction amount limit reached,business,error,電支法規限額 請拆單或改用其他支付工具
jkopay,POS-932,店家收款金額已達限額,Store receiving limit reached,business,error,洽街口調整店家限額
jkopay,POS-934,訂單狀態異常無法退款,Order status invalid for refund,business,error,先查詢訂單狀態確認是否已退款或已取消
jkopay,POS-935,已達每日店鋪限額,Daily store limit reached,business,error,隔日再行交易或洽街口調整限額
jkopay,POS-939,學生儲值卡餘額不足,Insufficient student card balance,business,error,請消費者改用其他付款方式
jkopay,POS-940,支付金額不可小於等於0元,Amount must be greater than zero,validation,error,TradeAmount 需為正整數
jkopay,POS-951,退款造成街口帳戶支出故拒絕退款,Refund would cause JKOPAY account outflow,business,error,洽街口客服協助處理
jkopay,POS-961,退款需收回街口幣或現金回饋導致信用卡退刷異常,Refund conflicts with coin or cashback,business,error,洽街口客服協助處理
jkopay,POS-962,儲值卡退款失敗,Stored value card refund failed,business,error,洽街口客服協助處理
jkopay,POS-968,使用街口券的交易無法部分退款,Coupon transaction requires full refund,business,error,退款前先檢查折抵資訊 有券則只能全額退款
jkopay,POS-975,退款金額大於店家累計未請款金額,Refund exceeds unreimbursed balance,business,error,待撥款入帳後再行退款
jkopay,POS-977,逾一年未使用需先身分驗證,Identity verification required,business,error,請消費者聯繫街口客服 02-87717212 進行身分驗證
jkopay,POS-978,此用戶無法使用街口服務,User cannot use JKOPAY,business,error,請消費者洽街口客服 02-87717212
jkopay,POS-980,此店鋪已下線,Store offline,auth,error,確認店鋪狀態並洽街口重新上線
jkopay,OA-001,OAuth 取得 token 成功,Success,success,info,
jkopay,OA-205,Auth Code 已被使用,Auth code already used,auth,error,auth_code 僅能使用一次 需重新引導使用者授權
jkopay,OA-360,Auth Code 過期,Auth code expired,auth,error,重新引導使用者授權取得新的 auth_code
jkopay,OA-999,OAuth 系統異常,System error,server,error,稍後重試
jkopay,UP-001,取得用戶資料成功,Success,success,info,
jkopay,UP-460,Access Token 過期,Access token expired,auth,error,以 refresh_token 換取新的 access_token
jkopay,UP-999,用戶資料系統異常,System error,server,error,稍後重試
jkopay,405,權限不足,Permission denied,auth,error,JOP Gateway 該 client_id 未取得此 API 權限 洽街口開放平台開通
jkopay,0001,街口幣發放成功,Success,success,info,
jkopay,2-GW-0997,服務維護中(Gateway),Service is under maintenance,server,error,街口幣發放閘道維護中 稍後以同一 exchangeId 重試
jkopay,2-GW-0201,驗簽失敗(Gateway),Signature verification failed,auth,error,街口幣發放的簽章與線上支付同規則 HMAC-SHA256 簽 payload 原文 注意 Header 為 Api-Key 與 Digest 首字大寫
jkopay,2-MT-9001,欄位檢核失敗,Validation failed,validation,error,檢查 clientId exchangeId amount jkosId 四個必填欄位
jkopay,2-MT-9002,發放對象不存在,Target user not found,validation,error,確認 jkosId 為有效的街口用戶 UUID
jkopay,2-MT-9003,發放金額需大於0,Amount must be greater than zero,validation,error,amount 必須大於 0
jkopay,2-MT-9004,驗證失敗,Authentication failed,auth,error,確認 Api-Key 正確且已開通街口幣發放權限
jkopay,2-MT-9006,exchangeId 請求不一致,Inconsistent request for exchangeId,validation,error,同一 exchangeId 帶了不同參數 屬實作錯誤非暫時性失敗 請修正參數而非重試
jkopay,2-MT-9005,街口幣發放內部錯誤,Internal service error,server,error,訂單卡在處理中可能已發幣成功 必須以「同一個」exchangeId 重送直到取得明確結果 換號會重複發幣
jkopay,2-MT-9999,街口幣發放非預期錯誤,Unspecified Error,server,error,同 2-MT-9005 必須以同一個 exchangeId 重送 不可換號
paynow,M000,參數錯誤 (Contract_check) PayNow合約認可,,api,error,見 PayNow 金流錯誤代碼表（docs.paynow.com.tw/developer/docs/apipdf/cashflow/cashflow-errorcode）：會員資料新增
paynow,M001,參數錯誤 (mem_kind) 會員類別,,api,error,見 PayNow 金流錯誤代碼表（docs.paynow.com.tw/developer/docs/apipdf/cashflow/cashflow-errorcode）：會員資料新增
paynow,M002,參數錯誤 (mem_namebrain) 公司名稱或申請人姓名,,api,error,見 PayNow 金流錯誤代碼表（docs.paynow.com.tw/developer/docs/apipdf/cashflow/cashflow-errorcode）：會員資料新增
paynow,M003,參數錯誤 (mem_cid) 公司統編或個人身分證,,api,error,見 PayNow 金流錯誤代碼表（docs.paynow.com.tw/developer/docs/apipdf/cashflow/cashflow-errorcode）：會員資料新增
paynow,M004,參數錯誤 (mem_tax) 公司稅籍編號,,api,error,見 PayNow 金流錯誤代碼表（docs.paynow.com.tw/developer/docs/apipdf/cashflow/cashflow-errorcode）：會員資料新增
paynow,M005,參數錯誤 (mem_nameregist) 負責人姓名,,api,error,見 PayNow 金流錯誤代碼表（docs.paynow.com.tw/developer/docs/apipdf/cashflow/cashflow-errorcode）：會員資料新增
paynow,M006,參數錯誤 (mem_idregist) 負責人身分證,,api,error,見 PayNow 金流錯誤代碼表（docs.paynow.com.tw/developer/docs/apipdf/cashflow/cashflow-errorcode）：會員資料新增
paynow,M007,參數錯誤 (mem_tel) 公司代表號,,api,error,見 PayNow 金流錯誤代碼表（docs.paynow.com.tw/developer/docs/apipdf/cashflow/cashflow-errorcode）：會員資料新增
paynow,M008,參數錯誤 (mem_zipcode) 郵遞區號,,api,error,見 PayNow 金流錯誤代碼表（docs.paynow.com.tw/developer/docs/apipdf/cashflow/cashflow-errorcode）：會員資料新增
paynow,M009,參數錯誤 (mem_add) 公司地址,,api,error,見 PayNow 金流錯誤代碼表（docs.paynow.com.tw/developer/docs/apipdf/cashflow/cashflow-errorcode）：會員資料新增
paynow,M025,已有註冊相同帳號但未開通，請至下列網址進行開通 正式：https://www.paynow.com.tw/index/mem_identification.aspx 測試：https://test.paynow.com.tw/index/mem_identification.aspx,,api,error,見 PayNow 金流錯誤代碼表（docs.paynow.com.tw/developer/docs/apipdf/cashflow/cashflow-errorcode）：會員資料新增
paynow,M026,參數錯誤 (mem_fax) 傳真號碼錯誤,,api,error,見 PayNow 金流錯誤代碼表（docs.paynow.com.tw/developer/docs/apipdf/cashflow/cashflow-errorcode）：會員資料新增
paynow,M027,會員加入系統錯誤，請連絡系統商,,api,error,見 PayNow 金流錯誤代碼表（docs.paynow.com.tw/developer/docs/apipdf/cashflow/cashflow-errorcode）：會員資料新增
paynow,M028,會員驗證開通錯誤，請連絡系統商,,api,error,見 PayNow 金流錯誤代碼表（docs.paynow.com.tw/developer/docs/apipdf/cashflow/cashflow-errorcode）：會員資料新增
paynow,M029,公司名稱或申請人姓名或負責人姓名，姓名不可輸入英數字,,api,error,見 PayNow 金流錯誤代碼表（docs.paynow.com.tw/developer/docs/apipdf/cashflow/cashflow-errorcode）：會員資料新增
paynow,M030,此帳號可能已被註冊為賣家,,api,error,見 PayNow 金流錯誤代碼表（docs.paynow.com.tw/developer/docs/apipdf/cashflow/cashflow-errorcode）：會員資料新增
paynow,M031,參數錯誤 (upmem) 是否買家升級賣家,,api,error,見 PayNow 金流錯誤代碼表（docs.paynow.com.tw/developer/docs/apipdf/cashflow/cashflow-errorcode）：會員資料新增
paynow,M032,買家升級賣家錯誤，無此買家,,api,error,見 PayNow 金流錯誤代碼表（docs.paynow.com.tw/developer/docs/apipdf/cashflow/cashflow-errorcode）：會員資料新增
paynow,M033,此帳號可能已被註冊為買家,,api,error,見 PayNow 金流錯誤代碼表（docs.paynow.com.tw/developer/docs/apipdf/cashflow/cashflow-errorcode）：會員資料新增
paynow,M034,此帳號未通過驗證,,api,error,見 PayNow 金流錯誤代碼表（docs.paynow.com.tw/developer/docs/apipdf/cashflow/cashflow-errorcode）：會員資料新增
paynow,M035,MCC_CODE格式錯誤,,api,error,見 PayNow 金流錯誤代碼表（docs.paynow.com.tw/developer/docs/apipdf/cashflow/cashflow-errorcode）：會員資料新增
paynow,M036,非使用中MCC_CODE代碼,,api,error,見 PayNow 金流錯誤代碼表（docs.paynow.com.tw/developer/docs/apipdf/cashflow/cashflow-errorcode）：會員資料新增
paynow,M037,手續費率設定錯誤,,api,error,見 PayNow 金流錯誤代碼表（docs.paynow.com.tw/developer/docs/apipdf/cashflow/cashflow-errorcode）：會員資料新增
paynow,A000,額度查詢錯誤,,api,error,見 PayNow 金流錯誤代碼表（docs.paynow.com.tw/developer/docs/apipdf/cashflow/cashflow-errorcode）：升級商務資格
paynow,A001,商務升級會員帳號錯誤,,api,error,見 PayNow 金流錯誤代碼表（docs.paynow.com.tw/developer/docs/apipdf/cashflow/cashflow-errorcode）：升級商務資格
paynow,A002,未使用信用卡認證，請先申請信用卡認證,,api,error,見 PayNow 金流錯誤代碼表（docs.paynow.com.tw/developer/docs/apipdf/cashflow/cashflow-errorcode）：升級商務資格
paynow,A003,您已經使用過信用卡認證服務,,api,error,見 PayNow 金流錯誤代碼表（docs.paynow.com.tw/developer/docs/apipdf/cashflow/cashflow-errorcode）：升級商務資格
paynow,A004,信用卡認證碼錯誤，請重新輸入,,api,error,見 PayNow 金流錯誤代碼表（docs.paynow.com.tw/developer/docs/apipdf/cashflow/cashflow-errorcode）：升級商務資格
paynow,A005,額度提升系統程式錯誤，請連絡系統商,,api,error,見 PayNow 金流錯誤代碼表（docs.paynow.com.tw/developer/docs/apipdf/cashflow/cashflow-errorcode）：升級商務資格
paynow,C000,非PayNow會員,,api,error,見 PayNow 金流錯誤代碼表（docs.paynow.com.tw/developer/docs/apipdf/cashflow/cashflow-errorcode）：會員請款
paynow,C001,無可請款資料,,api,error,見 PayNow 金流錯誤代碼表（docs.paynow.com.tw/developer/docs/apipdf/cashflow/cashflow-errorcode）：會員請款
paynow,C002,無訂單編號資料,,api,error,見 PayNow 金流錯誤代碼表（docs.paynow.com.tw/developer/docs/apipdf/cashflow/cashflow-errorcode）：會員請款
paynow,C003,可請款筆數與欲請款筆數不符，請確認是否已請款或該交易是否可請款,,api,error,見 PayNow 金流錯誤代碼表（docs.paynow.com.tw/developer/docs/apipdf/cashflow/cashflow-errorcode）：會員請款
paynow,C004,訂單編號請款程式錯誤，請與系統商連絡,,api,error,見 PayNow 金流錯誤代碼表（docs.paynow.com.tw/developer/docs/apipdf/cashflow/cashflow-errorcode）：會員請款
paynow,C005,全數請款程式錯誤，請與系統商連絡,,api,error,見 PayNow 金流錯誤代碼表（docs.paynow.com.tw/developer/docs/apipdf/cashflow/cashflow-errorcode）：會員請款
paynow,C006,無對應驗證碼ID,,api,error,見 PayNow 金流錯誤代碼表（docs.paynow.com.tw/developer/docs/apipdf/cashflow/cashflow-errorcode）：會員請款
paynow,C007,驗證碼錯誤,,api,error,見 PayNow 金流錯誤代碼表（docs.paynow.com.tw/developer/docs/apipdf/cashflow/cashflow-errorcode）：會員請款
paynow,C008,無此EC廠商,,api,error,見 PayNow 金流錯誤代碼表（docs.paynow.com.tw/developer/docs/apipdf/cashflow/cashflow-errorcode）：會員請款
paynow,C009,此會員無EC廠商,,api,error,見 PayNow 金流錯誤代碼表（docs.paynow.com.tw/developer/docs/apipdf/cashflow/cashflow-errorcode）：會員請款
paynow,B000,更新會員銀行帳戶失敗,,api,error,見 PayNow 金流錯誤代碼表（docs.paynow.com.tw/developer/docs/apipdf/cashflow/cashflow-errorcode）：銀行帳號變更
paynow,B001,驗證碼錯誤,,api,error,見 PayNow 金流錯誤代碼表（docs.paynow.com.tw/developer/docs/apipdf/cashflow/cashflow-errorcode）：銀行帳號變更
paynow,B002,變更會員銀行帳戶系統錯誤，請連絡系統商,,api,error,見 PayNow 金流錯誤代碼表（docs.paynow.com.tw/developer/docs/apipdf/cashflow/cashflow-errorcode）：銀行帳號變更
paynow,R000,退款系統程式錯誤，請與系統商連絡,,api,error,見 PayNow 金流錯誤代碼表（docs.paynow.com.tw/developer/docs/apipdf/cashflow/cashflow-errorcode）：交易退款
paynow,R001,申請人類別無填寫,,api,error,見 PayNow 金流錯誤代碼表（docs.paynow.com.tw/developer/docs/apipdf/cashflow/cashflow-errorcode）：交易退款
paynow,R002,參數錯誤 (buysafeno) 訂單編號,,api,error,見 PayNow 金流錯誤代碼表（docs.paynow.com.tw/developer/docs/apipdf/cashflow/cashflow-errorcode）：交易退款
paynow,R003,參數錯誤 (WebNo) 賣家會員帳號(公司統編或個人身分證),,api,error,見 PayNow 金流錯誤代碼表（docs.paynow.com.tw/developer/docs/apipdf/cashflow/cashflow-errorcode）：交易退款
paynow,R004,參數錯誤 (id) 買家會員帳號,,api,error,見 PayNow 金流錯誤代碼表（docs.paynow.com.tw/developer/docs/apipdf/cashflow/cashflow-errorcode）：交易退款
paynow,R005,參數錯誤 (refundvalue) 退貨原因,,api,error,見 PayNow 金流錯誤代碼表（docs.paynow.com.tw/developer/docs/apipdf/cashflow/cashflow-errorcode）：交易退款
paynow,R006,參數錯誤 (refunddate) 退貨日期,,api,error,見 PayNow 金流錯誤代碼表（docs.paynow.com.tw/developer/docs/apipdf/cashflow/cashflow-errorcode）：交易退款
paynow,R007,參數錯誤 (ECPlatform) EC廠商名稱,,api,error,見 PayNow 金流錯誤代碼表（docs.paynow.com.tw/developer/docs/apipdf/cashflow/cashflow-errorcode）：交易退款
paynow,R008,參數錯誤 (IDKey) IDKey檢驗識別碼,,api,error,見 PayNow 金流錯誤代碼表（docs.paynow.com.tw/developer/docs/apipdf/cashflow/cashflow-errorcode）：交易退款
paynow,R009,參數錯誤 (PassCode) 檢驗識別碼,,api,error,見 PayNow 金流錯誤代碼表（docs.paynow.com.tw/developer/docs/apipdf/cashflow/cashflow-errorcode）：交易退款
paynow,R010,參數錯誤 (refundmode) 退貨型態,,api,error,見 PayNow 金流錯誤代碼表（docs.paynow.com.tw/developer/docs/apipdf/cashflow/cashflow-errorcode）：交易退款
paynow,R011,今日交易不可當日退款,,api,error,見 PayNow 金流錯誤代碼表（docs.paynow.com.tw/developer/docs/apipdf/cashflow/cashflow-errorcode）：交易退款
paynow,R012,此交易賣家與申請退貨賣家不符,,api,error,見 PayNow 金流錯誤代碼表（docs.paynow.com.tw/developer/docs/apipdf/cashflow/cashflow-errorcode）：交易退款
paynow,R013,查無此交易,,api,error,見 PayNow 金流錯誤代碼表（docs.paynow.com.tw/developer/docs/apipdf/cashflow/cashflow-errorcode）：交易退款
paynow,R014,參數錯誤 (mem_bankaccno) 銀行帳號,,api,error,見 PayNow 金流錯誤代碼表（docs.paynow.com.tw/developer/docs/apipdf/cashflow/cashflow-errorcode）：交易退款
paynow,R015,參數錯誤 (accountbankno) 銀行代碼,,api,error,見 PayNow 金流錯誤代碼表（docs.paynow.com.tw/developer/docs/apipdf/cashflow/cashflow-errorcode）：交易退款
paynow,R016,參數錯誤 (mem_bankaccount) 撥款銀行分行名稱,,api,error,見 PayNow 金流錯誤代碼表（docs.paynow.com.tw/developer/docs/apipdf/cashflow/cashflow-errorcode）：交易退款
paynow,R017,由賣家取消信用卡交易，系統自動通知發卡行退還額度,,api,error,見 PayNow 金流錯誤代碼表（docs.paynow.com.tw/developer/docs/apipdf/cashflow/cashflow-errorcode）：交易退款
paynow,R018,非成功交易不得退款,,api,error,見 PayNow 金流錯誤代碼表（docs.paynow.com.tw/developer/docs/apipdf/cashflow/cashflow-errorcode）：交易退款
paynow,R019,此貨品已配送不得退款,,api,error,見 PayNow 金流錯誤代碼表（docs.paynow.com.tw/developer/docs/apipdf/cashflow/cashflow-errorcode）：交易退款
paynow,R020,此交易超過保管天數不得退款,,api,error,見 PayNow 金流錯誤代碼表（docs.paynow.com.tw/developer/docs/apipdf/cashflow/cashflow-errorcode）：交易退款
paynow,R021,此交易小於30元不得退款,,api,error,見 PayNow 金流錯誤代碼表（docs.paynow.com.tw/developer/docs/apipdf/cashflow/cashflow-errorcode）：交易退款
paynow,R022,此交易買家與申請退貨買家不符,,api,error,見 PayNow 金流錯誤代碼表（docs.paynow.com.tw/developer/docs/apipdf/cashflow/cashflow-errorcode）：交易退款
paynow,R023,此交易已請款不得退款,,api,error,見 PayNow 金流錯誤代碼表（docs.paynow.com.tw/developer/docs/apipdf/cashflow/cashflow-errorcode）：交易退款
paynow,R024,參數錯誤 (idRegist) 消費者身分證字號錯誤,,api,error,見 PayNow 金流錯誤代碼表（docs.paynow.com.tw/developer/docs/apipdf/cashflow/cashflow-errorcode）：交易退款
paynow,R025,退貨取消錯誤，請聯絡系統商,,api,error,見 PayNow 金流錯誤代碼表（docs.paynow.com.tw/developer/docs/apipdf/cashflow/cashflow-errorcode）：交易退款
paynow,R026,此買家無可退貨交易,,api,error,見 PayNow 金流錯誤代碼表（docs.paynow.com.tw/developer/docs/apipdf/cashflow/cashflow-errorcode）：交易退款
paynow,R027,交易已報送發卡行待回覆，目前不得退款,,api,error,見 PayNow 金流錯誤代碼表（docs.paynow.com.tw/developer/docs/apipdf/cashflow/cashflow-errorcode）：交易退款
paynow,R028,只能是商家發動退款,,api,error,見 PayNow 金流錯誤代碼表（docs.paynow.com.tw/developer/docs/apipdf/cashflow/cashflow-errorcode）：交易退款
paynow,R029,只能是確認退款狀態,,api,error,見 PayNow 金流錯誤代碼表（docs.paynow.com.tw/developer/docs/apipdf/cashflow/cashflow-errorcode）：交易退款
paynow,R030,只能是信用卡交易,,api,error,見 PayNow 金流錯誤代碼表（docs.paynow.com.tw/developer/docs/apipdf/cashflow/cashflow-errorcode）：交易退款
paynow,R031,退款金額錯誤,,api,error,見 PayNow 金流錯誤代碼表（docs.paynow.com.tw/developer/docs/apipdf/cashflow/cashflow-errorcode）：交易退款
paynow,R032,此交易不支援部分退款,,api,error,見 PayNow 金流錯誤代碼表（docs.paynow.com.tw/developer/docs/apipdf/cashflow/cashflow-errorcode）：交易退款
paynow,R033,今日請款金額(+30)須大於退款金額。,,api,error,見 PayNow 金流錯誤代碼表（docs.paynow.com.tw/developer/docs/apipdf/cashflow/cashflow-errorcode）：交易退款
paynow,R035,退款無法取消,,api,error,見 PayNow 金流錯誤代碼表（docs.paynow.com.tw/developer/docs/apipdf/cashflow/cashflow-errorcode）：交易退款
paynow,R036,票券訂單已核銷，無法退款,,api,error,見 PayNow 金流錯誤代碼表（docs.paynow.com.tw/developer/docs/apipdf/cashflow/cashflow-errorcode）：交易退款
paynow,R037,此為已撥款超過180天交易，退款作業完成須2-3個工作天；若於3個工作天後仍未顯示退款，請與PayNow聯繫。,,api,error,見 PayNow 金流錯誤代碼表（docs.paynow.com.tw/developer/docs/apipdf/cashflow/cashflow-errorcode）：交易退款
paynow,N000,會員資料修改程式錯誤，請與開發商聯絡,,api,error,見 PayNow 金流錯誤代碼表（docs.paynow.com.tw/developer/docs/apipdf/cashflow/cashflow-errorcode）：會員資料修改
paynow,N001,參數錯誤 (WebNo) 賣家會員帳號(公司統編或個人身分證),,api,error,見 PayNow 金流錯誤代碼表（docs.paynow.com.tw/developer/docs/apipdf/cashflow/cashflow-errorcode）：會員資料修改
paynow,N002,參數錯誤 (PassCode) 檢驗識別碼,,api,error,見 PayNow 金流錯誤代碼表（docs.paynow.com.tw/developer/docs/apipdf/cashflow/cashflow-errorcode）：會員資料修改
paynow,N003,參數錯誤 (IDKey) IDKey檢驗識別碼,,api,error,見 PayNow 金流錯誤代碼表（docs.paynow.com.tw/developer/docs/apipdf/cashflow/cashflow-errorcode）：會員資料修改
paynow,N004,參數錯誤 (ECPlatform) EC廠商名稱,,api,error,見 PayNow 金流錯誤代碼表（docs.paynow.com.tw/developer/docs/apipdf/cashflow/cashflow-errorcode）：會員資料修改
paynow,N005,參數錯誤 (webtel) 客服電話,,api,error,見 PayNow 金流錯誤代碼表（docs.paynow.com.tw/developer/docs/apipdf/cashflow/cashflow-errorcode）：會員資料修改
paynow,N006,參數錯誤 (mem_fax) 傳真號碼,,api,error,見 PayNow 金流錯誤代碼表（docs.paynow.com.tw/developer/docs/apipdf/cashflow/cashflow-errorcode）：會員資料修改
paynow,N007,參數錯誤 (memtel) 公司代表號,,api,error,見 PayNow 金流錯誤代碼表（docs.paynow.com.tw/developer/docs/apipdf/cashflow/cashflow-errorcode）：會員資料修改
paynow,N008,參數錯誤 (mem_zipcode) 郵遞區號,,api,error,見 PayNow 金流錯誤代碼表（docs.paynow.com.tw/developer/docs/apipdf/cashflow/cashflow-errorcode）：會員資料修改
paynow,N009,參數錯誤 (mem_add) 地址,,api,error,見 PayNow 金流錯誤代碼表（docs.paynow.com.tw/developer/docs/apipdf/cashflow/cashflow-errorcode）：會員資料修改
paynow,N010,參數錯誤 (mem_namecontect) 聯絡人姓名,,api,error,見 PayNow 金流錯誤代碼表（docs.paynow.com.tw/developer/docs/apipdf/cashflow/cashflow-errorcode）：會員資料修改
paynow,N011,參數錯誤 (mem_emailcontect) 聯絡人Email,,api,error,見 PayNow 金流錯誤代碼表（docs.paynow.com.tw/developer/docs/apipdf/cashflow/cashflow-errorcode）：會員資料修改
paynow,N012,參數錯誤 (mem_telcontect) 聯絡人電話,,api,error,見 PayNow 金流錯誤代碼表（docs.paynow.com.tw/developer/docs/apipdf/cashflow/cashflow-errorcode）：會員資料修改
paynow,N013,參數錯誤 (mem_telpcontect) 聯絡人手機,,api,error,見 PayNow 金流錯誤代碼表（docs.paynow.com.tw/developer/docs/apipdf/cashflow/cashflow-errorcode）：會員資料修改
paynow,N014,參數錯誤 (mem_checkpw) 網站交易密碼,,api,error,見 PayNow 金流錯誤代碼表（docs.paynow.com.tw/developer/docs/apipdf/cashflow/cashflow-errorcode）：會員資料修改
paynow,N015,地址不接受郵政信箱,,api,error,見 PayNow 金流錯誤代碼表（docs.paynow.com.tw/developer/docs/apipdf/cashflow/cashflow-errorcode）：會員資料修改
paynow,N016,地址錯誤，請輸入正確地址,,api,error,見 PayNow 金流錯誤代碼表（docs.paynow.com.tw/developer/docs/apipdf/cashflow/cashflow-errorcode）：會員資料修改
paynow,N017,郵遞區號錯誤，請輸入正確郵遞區號,,api,error,見 PayNow 金流錯誤代碼表（docs.paynow.com.tw/developer/docs/apipdf/cashflow/cashflow-errorcode）：會員資料修改
paynow,N018,該賣家非PayNow會員,,api,error,見 PayNow 金流錯誤代碼表（docs.paynow.com.tw/developer/docs/apipdf/cashflow/cashflow-errorcode）：會員資料修改
paynow,N019,賣家帳號不可輸入全形字,,api,error,見 PayNow 金流錯誤代碼表（docs.paynow.com.tw/developer/docs/apipdf/cashflow/cashflow-errorcode）：會員資料修改
paynow,N020,公司代表號不可輸入全形字,,api,error,見 PayNow 金流錯誤代碼表（docs.paynow.com.tw/developer/docs/apipdf/cashflow/cashflow-errorcode）：會員資料修改
paynow,N021,聯絡人電話不可輸入全形字,,api,error,見 PayNow 金流錯誤代碼表（docs.paynow.com.tw/developer/docs/apipdf/cashflow/cashflow-errorcode）：會員資料修改
paynow,N022,聯絡人手機不可輸入全形字,,api,error,見 PayNow 金流錯誤代碼表（docs.paynow.com.tw/developer/docs/apipdf/cashflow/cashflow-errorcode）：會員資料修改
paynow,N023,客服電話不可輸入全形字,,api,error,見 PayNow 金流錯誤代碼表（docs.paynow.com.tw/developer/docs/apipdf/cashflow/cashflow-errorcode）：會員資料修改
paynow,N024,聯絡人Email不可輸入全形字,,api,error,見 PayNow 金流錯誤代碼表（docs.paynow.com.tw/developer/docs/apipdf/cashflow/cashflow-errorcode）：會員資料修改
paynow,N025,客服Email不可輸入全形字,,api,error,見 PayNow 金流錯誤代碼表（docs.paynow.com.tw/developer/docs/apipdf/cashflow/cashflow-errorcode）：會員資料修改
paynow,N026,身分證字號驗證錯誤 或 賣家統一編號不正確,,api,error,見 PayNow 金流錯誤代碼表（docs.paynow.com.tw/developer/docs/apipdf/cashflow/cashflow-errorcode）：會員資料修改
paynow,N027,參數錯誤 (mem_type) 會員類型,,api,error,見 PayNow 金流錯誤代碼表（docs.paynow.com.tw/developer/docs/apipdf/cashflow/cashflow-errorcode）：會員資料修改
paynow,N028,參數錯誤 (mem_webname)網站名稱,,api,error,見 PayNow 金流錯誤代碼表（docs.paynow.com.tw/developer/docs/apipdf/cashflow/cashflow-errorcode）：會員資料修改
paynow,P000,交易查詢系統錯誤，請連絡系統開發商,,api,error,見 PayNow 金流錯誤代碼表（docs.paynow.com.tw/developer/docs/apipdf/cashflow/cashflow-errorcode）：交易查詢
paynow,Q000,系統錯誤請聯絡開發廠商,,api,error,見 PayNow 金流錯誤代碼表（docs.paynow.com.tw/developer/docs/apipdf/cashflow/cashflow-errorcode）：會員查詢
paynow,Q001,會員身分不符,,api,error,見 PayNow 金流錯誤代碼表（docs.paynow.com.tw/developer/docs/apipdf/cashflow/cashflow-errorcode）：會員查詢
paynow,Q002,查無此會員,,api,error,見 PayNow 金流錯誤代碼表（docs.paynow.com.tw/developer/docs/apipdf/cashflow/cashflow-errorcode）：會員查詢
paynow,Q003,未開通會員，系統已開通帳號，請重新修改會員資料,,api,error,見 PayNow 金流錯誤代碼表（docs.paynow.com.tw/developer/docs/apipdf/cashflow/cashflow-errorcode）：會員查詢
paynow,Q004,單純買家會員，請轉換成賣家會員,,api,error,見 PayNow 金流錯誤代碼表（docs.paynow.com.tw/developer/docs/apipdf/cashflow/cashflow-errorcode）：會員查詢
paynow,T000,系統錯誤請聯絡開發廠商,,api,error,見 PayNow 金流錯誤代碼表（docs.paynow.com.tw/developer/docs/apipdf/cashflow/cashflow-errorcode）：票券交易核銷
paynow,T001,票券未開通,,api,error,見 PayNow 金流錯誤代碼表（docs.paynow.com.tw/developer/docs/apipdf/cashflow/cashflow-errorcode）：票券交易核銷
paynow,T002,核銷碼格式錯誤(確認是否數字並為7碼),,api,error,見 PayNow 金流錯誤代碼表（docs.paynow.com.tw/developer/docs/apipdf/cashflow/cashflow-errorcode）：票券交易核銷
paynow,T003,非票券交易,,api,error,見 PayNow 金流錯誤代碼表（docs.paynow.com.tw/developer/docs/apipdf/cashflow/cashflow-errorcode）：票券交易核銷
paynow,T004,核銷碼檢核錯誤,,api,error,見 PayNow 金流錯誤代碼表（docs.paynow.com.tw/developer/docs/apipdf/cashflow/cashflow-errorcode）：票券交易核銷
paynow,T008,非成功交易不可核銷,,api,error,見 PayNow 金流錯誤代碼表（docs.paynow.com.tw/developer/docs/apipdf/cashflow/cashflow-errorcode）：票券交易核銷
paynow,T009,訂單所屬賣家與商家帳號不合,,api,error,見 PayNow 金流錯誤代碼表（docs.paynow.com.tw/developer/docs/apipdf/cashflow/cashflow-errorcode）：票券交易核銷
paynow,T010,該票券已使用不可重複核銷,,api,error,見 PayNow 金流錯誤代碼表（docs.paynow.com.tw/developer/docs/apipdf/cashflow/cashflow-errorcode）：票券交易核銷
paynow,T005,統編驗證錯誤(非公司戶會員),,api,error,見 PayNow 金流錯誤代碼表（docs.paynow.com.tw/developer/docs/apipdf/cashflow/cashflow-errorcode）：核銷會員轉換
paynow,T006,此會員已為票券使用者,,api,error,見 PayNow 金流錯誤代碼表（docs.paynow.com.tw/developer/docs/apipdf/cashflow/cashflow-errorcode）：核銷會員轉換
paynow,T007,此會員非EC票券使用者,,api,error,見 PayNow 金流錯誤代碼表（docs.paynow.com.tw/developer/docs/apipdf/cashflow/cashflow-errorcode）：核銷會員轉換
opay,10100001,IP 拒絕存取,IP Access Denied.,api,error,見歐付寶 APP 第三方應用／掃碼付 API 交易訊息代碼（appapi01 p.35、appapi02 p.27）
opay,10100002,交易發生錯誤,Trade Error.,api,error,歐付寶 APP 第三方應用／掃碼付 API 交易訊息代碼（appapi01 V1.0.8 p.35、appapi02 V1.6.3 p.27）
opay,10100010,超過扣款金額上限,Amount exceeds limit,payment,error,歐付寶 APP 第三方應用／掃碼付 API 交易訊息代碼（appapi01 V1.0.8 p.35、appapi02 V1.6.3 p.27）
opay,10100012,付款帳戶金額不足,Account cash is not enough.,payment,error,歐付寶 APP 第三方應用／掃碼付 API 交易訊息代碼（appapi01 V1.0.8 p.35、appapi02 V1.6.3 p.27）
opay,10100020,信用卡授權失敗,Credit card authorization is failed.,payment,error,歐付寶 APP 第三方應用／掃碼付 API 交易訊息代碼（appapi01 V1.0.8 p.35、appapi02 V1.6.3 p.27）
opay,10100022,使用非指定的發卡銀行信用卡,Not appointed issuing bank.,payment,error,歐付寶 APP 第三方應用／掃碼付 API 交易訊息代碼（appapi01 V1.0.8 p.35、appapi02 V1.6.3 p.27）
opay,10100050,參數錯誤,Parameter Error.,api,error,歐付寶 APP 第三方應用／掃碼付 API 交易訊息代碼（appapi01 V1.0.8 p.35、appapi02 V1.6.3 p.27）
opay,10100051,XML 參數錯誤,XML Parameter Error.,api,error,歐付寶 APP 第三方應用／掃碼付 API 交易訊息代碼（appapi01 V1.0.8 p.35、appapi02 V1.6.3 p.27）
opay,10100052,廠商編號錯誤,Merchant ID Error.,config,error,歐付寶 APP 第三方應用／掃碼付 API 交易訊息代碼（appapi01 V1.0.8 p.35、appapi02 V1.6.3 p.27）
opay,10100053,廠商狀態錯誤,Merchant Status Error.,config,error,歐付寶 APP 第三方應用／掃碼付 API 交易訊息代碼（appapi01 V1.0.8 p.35、appapi02 V1.6.3 p.27）
opay,10100054,廠商交易序號重複,Trading Number Repeated.,api,error,歐付寶 APP 第三方應用／掃碼付 API 交易訊息代碼（appapi01 V1.0.8 p.35、appapi02 V1.6.3 p.27）；重新建單須換新 MerchantTradeNo
opay,10100055,新增交易失敗,Create Trade Fail.,api,error,歐付寶 APP 第三方應用／掃碼付 API 交易訊息代碼（appapi01 V1.0.8 p.35、appapi02 V1.6.3 p.27）
opay,10100056,歐付寶交易序號有誤,TradeNo Error.,api,error,歐付寶 APP 第三方應用／掃碼付 API 交易訊息代碼（appapi01 V1.0.8 p.35、appapi02 V1.6.3 p.27）
opay,10100060,廠商編號空白,MerchantID Is Null.,api,error,歐付寶 APP 第三方應用／掃碼付 API 交易訊息代碼（appapi01 V1.0.8 p.35、appapi02 V1.6.3 p.27）
opay,10100063,廠商交易序號空白,MerchantTradeNo Is Null.,api,error,歐付寶 APP 第三方應用／掃碼付 API 交易訊息代碼（appapi01 V1.0.8 p.35、appapi02 V1.6.3 p.27）
opay,10100064,交易日期格式錯誤,MerchantTradeDate Format Error,api,error,歐付寶 APP 第三方應用／掃碼付 API 交易訊息代碼（appapi01 V1.0.8 p.35、appapi02 V1.6.3 p.27）
opay,10100065,交易金額格式錯誤,TradeAmount Format Error,api,error,歐付寶 APP 第三方應用／掃碼付 API 交易訊息代碼（appapi01 V1.0.8 p.35、appapi02 V1.6.3 p.27）
opay,99999901,In App WebView 才可使用此模式,,api,error,僅 APP 第三方應用（appapi01 p.35）
opay,99999910,缺少必要參數,,api,error,僅 APP 第三方應用（appapi01 p.35）
opay,99999999,使用者取消付款,,payment,warning,僅 APP 第三方應用；喚起付款後 redirectURL 的 rtnCode（appapi01 p.18、p.35）
