provider,code,message_zh,message_en,category,severity,solution
ecpay,1,付款成功,Success,success,info,（/2878）
ecpay,2,ATM 取號成功,ATM number issued,success,info,不是錯誤；等消費者轉帳後會再收到付款通知（/2881）
ecpay,10100073,CVS／BARCODE 取號成功,CVS/Barcode number issued,success,info,不是錯誤；等消費者繳費後會再收到付款通知（/2881）
ecpay,10100001,超商代碼已失效,CVS code expired,payment,error,重新取號（出處：綠界官方 skill guides/20，developers.ecpay.com.tw 未列，以後台「交易狀態代碼查詢」為準）
ecpay,10100058,Pay fail（3D 驗證未完成）,Pay fail.,payment,error,請消費者更換瀏覽器或裝置、關閉 VPN、切換網路取得新 IP；定期定額時手機號碼須與銀行資料一致（/5740）
ecpay,10100248,信用卡被銀行拒絕,Wrong merchant account,payment,error,資料錯誤、額度不足等，請消費者洽發卡行（/5740）
ecpay,10200009,訂單已過期,Order expired,payment,error,檢查 ExpireDate 設定，重新建立訂單（出處：綠界官方 skill guides/20，developers.ecpay.com.tw 未列，以後台「交易狀態代碼查詢」為準）
ecpay,10200043,3D 驗證失敗,3D Secure failed,payment,error,請消費者重新進行 3D 驗證（出處：綠界官方 skill guides/20，developers.ecpay.com.tw 未列，以後台「交易狀態代碼查詢」為準）
ecpay,10200047,MerchantTradeNo 重複,Duplicate MerchantTradeNo,validation,error,使用不同的訂單編號（最長 20 字元，僅英數字）（出處：綠界官方 skill guides/20，developers.ecpay.com.tw 未列，以後台「交易狀態代碼查詢」為準）
ecpay,10200050,TotalAmount 超出範圍（金額不符）,TotalAmount out of range,validation,error,檢查 TotalAmount（出處：綠界官方 skill guides/20，developers.ecpay.com.tw 未列，以後台「交易狀態代碼查詢」為準）
ecpay,10200058,信用卡授權失敗,Card authorization failed,payment,error,請消費者確認卡片資訊或更換信用卡（出處：綠界官方 skill guides/20，developers.ecpay.com.tw 未列，以後台「交易狀態代碼查詢」為準）
ecpay,10200073,CheckMacValue 驗證失敗,CheckMacValue verify fail,auth,error,不分大小寫排序、PHP urlencode 後轉小寫並還原 ( ) ! *、金流 SHA256 / 物流 MD5；確認 HashKey/HashIV（出處：綠界官方 skill guides/20，developers.ecpay.com.tw 未列，以後台「交易狀態代碼查詢」為準）
ecpay,10200095,訂單未成立，消費者未完成付款,Transaction not completed (customer did not finish payment),payment,warning,查詢 API 的 TradeStatus；不是已付款或已退款（/2890）
ecpay,10200105,BNPL 金額未達最低,BNPL amount below minimum,validation,error,"TotalAmount 需 >= 3,000 元（出處：綠界官方 skill guides/20，developers.ecpay.com.tw 未列，以後台「交易狀態代碼查詢」為準）"
ecpay,10200115,信用卡授權逾時,Card authorization timeout,payment,error,請消費者重新付款（出處：綠界官方 skill guides/20，developers.ecpay.com.tw 未列，以後台「交易狀態代碼查詢」為準）
ecpay,10300006,超商繳費期限已過（國內物流中為物流訂單已過期）,CVS payment expired,payment,error,重新建立訂單；同一代碼在物流服務含意不同（出處：綠界官方 skill guides/20，developers.ecpay.com.tw 未列，以後台「交易狀態代碼查詢」為準）
ecpay,10400011,WAF 關鍵字攔截,Blocked by WAF keyword,validation,error,ItemName / TradeDesc 含 echo、python、curl 等系統指令關鍵字，移除即可（出處：綠界官方 skill guides/20，developers.ecpay.com.tw 未列，以後台「交易狀態代碼查詢」為準）
ecpay,10800001,觸發綠界風控,,payment,error,連續刷卡、可疑電話等；後台交易明細灰底表示扣款失敗（/5740）
ecpay,10200141,商店未開啟收款服務,,config,error,測試／正式環境金鑰混用，或正式環境未完成金流申請（/5740）
ecpay,10200146,此商店不支援信用卡分期,,config,error,分期服務未啟用（/5740）
ecpay,10300023,本次交易未提供任何付款方式,,config,error,MerchantID 錯誤，或收款審核未通過、服務未開通（/5740）
ecpay,10300024,資料驗證錯誤，請回到原廠商頁面重新操作,,payment,warning,消費者於簡訊驗證時返回上一頁再送出所致（/5740）
ecpay,5100070,建立訂單失敗：金額超出上下限或無可用付款方式,,api,error,例：1 元訂單只開 ATM；測試環境請用 2 元以上（/5740）
ecpay,5100071,建立訂單失敗：無權限使用,,config,error,服務未開通，請聯繫業務（/5740）
newebpay,SUCCESS,成功,Success,success,info,
newebpay,MPG01002,時間戳記不可空白,,validation,error,見藍新規格書 NDNF-1.2.5 錯誤代碼表
newebpay,MPG01005,TokenTerm 不可空白/設定錯誤,,validation,error,見藍新規格書 NDNF-1.2.5 錯誤代碼表
newebpay,MPG01008,分期參數設定錯誤,,validation,error,見藍新規格書 NDNF-1.2.5 錯誤代碼表
newebpay,MPG01009,商店代號不可空白,,validation,error,見藍新規格書 NDNF-1.2.5 錯誤代碼表
newebpay,MPG01010,程式版本設定錯誤,,validation,error,見藍新規格書 NDNF-1.2.5 錯誤代碼表
newebpay,MPG01011,回傳規格設定錯誤,,validation,error,見藍新規格書 NDNF-1.2.5 錯誤代碼表
newebpay,MPG01012,商店訂單編號不可空白/設定錯誤,,validation,error,見藍新規格書 NDNF-1.2.5 錯誤代碼表
newebpay,MPG01013,付款人電子信箱設定錯誤,,validation,error,見藍新規格書 NDNF-1.2.5 錯誤代碼表
newebpay,MPG01014,網址設定錯誤,,validation,error,見藍新規格書 NDNF-1.2.5 錯誤代碼表
newebpay,MPG01015,訂單金額不可空白/設定錯誤,,validation,error,見藍新規格書 NDNF-1.2.5 錯誤代碼表
newebpay,MPG01016,檢查碼不可空白,,validation,error,見藍新規格書 NDNF-1.2.5 錯誤代碼表
newebpay,MPG01017,商品資訊不可空白,,validation,error,見藍新規格書 NDNF-1.2.5 錯誤代碼表
newebpay,MPG01018,繳費有效期限設定錯誤,,validation,error,見藍新規格書 NDNF-1.2.5 錯誤代碼表
newebpay,MPG01023,交易加密資料不可空白,,validation,error,見藍新規格書 NDNF-1.2.5 錯誤代碼表
newebpay,MPG01024,交易加密SHA 資料不可空白,,validation,error,見藍新規格書 NDNF-1.2.5 錯誤代碼表
newebpay,MPG01025,金融機構格式錯誤,,validation,error,見藍新規格書 NDNF-1.2.5 錯誤代碼表
newebpay,MPG01026,金融機構格式錯誤，不接受XXX 參數,,validation,error,見藍新規格書 NDNF-1.2.5 錯誤代碼表
newebpay,MPG01027,一銀維護中，請選擇其他金融機構,,validation,error,見藍新規格書 NDNF-1.2.5 錯誤代碼表
newebpay,MPG01028,訂單細項格式錯誤,,validation,error,見藍新規格書 NDNF-1.2.5 錯誤代碼表
newebpay,MPG01029,訂單金額與訂單細項總金額不相符,,validation,error,Amt 須等於訂單細項總金額
newebpay,MPG01030,訂單細項品項編號不可重複,,validation,error,見藍新規格書 NDNF-1.2.5 錯誤代碼表
newebpay,MPG02001,檢查碼錯誤,,auth,error,"TradeSha 錯誤：SHA256(""HashKey={key}&{TradeInfo}&HashIV={iv}"") 轉大寫；確認 HashKey/HashIV"
newebpay,MPG02002,查無商店開啟任何金流服務,,auth,error,見藍新規格書 NDNF-1.2.5 錯誤代碼表
newebpay,MPG02003,支付方式未啟用，請洽客服中心,,auth,error,見藍新規格書 NDNF-1.2.5 錯誤代碼表
newebpay,MPG02004,匯率時間戳記不存在，請確認,,auth,error,見藍新規格書 NDNF-1.2.5 錯誤代碼表
newebpay,MPG02005,驗證資料錯誤(來源不合法),,auth,error,見藍新規格書 NDNF-1.2.5 錯誤代碼表
newebpay,MPG02006,信用卡收單機構系統發生異常，請洽客服中心,,auth,error,見藍新規格書 NDNF-1.2.5 錯誤代碼表
newebpay,MPG02007,本商店強制指定需檢核轉出行，請先啟用智慧,,auth,error,見藍新規格書 NDNF-1.2.5 錯誤代碼表
newebpay,MPG02008,SourceType 參數錯誤，本商店強制指定需檢核,,auth,error,見藍新規格書 NDNF-1.2.5 錯誤代碼表
newebpay,MPG02009,不可修改銀行代號與帳號時，須提供指定轉帳,,auth,error,見藍新規格書 NDNF-1.2.5 錯誤代碼表
newebpay,MPG02010,此版本不支援，請升級至v2.3,,auth,error,見藍新規格書 NDNF-1.2.5 錯誤代碼表
newebpay,MPG03001,FormPost 加密失敗,,system,error,見藍新規格書 NDNF-1.2.5 錯誤代碼表
newebpay,MPG03002,拒絕交易 IP,,system,error,見藍新規格書 NDNF-1.2.5 錯誤代碼表
newebpay,MPG03003,IP 交易次數限制,,system,error,見藍新規格書 NDNF-1.2.5 錯誤代碼表
newebpay,MPG03004,商店狀態已被暫停或是關閉，無法進行交易,,system,error,見藍新規格書 NDNF-1.2.5 錯誤代碼表
newebpay,MPG03005,回傳參數資料不存在/解密失敗,,system,error,見藍新規格書 NDNF-1.2.5 錯誤代碼表
newebpay,MPG03006,回傳參數資料不存在/解密失敗,,system,error,見藍新規格書 NDNF-1.2.5 錯誤代碼表
newebpay,MPG03007,該筆訂單交易資訊不存在，請重新交易,,system,error,見藍新規格書 NDNF-1.2.5 錯誤代碼表
newebpay,MPG03008,已存在相同的商店訂單編號,,system,error,MerchantOrderNo 不可重複
newebpay,MPG03009,交易失敗,,system,error,交易失敗，依 Message 判斷原因
newebpay,MPG03010,驗證資料不存在或錯誤,,system,error,見藍新規格書 NDNF-1.2.5 錯誤代碼表
newebpay,MPG03011,訂單資料已不存在，請重新交易,,system,error,見藍新規格書 NDNF-1.2.5 錯誤代碼表
newebpay,MPG05001,未有信用卡驗證資料,,payment,error,見藍新規格書 NDNF-1.2.5 錯誤代碼表
newebpay,MPG05002,信用卡卡號長度不足,,payment,error,見藍新規格書 NDNF-1.2.5 錯誤代碼表
newebpay,MPG05003,此信用卡不支援一次付清，請改用可一次付清,,payment,error,見藍新規格書 NDNF-1.2.5 錯誤代碼表
newebpay,MPG05004,發卡行暫時無法提供信用卡分期付款服務,,payment,error,見藍新規格書 NDNF-1.2.5 錯誤代碼表
newebpay,MPG05005,警示交易,,payment,error,見藍新規格書 NDNF-1.2.5 錯誤代碼表
newebpay,MPG05006,物流設定參數[LgsType]錯誤,,payment,error,見藍新規格書 NDNF-1.2.5 錯誤代碼表
newebpay,MPG05007,請開啟其他支付方式,,payment,error,見藍新規格書 NDNF-1.2.5 錯誤代碼表
newebpay,MPG05008,因金額限制關係，無法使用物流服務,,payment,error,見藍新規格書 NDNF-1.2.5 錯誤代碼表
newebpay,TRA10001,商店資料取得失敗,,request,error,見藍新規格書 NDNF-1.2.5 錯誤代碼表
newebpay,TRA10003,金額必須為數字,,request,error,見藍新規格書 NDNF-1.2.5 錯誤代碼表
newebpay,TRA10008,資料加密錯誤,,request,error,見藍新規格書 NDNF-1.2.5 錯誤代碼表
newebpay,TRA10009,商店代號不可空白,,request,error,見藍新規格書 NDNF-1.2.5 錯誤代碼表
newebpay,TRA10012,商店代號停用,,request,error,見藍新規格書 NDNF-1.2.5 錯誤代碼表
newebpay,TRA10013,商店信用卡資格停用,,request,error,見藍新規格書 NDNF-1.2.5 錯誤代碼表
newebpay,TRA10015,網路連線失敗,,request,error,見藍新規格書 NDNF-1.2.5 錯誤代碼表
newebpay,TRA10018,資料不足,,request,error,見藍新規格書 NDNF-1.2.5 錯誤代碼表
newebpay,TRA10021,查無該筆交易或該筆交易不為信用卡交易,,request,error,見藍新規格書 NDNF-1.2.5 錯誤代碼表
newebpay,TRA10026,此訂單非授權成功狀態，不可請款,,request,error,見藍新規格書 NDNF-1.2.5 錯誤代碼表
newebpay,TRA10027,此訂單已申請過請款，不可重覆請款,,request,error,見藍新規格書 NDNF-1.2.5 錯誤代碼表
newebpay,TRA10028,請退款金額超過授權金額，請確認,,request,error,見藍新規格書 NDNF-1.2.5 錯誤代碼表
newebpay,TRA10029,請款超過授權日N 天，已不得請(退)款,,request,error,見藍新規格書 NDNF-1.2.5 錯誤代碼表
newebpay,TRA10030,請款/退款資料新增失敗,,request,error,見藍新規格書 NDNF-1.2.5 錯誤代碼表
newebpay,TRA10031,銀聯卡交易只接受全額請退款,,request,error,見藍新規格書 NDNF-1.2.5 錯誤代碼表
newebpay,TRA10032,單號類型只能為數字1 或2,,request,error,見藍新規格書 NDNF-1.2.5 錯誤代碼表
newebpay,TRA10033,選擇使用商店自訂單號不可空白,,request,error,見藍新規格書 NDNF-1.2.5 錯誤代碼表
newebpay,TRA10035,該交易非授權成功或已請款完成狀態，請確認,,request,error,見藍新規格書 NDNF-1.2.5 錯誤代碼表
newebpay,TRA10036,RespondType 欄位資料格式錯誤,,request,error,見藍新規格書 NDNF-1.2.5 錯誤代碼表
newebpay,TRA10037,商家自訂單號錯誤，只允許英數字及_符號,,request,error,見藍新規格書 NDNF-1.2.5 錯誤代碼表
newebpay,TRA10038,選擇使用系統單號格式錯誤,,request,error,見藍新規格書 NDNF-1.2.5 錯誤代碼表
newebpay,TRA10039,退款金額已超過請款金額，請確認,,request,error,見藍新規格書 NDNF-1.2.5 錯誤代碼表
newebpay,TRA10041,網址格式錯誤,,request,error,見藍新規格書 NDNF-1.2.5 錯誤代碼表
newebpay,TRA10045,該筆交易正在退款中或退款失敗,,request,error,見藍新規格書 NDNF-1.2.5 錯誤代碼表
newebpay,TRA10046,該筆交易撥款狀態異常，無法執行退款,,request,error,見藍新規格書 NDNF-1.2.5 錯誤代碼表
newebpay,TRA10047,該交易不為授權成功狀態，不可放棄授權,,request,error,見藍新規格書 NDNF-1.2.5 錯誤代碼表
newebpay,TRA10048,該交易正在請款狀態,,request,error,見藍新規格書 NDNF-1.2.5 錯誤代碼表
newebpay,TRA10049,該交易正在退款狀態,,request,error,見藍新規格書 NDNF-1.2.5 錯誤代碼表
newebpay,TRA10050,金額不符,,request,error,見藍新規格書 NDNF-1.2.5 錯誤代碼表
newebpay,TRA10051,取消授權失敗,,request,error,見藍新規格書 NDNF-1.2.5 錯誤代碼表
newebpay,TRA10054,檢查碼CheckValue 有錯誤,,request,error,"CheckValue 錯誤：SHA256(""IV={iv}&Amt=..&MerchantID=..&MerchantOrderNo=..&Key={key}"") 轉大寫"
newebpay,TRA10058,動態貨幣轉換交易只接授全額請款,,request,error,見藍新規格書 NDNF-1.2.5 錯誤代碼表
newebpay,TRA10070,銀聯卡交易無需請款,,request,error,見藍新規格書 NDNF-1.2.5 錯誤代碼表
newebpay,TRA10071,因查無交易資料次數已達上限，已鎖定交易查,,request,error,見藍新規格書 NDNF-1.2.5 錯誤代碼表
newebpay,TRA10077,只能退未撥金額,,request,error,見藍新規格書 NDNF-1.2.5 錯誤代碼表
newebpay,TRA10094,資料取消失敗,,request,error,見藍新規格書 NDNF-1.2.5 錯誤代碼表
newebpay,TRA10095,此筆交易已過關帳時間，不可取消,,request,error,見藍新規格書 NDNF-1.2.5 錯誤代碼表
newebpay,TRA10678,銀聯卡退款失敗,,request,error,見藍新規格書 NDNF-1.2.5 錯誤代碼表
newebpay,TRA10675,紅利交易只接授全額請退款,,request,error,見藍新規格書 NDNF-1.2.5 錯誤代碼表
newebpay,TRA10702,因達到執行請退款筆數上限，您的商店暫時無,,request,error,見藍新規格書 NDNF-1.2.5 錯誤代碼表
newebpay,TRA11002,因失敗過多您的商店暫時無法使用本功能,,request,error,見藍新規格書 NDNF-1.2.5 錯誤代碼表
newebpay,TRA20001,金融機構取消授權批次處理中,,request,info,非錯誤：取消授權需由金融機構批次處理，稍後以查詢確認
newebpay,TRA20002,查無交易資料,,request,error,見藍新規格書 NDNF-1.2.5 錯誤代碼表
newebpay,TRA20004,商店訂單編號重覆,,request,error,見藍新規格書 NDNF-1.2.5 錯誤代碼表
newebpay,TRA20011,該筆交易已請款,,request,error,見藍新規格書 NDNF-1.2.5 錯誤代碼表
newebpay,TRA20027,此訂單已申請過退款，退款中,,request,error,見藍新規格書 NDNF-1.2.5 錯誤代碼表
newebpay,TRA20028,可退款金額不足，請查看常見問題 https://,,request,error,見藍新規格書 NDNF-1.2.5 錯誤代碼表
newebpay,TRA40014,TimeStamp 欄位錯誤,,request,error,見藍新規格書 NDNF-1.2.5 錯誤代碼表
newebpay,MPG05009,超商取貨服務未啟用[服務型態]請洽客服中心,,payment,error,服務型態：取貨付款、取貨不付款；見藍新規格書 NDNF-1.2.5 錯誤代碼表
newebpay,ACC10005,會員已被暫時停權/永久停權，請洽藍新金流客服中心查詢,,auth,error,見藍新規格書 NDNF-1.2.5 錯誤代碼表
newebpay,MEM40008,必填欄位資料不可空白,,validation,error,會提示空白欄位；見藍新規格書 NDNF-1.2.5 錯誤代碼表
newebpay,MEM40012,必填欄位資料傳遞錯誤,,validation,error,PostData_ 空白；見藍新規格書 NDNF-1.2.5 錯誤代碼表
newebpay,MEM40013,必填欄位資料不齊全,,validation,error,會提示空白欄位；見藍新規格書 NDNF-1.2.5 錯誤代碼表
newebpay,MEM40014,傳送時間錯誤,,request,error,見藍新規格書 NDNF-1.2.5 錯誤代碼表
newebpay,NOR1001,連線異常,,system,error,見藍新規格書 NDNF-1.2.5 錯誤代碼表
newebpay,1101,退款失敗,,request,error,見藍新規格書 NDNF-1.2.5 錯誤代碼表
newebpay,1102,查無商店,,request,error,見藍新規格書 NDNF-1.2.5 錯誤代碼表
newebpay,1103,查無訂單資料,,request,error,見藍新規格書 NDNF-1.2.5 錯誤代碼表
newebpay,1104,訂單狀態不為可請/退款狀態,,request,error,見藍新規格書 NDNF-1.2.5 錯誤代碼表
newebpay,1105,可退金額不足,,request,error,見藍新規格書 NDNF-1.2.5 錯誤代碼表
newebpay,1106,錢包類型不符,,request,error,見藍新規格書 NDNF-1.2.5 錯誤代碼表
newebpay,1107,尚未請款,,request,error,見藍新規格書 NDNF-1.2.5 錯誤代碼表
newebpay,1108,僅支援全額退款,,request,error,見藍新規格書 NDNF-1.2.5 錯誤代碼表
newebpay,1109,退款交易申請中，請稍後,,request,error,見藍新規格書 NDNF-1.2.5 錯誤代碼表
newebpay,1110,商店支付方式未啟用,,request,error,見藍新規格書 NDNF-1.2.5 錯誤代碼表
newebpay,1111,查詢商店閘道設定，查無資料,,request,error,見藍新規格書 NDNF-1.2.5 錯誤代碼表
newebpay,1116,可退款金額不足,,request,error,見 https://www.newebpay.com/website/Page/content/faq；見藍新規格書 NDNF-1.2.5 錯誤代碼表
newebpay,2100,最低金額為 1,,validation,error,The Amount minimum is 1；見藍新規格書 NDNF-1.2.5 錯誤代碼表
newebpay,4101,EncryptData_ 不可為空白,,validation,error,見藍新規格書 NDNF-1.2.5 錯誤代碼表
newebpay,4102,HashData_ 不可為空白,,validation,error,見藍新規格書 NDNF-1.2.5 錯誤代碼表
newebpay,4103,HashData_ 資料檢查不符合,,auth,error,見藍新規格書 NDNF-1.2.5 錯誤代碼表
newebpay,4104,加密資料有誤，請確認 Hash_Key 與 Hash_IV 是否正確,,auth,error,見藍新規格書 NDNF-1.2.5 錯誤代碼表
newebpay,4105,TimeStamp 為空,,validation,error,見藍新規格書 NDNF-1.2.5 錯誤代碼表
newebpay,4106,UID_ 不可為空白,,validation,error,見藍新規格書 NDNF-1.2.5 錯誤代碼表
newebpay,9000,網路連線失敗,,system,error,見藍新規格書 NDNF-1.2.5 錯誤代碼表
newebpay,NOR10001,連線異常,,system,error,見藍新規格書 NDNP-1.0.8（信用卡定期定額）錯誤代碼表
newebpay,PER10001,商店資料取得失敗,,request,error,見藍新規格書 NDNP-1.0.8（信用卡定期定額）錯誤代碼表
newebpay,PER10002,資料解密錯誤,,validation,error,見藍新規格書 NDNP-1.0.8（信用卡定期定額）錯誤代碼表
newebpay,PER10003,POST 資料傳遞錯誤,,validation,error,見藍新規格書 NDNP-1.0.8（信用卡定期定額）錯誤代碼表
newebpay,PER10004,OOO 資料不齊全 (OOO 帶入缺少參數),,validation,error,見藍新規格書 NDNP-1.0.8（信用卡定期定額）錯誤代碼表
newebpay,PER10005,資料不可空白,,validation,error,見藍新規格書 NDNP-1.0.8（信用卡定期定額）錯誤代碼表
newebpay,PER10006,商品名稱不得含有 JavaScript 語法、CSS 語法,,validation,error,見藍新規格書 NDNP-1.0.8（信用卡定期定額）錯誤代碼表
newebpay,PER10007,委託金額格式不對，金額必須為數字 委託金額超過單筆金額上限,,validation,error,見藍新規格書 NDNP-1.0.8（信用卡定期定額）錯誤代碼表
newebpay,PER10008,委託金額不能為零。 本 API 限定為線上商店使用，如需使用請洽客服人員。,,validation,error,見藍新規格書 NDNP-1.0.8（信用卡定期定額）錯誤代碼表
newebpay,PER10009,"週期設定錯誤! (W=週,M=月,Y=年)",,validation,error,見藍新規格書 NDNP-1.0.8（信用卡定期定額）錯誤代碼表
newebpay,PER10010,商店訂單編號錯誤，只允許英數與底線,,validation,error,見藍新規格書 NDNP-1.0.8（信用卡定期定額）錯誤代碼表
newebpay,PER10011,商店訂單編號長度限制為 30 字,,validation,error,見藍新規格書 NDNP-1.0.8（信用卡定期定額）錯誤代碼表
newebpay,PER10012,回傳格式錯誤，只接受 JSON 或 String,,validation,error,見藍新規格書 NDNP-1.0.8（信用卡定期定額）錯誤代碼表
newebpay,PER10013,日期授權時間資料不正確，日期格式為 2 到 364 週期授權時間資料不正確，日期格式為 1 到 7(長度不符),,validation,error,見藍新規格書 NDNP-1.0.8（信用卡定期定額）錯誤代碼表
newebpay,PER10014,週期授權時間資料不正確，日期格式為 1 到 7(長度不符),,validation,error,見藍新規格書 NDNP-1.0.8（信用卡定期定額）錯誤代碼表
newebpay,PER10015,月期授權時間資料不正確，日期格式為 01 到 31,,validation,error,見藍新規格書 NDNP-1.0.8（信用卡定期定額）錯誤代碼表
newebpay,PER10016,月期授權時間資料不正確，日期格式為 01 到 31(長度不符),,validation,error,見藍新規格書 NDNP-1.0.8（信用卡定期定額）錯誤代碼表
newebpay,PER10017,年期授權時間資料不正確，日期格式為 01 到 12,,validation,error,見藍新規格書 NDNP-1.0.8（信用卡定期定額）錯誤代碼表
newebpay,PER10018,年期授權時間資料不正確，日期格式為 01 到 31,,validation,error,見藍新規格書 NDNP-1.0.8（信用卡定期定額）錯誤代碼表
newebpay,PER10019,定期授權時間資料不正確，無該日期,,validation,error,見藍新規格書 NDNP-1.0.8（信用卡定期定額）錯誤代碼表
newebpay,PER10020,首期授權模式設定錯誤(1-3)，請檢查,,validation,error,見藍新規格書 NDNP-1.0.8（信用卡定期定額）錯誤代碼表
newebpay,PER10021,備註說明不得含有 JavaScript 語法、CSS 語法,,validation,error,見藍新規格書 NDNP-1.0.8（信用卡定期定額）錯誤代碼表
newebpay,PER10022,授權期數格式不對，必須為數字,,validation,error,見藍新規格書 NDNP-1.0.8（信用卡定期定額）錯誤代碼表
newebpay,PER10023,授權期數不能為零,,validation,error,見藍新規格書 NDNP-1.0.8（信用卡定期定額）錯誤代碼表
newebpay,PER10024,授權期數不能多於 99 次,,validation,error,見藍新規格書 NDNP-1.0.8（信用卡定期定額）錯誤代碼表
newebpay,PER10025,返回商店網址格式錯誤,,validation,error,見藍新規格書 NDNP-1.0.8（信用卡定期定額）錯誤代碼表
newebpay,PER10026,每期授權通知網址格式錯誤,,validation,error,見藍新規格書 NDNP-1.0.8（信用卡定期定額）錯誤代碼表
newebpay,PER10027,是否開啟付款人資訊設定錯誤,,validation,error,見藍新規格書 NDNP-1.0.8（信用卡定期定額）錯誤代碼表
newebpay,PER10028,付款人電子信箱格式錯誤 商品名稱僅限制使用中文、英文、數字、空格及底線，請勿使用其他符 號字,,validation,error,見藍新規格書 NDNP-1.0.8（信用卡定期定額）錯誤代碼表
newebpay,PER10029,商店代號停用,,request,error,見藍新規格書 NDNP-1.0.8（信用卡定期定額）錯誤代碼表
newebpay,PER10030,商店信用卡資格停用,,request,error,見藍新規格書 NDNP-1.0.8（信用卡定期定額）錯誤代碼表
newebpay,PER10031,商店定期定額資格停用,,request,error,見藍新規格書 NDNP-1.0.8（信用卡定期定額）錯誤代碼表
newebpay,PER10032,該訂單編號已重覆,,request,error,見藍新規格書 NDNP-1.0.8（信用卡定期定額）錯誤代碼表
newebpay,PER10033,寫入委託單失敗,,request,error,見藍新規格書 NDNP-1.0.8（信用卡定期定額）錯誤代碼表
newebpay,PER10034,授權失敗，委託單建立失敗,,request,error,見藍新規格書 NDNP-1.0.8（信用卡定期定額）錯誤代碼表
newebpay,PER10035,委託單更新授權結果失敗,,request,error,見藍新規格書 NDNP-1.0.8（信用卡定期定額）錯誤代碼表
newebpay,PER10036,驗證資料錯誤(來源不合法),,validation,error,見藍新規格書 NDNP-1.0.8（信用卡定期定額）錯誤代碼表
newebpay,PER10037,付款頁參數不足,,request,error,見藍新規格書 NDNP-1.0.8（信用卡定期定額）錯誤代碼表
newebpay,PER10038,商品名稱僅限制使用中文、英文、數字、空格及底線，請勿使用其他符 號字元,,validation,error,見藍新規格書 NDNP-1.0.8（信用卡定期定額）錯誤代碼表
newebpay,PER10041,第一期發動日日期不正確,,validation,error,見藍新規格書 NDNP-1.0.8（信用卡定期定額）錯誤代碼表
newebpay,PER10061,該定期定額委託單為暫停狀態，無法重複暫停,,request,error,見藍新規格書 NDNP-1.0.8（信用卡定期定額）錯誤代碼表
newebpay,PER10062,該定期定額委託單為終止狀態，無法暫停,,request,error,見藍新規格書 NDNP-1.0.8（信用卡定期定額）錯誤代碼表
newebpay,PER10063,該定期定額委託單為啟用狀態，無法重複啟用,,request,error,見藍新規格書 NDNP-1.0.8（信用卡定期定額）錯誤代碼表
newebpay,PER10064,該定期定額委託單為終止狀態，無法啟用,,request,error,見藍新規格書 NDNP-1.0.8（信用卡定期定額）錯誤代碼表
newebpay,PER10065,該定期定額委託單為終止狀態，無法重複終止,,request,error,見藍新規格書 NDNP-1.0.8（信用卡定期定額）錯誤代碼表
newebpay,PER10066,Version 參數錯誤,,validation,error,見藍新規格書 NDNP-1.0.8（信用卡定期定額）錯誤代碼表
newebpay,PER10067,查無委託單資料,,request,error,見藍新規格書 NDNP-1.0.8（信用卡定期定額）錯誤代碼表
newebpay,PER10068,委託單狀態更新失敗,,request,error,見藍新規格書 NDNP-1.0.8（信用卡定期定額）錯誤代碼表
newebpay,PER10071,該定期定額委託單已暫停無法修改。,,request,error,見藍新規格書 NDNP-1.0.8（信用卡定期定額）錯誤代碼表
newebpay,PER10072,定期定額委託單為終止狀態無法修改。,,request,error,見藍新規格書 NDNP-1.0.8（信用卡定期定額）錯誤代碼表
newebpay,PER10073,此 IP 不允許執行變更該委託單狀態,,request,error,見藍新規格書 NDNP-1.0.8（信用卡定期定額）錯誤代碼表
newebpay,PER10074,本 API 需由藍新金流審核通過後才得以使用 ， 若有串接需求請聯繫客戶 服務中心或商務經理。,,request,error,見藍新規格書 NDNP-1.0.8（信用卡定期定額）錯誤代碼表
newebpay,PER10075,該委託單已到期,,request,error,見藍新規格書 NDNP-1.0.8（信用卡定期定額）錯誤代碼表
newebpay,PER10076,信用卡到期日參數錯誤,,validation,error,見藍新規格書 NDNP-1.0.8（信用卡定期定額）錯誤代碼表
newebpay,PER10078,警示交易,,request,error,見藍新規格書 NDNP-1.0.8（信用卡定期定額）錯誤代碼表
newebpay,TRA10043,卡片到期日格式錯誤,,validation,error,見藍新規格書 NDNP-1.0.8（信用卡定期定額）錯誤代碼表
smilepay,1,取號／建立成功,Success,success,info,只有 1 代表成功；其他值以 Desc 判讀（速買配未公開金流錯誤代碼表）
pchomepay,10001,APPID 和 Secret 錯誤,invalid user password,auth,error,見 PChomePay API 文件「7. 錯誤代碼」
pchomepay,10002,不被允許的 IP 位址,Server IP not allow,auth,error,見 PChomePay API 文件「7. 錯誤代碼」
pchomepay,10003,token 錯誤,invalid token,auth,error,見 PChomePay API 文件「7. 錯誤代碼」
pchomepay,10004,token 逾期,token expired,auth,error,見 PChomePay API 文件「7. 錯誤代碼」
pchomepay,10006,未設定 notifyURL 或 returnURL,api client has not set notifyURL or returnURL yet,auth,error,見 PChomePay API 文件「7. 錯誤代碼」
pchomepay,10007,會員帳號無法使用功能服務,"you are temporarily unable to perform this function, please contact customer service",auth,error,見 PChomePay API 文件「7. 錯誤代碼」
pchomepay,20001,訂單編號不可重複,order id duplicate,validation,error,見 PChomePay API 文件「7. 錯誤代碼」
pchomepay,20002,訂單不存在,order not exists,validation,error,見 PChomePay API 文件「7. 錯誤代碼」
pchomepay,20003,付款類別錯誤,pay type not support,validation,error,見 PChomePay API 文件「7. 錯誤代碼」
pchomepay,20005,參數錯誤,params is not valid,validation,error,見 PChomePay API 文件「7. 錯誤代碼」
pchomepay,20006,信用卡分期的商品金額須為 30 元以上,"When the credit card installments, the amount of orders can not be less than 30",validation,error,見 PChomePay API 文件「7. 錯誤代碼」
pchomepay,20007,目前無法查詢當日資料,It not allow to check today's data,validation,error,見 PChomePay API 文件「7. 錯誤代碼」
pchomepay,20008,商品名稱超過字數限制,order items string too long,validation,error,見 PChomePay API 文件「7. 錯誤代碼」
pchomepay,20009,請求格式不是 JSON 格式,Request data is not a json structure data,validation,error,見 PChomePay API 文件「7. 錯誤代碼」
pchomepay,20011,銀行代號或銀行帳戶不存在,bank code or bank account not exists.,validation,error,見 PChomePay API 文件「7. 錯誤代碼」
pchomepay,20013,ATM 銀行代碼錯誤,ATM bank code invalid,validation,error,見 PChomePay API 文件「7. 錯誤代碼」
pchomepay,20014,未設定超商退貨門市,cvs setting error.,validation,error,見 PChomePay API 文件「7. 錯誤代碼」
pchomepay,20019,建立拍錢包訂單失敗,create pi payment fail.,validation,error,見 PChomePay API 文件「7. 錯誤代碼」
pchomepay,20020,拍錢包收款尚未啟用,pi payment is disable,validation,error,見 PChomePay API 文件「7. 錯誤代碼」
pchomepay,20022,拍錢包訂單金額超過上限,order amount is exceeds the pi setting,validation,error,見 PChomePay API 文件「7. 錯誤代碼」
pchomepay,20023,會員帳號暫時無法使用此收款功能,function lock.,validation,error,見 PChomePay API 文件「7. 錯誤代碼」
pchomepay,20025,移除記憶信用卡失敗,remove card info fail.,validation,error,見 PChomePay API 文件「7. 錯誤代碼」
pchomepay,20030,平台代碼錯誤,platform code not accept,validation,error,見 PChomePay API 文件「7. 錯誤代碼」
pchomepay,20031,暫時無法建立信用卡分期付款訂單,Currently unable to create installment payment orders.,validation,error,見 PChomePay API 文件「7. 錯誤代碼」
pchomepay,40001,ATM 逾期錯誤,invalid atm expire date,payment,error,見 PChomePay API 文件「7. 錯誤代碼」
pchomepay,40003,會員帳號暫時無法此功使用,function lock.,payment,error,見 PChomePay API 文件「7. 錯誤代碼」
pchomepay,40005,餘額不足,member balance not enough.,payment,error,見 PChomePay API 文件「7. 錯誤代碼」
pchomepay,50001,退款編號不可重複,Refund id is duplicate.,refund,error,見 PChomePay API 文件「7. 錯誤代碼」
pchomepay,50002,該筆訂單並未成功付款，無法退款,"The order is not confirm yet, refund can't be execute",refund,error,見 PChomePay API 文件「7. 錯誤代碼」
pchomepay,50003,訂單編號不存在,"The order is not found, order id might invalid",refund,error,見 PChomePay API 文件「7. 錯誤代碼」
pchomepay,50004,退款金額需大於 0,Refund amount must bigger than 0,refund,error,見 PChomePay API 文件「7. 錯誤代碼」
pchomepay,50005,帳戶餘額不足以退款,Your balance is not enough to refund,refund,error,見 PChomePay API 文件「7. 錯誤代碼」
pchomepay,50006,查無此退款編號之資料,Can not find the information of the refund id,refund,error,見 PChomePay API 文件「7. 錯誤代碼」
pchomepay,50007,信用卡分期之退款只能全額退，不支援部分退款,Order payed by credit card with installment can only refund with full order amount only.,refund,error,見 PChomePay API 文件「7. 錯誤代碼」
pchomepay,50009,ATM 退款資訊未備齊，請隔日再試,The atm refund data is not ready. Please send the refund request later,refund,error,見 PChomePay API 文件「7. 錯誤代碼」
pchomepay,50010,訂單已失敗，不可退款,"The order is failed, refund can't be execute",refund,error,見 PChomePay API 文件「7. 錯誤代碼」
pchomepay,50011,退款金額必須與訂單金額相同,Refund amount must equal to order amount,refund,error,見 PChomePay API 文件「7. 錯誤代碼」
pchomepay,50012,訂單已退款,The order is already refund,refund,error,見 PChomePay API 文件「7. 錯誤代碼」
pchomepay,50013,訂單目前不能退款,The order is not allow to refund,refund,error,見 PChomePay API 文件「7. 錯誤代碼」
pchomepay,50014,訂單不支援此退款方式,The pay type is not allow to refund,refund,error,見 PChomePay API 文件「7. 錯誤代碼」
pchomepay,50015,建立拍錢包退款失敗,Call Pi refund API error.,refund,error,見 PChomePay API 文件「7. 錯誤代碼」
pchomepay,50016,原付款行不支援退回原帳戶,Bank code not support atm refund.,refund,error,見 PChomePay API 文件「7. 錯誤代碼」
pchomepay,70001,本行提領金額需 > 1元,withdraw must be bigger than 10 dollars,system,error,見 PChomePay API 文件「7. 錯誤代碼」
pchomepay,70003,提領金額超過可提領餘額,withdraw amount is over than available balance,system,error,見 PChomePay API 文件「7. 錯誤代碼」
pchomepay,70004,提領金額超過本日提領額度上限,withdraw amount is over than withdraw daily limit,system,error,見 PChomePay API 文件「7. 錯誤代碼」
pchomepay,70005,提領銀行尚未設定,information of bank to withdraw is not set yet,system,error,見 PChomePay API 文件「7. 錯誤代碼」
pchomepay,70006,會員帳號暫時無法使用提領功能,function lock.,system,error,見 PChomePay API 文件「7. 錯誤代碼」
pchomepay,90001,物流狀態錯誤,invalid status,logistics,error,見 PChomePay API 文件「7. 錯誤代碼」
pchomepay,90002,物流狀態歷程不存在,logistic status history not found,logistics,error,見 PChomePay API 文件「7. 錯誤代碼」
pchomepay,90004,列印交寄單失敗,Print delivery note fail.,logistics,error,見 PChomePay API 文件「7. 錯誤代碼」
ezpay,SCTE0001,Version 不得為空,,validation,error,ezPay 電子支付平台手冊 W1.0.2「十一、錯誤代碼」（訂單建立 API）
ezpay,SCTE0002,Version 錯誤,,validation,error,ezPay 電子支付平台手冊 W1.0.2「十一、錯誤代碼」（訂單建立 API）
ezpay,SCTE0003,APIID 不得為空,,validation,error,ezPay 電子支付平台手冊 W1.0.2「十一、錯誤代碼」（訂單建立 API）
ezpay,SCTE0004,APIID 錯誤,,validation,error,ezPay 電子支付平台手冊 W1.0.2「十一、錯誤代碼」（訂單建立 API）
ezpay,SCTE0005,UID 不得為空,,validation,error,ezPay 電子支付平台手冊 W1.0.2「十一、錯誤代碼」（訂單建立 API）
ezpay,SCTE0006,EncryptData 不得為空,,validation,error,ezPay 電子支付平台手冊 W1.0.2「十一、錯誤代碼」（訂單建立 API）
ezpay,SCTE0007,HashData 不得為空,,validation,error,ezPay 電子支付平台手冊 W1.0.2「十一、錯誤代碼」（訂單建立 API）
ezpay,SCTE0008,UID 錯誤,,validation,error,ezPay 電子支付平台手冊 W1.0.2「十一、錯誤代碼」（訂單建立 API）
ezpay,SCTE0009,HashData 錯誤,,validation,error,ezPay 電子支付平台手冊 W1.0.2「十一、錯誤代碼」（訂單建立 API）
ezpay,SCTE0010,商店不為啟用狀態,,validation,error,ezPay 電子支付平台手冊 W1.0.2「十一、錯誤代碼」（訂單建立 API）
ezpay,SCTE9999,系統異常,,system,error,ezPay 電子支付平台手冊 W1.0.2「十一、錯誤代碼」（訂單建立 API）
ezpay,SCTE0301,TimeStamp 錯誤,,business,error,ezPay 電子支付平台手冊 W1.0.2「十一、錯誤代碼」（訂單建立 API）
ezpay,SCTE0302,Mode 錯誤,,business,error,ezPay 電子支付平台手冊 W1.0.2「十一、錯誤代碼」（訂單建立 API）
ezpay,SCTE0303,Mode 為 1 MerchantOrderNo 不得為空值,,business,error,ezPay 電子支付平台手冊 W1.0.2「十一、錯誤代碼」（訂單建立 API）
ezpay,SCTE0304,Mode 為 3 MerchantOrderNo 不得為空值,,business,error,ezPay 電子支付平台手冊 W1.0.2「十一、錯誤代碼」（訂單建立 API）
ezpay,SCTE0305,Mode 為 2 MerchantOrderNo 必須為空值,,business,error,ezPay 電子支付平台手冊 W1.0.2「十一、錯誤代碼」（訂單建立 API）
ezpay,SCTE0306,Mode 為 4 MerchantOrderNo 必須為空值,,business,error,ezPay 電子支付平台手冊 W1.0.2「十一、錯誤代碼」（訂單建立 API）
ezpay,SCTE0307,Mode 為 1 OrderAmt 不得為空值,,business,error,ezPay 電子支付平台手冊 W1.0.2「十一、錯誤代碼」（訂單建立 API）
ezpay,SCTE0308,Mode 為 2 OrderAmt 不得為空值,,business,error,ezPay 電子支付平台手冊 W1.0.2「十一、錯誤代碼」（訂單建立 API）
ezpay,SCTE0309,Mode 為 3 OrderAmt 必須為空值,,business,error,ezPay 電子支付平台手冊 W1.0.2「十一、錯誤代碼」（訂單建立 API）
ezpay,SCTE0310,Mode 為 4 OrderAmt 必須為空值,,business,error,ezPay 電子支付平台手冊 W1.0.2「十一、錯誤代碼」（訂單建立 API）
ezpay,SCTE0311,Template 錯誤,,business,error,ezPay 電子支付平台手冊 W1.0.2「十一、錯誤代碼」（訂單建立 API）
ezpay,SCTE0312,LangType 錯誤,,business,error,ezPay 電子支付平台手冊 W1.0.2「十一、錯誤代碼」（訂單建立 API）
ezpay,SCTE0313,TWQRLifeTime 錯誤,,business,error,ezPay 電子支付平台手冊 W1.0.2「十一、錯誤代碼」（訂單建立 API）
ezpay,SCTE0314,ExpireTime 錯誤,,business,error,ezPay 電子支付平台手冊 W1.0.2「十一、錯誤代碼」（訂單建立 API）
ezpay,SCTE0315,"ExpireTime 錯誤,不可以使用過去時間",,business,error,ezPay 電子支付平台手冊 W1.0.2「十一、錯誤代碼」（訂單建立 API）
ezpay,SCTE0316,WebToAppEnabled 錯誤,,business,error,ezPay 電子支付平台手冊 W1.0.2「十一、錯誤代碼」（訂單建立 API）
ezpay,SCTE0317,MerchantOrderNo 錯誤,,business,error,ezPay 電子支付平台手冊 W1.0.2「十一、錯誤代碼」（訂單建立 API）
ezpay,SCTE0318,NotifyURL 錯誤,,business,error,ezPay 電子支付平台手冊 W1.0.2「十一、錯誤代碼」（訂單建立 API）
ezpay,SCTE0319,ReturnURL 錯誤,,business,error,ezPay 電子支付平台手冊 W1.0.2「十一、錯誤代碼」（訂單建立 API）
ezpay,SCTE0320,ClientBackURL 錯誤,,business,error,ezPay 電子支付平台手冊 W1.0.2「十一、錯誤代碼」（訂單建立 API）
ezpay,SCTE0321,Currency 錯誤,,business,error,ezPay 電子支付平台手冊 W1.0.2「十一、錯誤代碼」（訂單建立 API）
ezpay,SCTE0322,OrgOrderAmt 錯誤,,business,error,ezPay 電子支付平台手冊 W1.0.2「十一、錯誤代碼」（訂單建立 API）
ezpay,SCTE0323,OrderAmt 錯誤,,business,error,ezPay 電子支付平台手冊 W1.0.2「十一、錯誤代碼」（訂單建立 API）
ezpay,SCTE0324,應付金額不得大於原始訂單金額,,business,error,ezPay 電子支付平台手冊 W1.0.2「十一、錯誤代碼」（訂單建立 API）
ezpay,SCTE0325,ItemDesc 錯誤,,business,error,ezPay 電子支付平台手冊 W1.0.2「十一、錯誤代碼」（訂單建立 API）
ezpay,SCTE0361,TWQRLifeTime 設定超出上限範圍,,business,error,ezPay 電子支付平台手冊 W1.0.2「十一、錯誤代碼」（訂單建立 API）
ezpay,SCTE0362,MerchantOrderNo 長度過長,,business,error,ezPay 電子支付平台手冊 W1.0.2「十一、錯誤代碼」（訂單建立 API）
ezpay,SCTE0363,NotifyURL 長度過長,,business,error,ezPay 電子支付平台手冊 W1.0.2「十一、錯誤代碼」（訂單建立 API）
ezpay,SCTE0364,ReturnURL 長度過長,,business,error,ezPay 電子支付平台手冊 W1.0.2「十一、錯誤代碼」（訂單建立 API）
ezpay,SCTE0365,ClientBackURL 長度過長,,business,error,ezPay 電子支付平台手冊 W1.0.2「十一、錯誤代碼」（訂單建立 API）
ezpay,SCTE0366,OrgOrderAmt 超出設定上限,,business,error,ezPay 電子支付平台手冊 W1.0.2「十一、錯誤代碼」（訂單建立 API）
ezpay,SCTE0367,OrderAmt 超出設定上限,,business,error,ezPay 電子支付平台手冊 W1.0.2「十一、錯誤代碼」（訂單建立 API）
ezpay,SCTE0368,ItemDesc 長度過長,,business,error,ezPay 電子支付平台手冊 W1.0.2「十一、錯誤代碼」（訂單建立 API）
ezpay,SCTE0601,過期時間設定超出上限範圍,,business,error,ezPay 電子支付平台手冊 W1.0.2「十一、錯誤代碼」（訂單建立 API）
ezpay,SCTE0602,商店未啟用簡單付 TWQR 交易,,business,error,ezPay 電子支付平台手冊 W1.0.2「十一、錯誤代碼」（訂單建立 API）
ezpay,SCTE0603,訂單已存在(商店訂單編號重複),,business,error,ezPay 電子支付平台手冊 W1.0.2「十一、錯誤代碼」（訂單建立 API）
ezpay,SCTE0604,交易已存在(商店訂單編號重複),,business,error,ezPay 電子支付平台手冊 W1.0.2「十一、錯誤代碼」（訂單建立 API）
ezpay,SCTE0699,訂單建立異常錯誤,,business,error,ezPay 電子支付平台手冊 W1.0.2「十一、錯誤代碼」（訂單建立 API）
ezpay,SUTR0001,Version 不得為空,,validation,error,ezPay 電子支付平台手冊 W1.0.2「十一、錯誤代碼」（訂單修改及取消 API）
ezpay,SUTR0002,Version 錯誤,,validation,error,ezPay 電子支付平台手冊 W1.0.2「十一、錯誤代碼」（訂單修改及取消 API）
ezpay,SUTR0003,APIID 不得為空,,validation,error,ezPay 電子支付平台手冊 W1.0.2「十一、錯誤代碼」（訂單修改及取消 API）
ezpay,SUTR0004,APIID 錯誤,,validation,error,ezPay 電子支付平台手冊 W1.0.2「十一、錯誤代碼」（訂單修改及取消 API）
ezpay,SUTR0005,UID 不得為空,,validation,error,ezPay 電子支付平台手冊 W1.0.2「十一、錯誤代碼」（訂單修改及取消 API）
ezpay,SUTR0006,EncryptData 不得為空,,validation,error,ezPay 電子支付平台手冊 W1.0.2「十一、錯誤代碼」（訂單修改及取消 API）
ezpay,SUTR0007,HashData 不得為空,,validation,error,ezPay 電子支付平台手冊 W1.0.2「十一、錯誤代碼」（訂單修改及取消 API）
ezpay,SUTR0008,UID 錯誤,,validation,error,ezPay 電子支付平台手冊 W1.0.2「十一、錯誤代碼」（訂單修改及取消 API）
ezpay,SUTR0009,HashData 錯誤,,validation,error,ezPay 電子支付平台手冊 W1.0.2「十一、錯誤代碼」（訂單修改及取消 API）
ezpay,SUTR0010,商店不為啟用狀態,,validation,error,ezPay 電子支付平台手冊 W1.0.2「十一、錯誤代碼」（訂單修改及取消 API）
ezpay,SUTR0111,加密資料不得為空,,validation,error,ezPay 電子支付平台手冊 W1.0.2「十一、錯誤代碼」（訂單修改及取消 API）
ezpay,SUTR0112,TimeStamp 不得為空,,validation,error,ezPay 電子支付平台手冊 W1.0.2「十一、錯誤代碼」（訂單修改及取消 API）
ezpay,SUTR0113,APIID 不得為空,,validation,error,ezPay 電子支付平台手冊 W1.0.2「十一、錯誤代碼」（訂單修改及取消 API）
ezpay,SUTR0114,Version 不得為空,,validation,error,ezPay 電子支付平台手冊 W1.0.2「十一、錯誤代碼」（訂單修改及取消 API）
ezpay,SUTR0115,UID 不得為空,,validation,error,ezPay 電子支付平台手冊 W1.0.2「十一、錯誤代碼」（訂單修改及取消 API）
ezpay,SUTR0116,Ptoken 不得為空,,validation,error,ezPay 電子支付平台手冊 W1.0.2「十一、錯誤代碼」（訂單修改及取消 API）
ezpay,SUTR0117,Ptoken 不得超過 64 字元,,validation,error,ezPay 電子支付平台手冊 W1.0.2「十一、錯誤代碼」（訂單修改及取消 API）
ezpay,SUTR0118,UpdateAction 不得為空,,validation,error,ezPay 電子支付平台手冊 W1.0.2「十一、錯誤代碼」（訂單修改及取消 API）
ezpay,SUTR0119,UpdateAction 錯誤,,validation,error,ezPay 電子支付平台手冊 W1.0.2「十一、錯誤代碼」（訂單修改及取消 API）
ezpay,SUTR0120,ExpireTime 錯誤,,validation,error,ezPay 電子支付平台手冊 W1.0.2「十一、錯誤代碼」（訂單修改及取消 API）
ezpay,SUTR0121,ExpireTime 不得使用過去時間,,validation,error,ezPay 電子支付平台手冊 W1.0.2「十一、錯誤代碼」（訂單修改及取消 API）
ezpay,SUTR0122,NotifyURL 錯誤,,validation,error,ezPay 電子支付平台手冊 W1.0.2「十一、錯誤代碼」（訂單修改及取消 API）
ezpay,SUTR0123,ReturnURL 錯誤,,validation,error,ezPay 電子支付平台手冊 W1.0.2「十一、錯誤代碼」（訂單修改及取消 API）
ezpay,SUTR0124,ClientBackURL 錯誤,,validation,error,ezPay 電子支付平台手冊 W1.0.2「十一、錯誤代碼」（訂單修改及取消 API）
ezpay,SUTR0125,更新項目不得為空,,validation,error,ezPay 電子支付平台手冊 W1.0.2「十一、錯誤代碼」（訂單修改及取消 API）
ezpay,SUTR0126,TradeNo 不得為空,,validation,error,ezPay 電子支付平台手冊 W1.0.2「十一、錯誤代碼」（訂單修改及取消 API）
ezpay,SUTR0127,TradeNo 不得超過 20 字元,,validation,error,ezPay 電子支付平台手冊 W1.0.2「十一、錯誤代碼」（訂單修改及取消 API）
ezpay,SUTR0201,訂單查詢失敗,,business,error,ezPay 電子支付平台手冊 W1.0.2「十一、錯誤代碼」（訂單修改及取消 API）
ezpay,SUTR0202,訂單 Ptoken 不相符,,business,error,ezPay 電子支付平台手冊 W1.0.2「十一、錯誤代碼」（訂單修改及取消 API）
ezpay,SUTR0203,訂單不為待付款狀態,,business,error,ezPay 電子支付平台手冊 W1.0.2「十一、錯誤代碼」（訂單修改及取消 API）
ezpay,SUTR0204,刪除訂單失敗,,business,error,ezPay 電子支付平台手冊 W1.0.2「十一、錯誤代碼」（訂單修改及取消 API）
ezpay,SUTR0205,更新訂單主表失敗,,business,error,ezPay 電子支付平台手冊 W1.0.2「十一、錯誤代碼」（訂單修改及取消 API）
ezpay,SUTR0206,更新訂單副表失敗,,business,error,ezPay 電子支付平台手冊 W1.0.2「十一、錯誤代碼」（訂單修改及取消 API）
ezpay,SUTR0207,更新訂單 cache 失敗,,business,error,ezPay 電子支付平台手冊 W1.0.2「十一、錯誤代碼」（訂單修改及取消 API）
ezpay,SUTR9999,系統異常,,system,error,ezPay 電子支付平台手冊 W1.0.2「十一、錯誤代碼」（訂單修改及取消 API）
ezpay,SPTN0001,Version 不得為空,,validation,error,ezPay 電子支付平台手冊 W1.0.2「十一、錯誤代碼」（背景通知 API）
ezpay,SPTN0002,Version 錯誤,,validation,error,ezPay 電子支付平台手冊 W1.0.2「十一、錯誤代碼」（背景通知 API）
ezpay,SPTN0003,APIID 不得為空,,validation,error,ezPay 電子支付平台手冊 W1.0.2「十一、錯誤代碼」（背景通知 API）
ezpay,SPTN0004,APIID 錯誤,,validation,error,ezPay 電子支付平台手冊 W1.0.2「十一、錯誤代碼」（背景通知 API）
ezpay,SPTN0005,UID 不得為空,,validation,error,ezPay 電子支付平台手冊 W1.0.2「十一、錯誤代碼」（背景通知 API）
ezpay,SPTN0006,EncryptData 不得為空,,validation,error,ezPay 電子支付平台手冊 W1.0.2「十一、錯誤代碼」（背景通知 API）
ezpay,SPTN0007,HashData 不得為空,,validation,error,ezPay 電子支付平台手冊 W1.0.2「十一、錯誤代碼」（背景通知 API）
ezpay,SPTN0008,UID 錯誤,,validation,error,ezPay 電子支付平台手冊 W1.0.2「十一、錯誤代碼」（背景通知 API）
ezpay,SPTN0009,HashData 錯誤,,validation,error,ezPay 電子支付平台手冊 W1.0.2「十一、錯誤代碼」（背景通知 API）
ezpay,SPTN0010,商店不為啟用狀態,,validation,error,ezPay 電子支付平台手冊 W1.0.2「十一、錯誤代碼」（背景通知 API）
ezpay,SPTN0111,加密資料不得為空,,validation,error,ezPay 電子支付平台手冊 W1.0.2「十一、錯誤代碼」（背景通知 API）
ezpay,SPTN0112,TimeStamp 不得為空,,validation,error,ezPay 電子支付平台手冊 W1.0.2「十一、錯誤代碼」（背景通知 API）
ezpay,SPTN0113,APIID 不得為空,,validation,error,ezPay 電子支付平台手冊 W1.0.2「十一、錯誤代碼」（背景通知 API）
ezpay,SPTN0114,Version 不得為空,,validation,error,ezPay 電子支付平台手冊 W1.0.2「十一、錯誤代碼」（背景通知 API）
ezpay,SPTN0115,UID 不得為空,,validation,error,ezPay 電子支付平台手冊 W1.0.2「十一、錯誤代碼」（背景通知 API）
ezpay,SPTN0116,TradeNo 不得為空,,validation,error,ezPay 電子支付平台手冊 W1.0.2「十一、錯誤代碼」（背景通知 API）
ezpay,SPTN0117,TradeNo 不得超過 20 字元,,validation,error,ezPay 電子支付平台手冊 W1.0.2「十一、錯誤代碼」（背景通知 API）
ezpay,SPTN0120,商店未啟用簡單付 TWQR 交易,,validation,error,ezPay 電子支付平台手冊 W1.0.2「十一、錯誤代碼」（背景通知 API）
ezpay,SPTN0201,查詢訂單資訊失敗,,business,error,ezPay 電子支付平台手冊 W1.0.2「十一、錯誤代碼」（背景通知 API）
ezpay,SPTN0202,查詢交易資訊失敗,,business,error,ezPay 電子支付平台手冊 W1.0.2「十一、錯誤代碼」（背景通知 API）
ezpay,SPTN0203,訂單及商店未設定 Notify 網址,,business,error,ezPay 電子支付平台手冊 W1.0.2「十一、錯誤代碼」（背景通知 API）
ezpay,SPTN0204,交易結果查詢失敗,,business,error,ezPay 電子支付平台手冊 W1.0.2「十一、錯誤代碼」（背景通知 API）
ezpay,SPTN0205,跨機構交易詳細資料查詢失敗,,business,error,ezPay 電子支付平台手冊 W1.0.2「十一、錯誤代碼」（背景通知 API）
ezpay,SPTN0206,自機構交易詳細資料查詢失敗,,business,error,ezPay 電子支付平台手冊 W1.0.2「十一、錯誤代碼」（背景通知 API）
ezpay,SPTN0207,信用卡交易資訊查詢失敗,,business,error,ezPay 電子支付平台手冊 W1.0.2「十一、錯誤代碼」（背景通知 API）
ezpay,SPTN0208,信用卡 bin 碼表查詢失敗,,business,error,ezPay 電子支付平台手冊 W1.0.2「十一、錯誤代碼」（背景通知 API）
ezpay,SPTN0209,ACCLINK 交易資訊查詢失敗,,business,error,ezPay 電子支付平台手冊 W1.0.2「十一、錯誤代碼」（背景通知 API）
ezpay,SPTN0210,ACCLINK_LOG 交易資訊查詢失敗,,business,error,ezPay 電子支付平台手冊 W1.0.2「十一、錯誤代碼」（背景通知 API）
ezpay,SPTN9999,系統異常,,system,error,ezPay 電子支付平台手冊 W1.0.2「十一、錯誤代碼」（背景通知 API）
ezpay,STRN0001,Version 不得為空,,validation,error,ezPay 電子支付平台手冊 W1.0.2「十一、錯誤代碼」（前景通知 API）
ezpay,STRN0002,Version 錯誤,,validation,error,ezPay 電子支付平台手冊 W1.0.2「十一、錯誤代碼」（前景通知 API）
ezpay,STRN0003,APIID 不得為空,,validation,error,ezPay 電子支付平台手冊 W1.0.2「十一、錯誤代碼」（前景通知 API）
ezpay,STRN0004,APIID 錯誤,,validation,error,ezPay 電子支付平台手冊 W1.0.2「十一、錯誤代碼」（前景通知 API）
ezpay,STRN0005,UID 不得為空,,validation,error,ezPay 電子支付平台手冊 W1.0.2「十一、錯誤代碼」（前景通知 API）
ezpay,STRN0006,EncryptData 不得為空,,validation,error,ezPay 電子支付平台手冊 W1.0.2「十一、錯誤代碼」（前景通知 API）
ezpay,STRN0007,HashData 不得為空,,validation,error,ezPay 電子支付平台手冊 W1.0.2「十一、錯誤代碼」（前景通知 API）
ezpay,STRN0008,UID 錯誤,,validation,error,ezPay 電子支付平台手冊 W1.0.2「十一、錯誤代碼」（前景通知 API）
ezpay,STRN0009,HashData 錯誤,,validation,error,ezPay 電子支付平台手冊 W1.0.2「十一、錯誤代碼」（前景通知 API）
ezpay,STRN0010,商店不為啟用狀態,,validation,error,ezPay 電子支付平台手冊 W1.0.2「十一、錯誤代碼」（前景通知 API）
ezpay,STRN0111,加密資料不得為空,,validation,error,ezPay 電子支付平台手冊 W1.0.2「十一、錯誤代碼」（前景通知 API）
ezpay,STRN0112,TimeStamp 不得為空,,validation,error,ezPay 電子支付平台手冊 W1.0.2「十一、錯誤代碼」（前景通知 API）
ezpay,STRN0113,APIID 不得為空,,validation,error,ezPay 電子支付平台手冊 W1.0.2「十一、錯誤代碼」（前景通知 API）
ezpay,STRN0114,Version 不得為空,,validation,error,ezPay 電子支付平台手冊 W1.0.2「十一、錯誤代碼」（前景通知 API）
ezpay,STRN0115,UID 不得為空,,validation,error,ezPay 電子支付平台手冊 W1.0.2「十一、錯誤代碼」（前景通知 API）
ezpay,STRN0116,TradeNo 不得為空,,validation,error,ezPay 電子支付平台手冊 W1.0.2「十一、錯誤代碼」（前景通知 API）
ezpay,STRN0117,TradeNo 不得超過 20 字元,,validation,error,ezPay 電子支付平台手冊 W1.0.2「十一、錯誤代碼」（前景通知 API）
ezpay,STRN0118,Status 不得為空,,validation,error,ezPay 電子支付平台手冊 W1.0.2「十一、錯誤代碼」（前景通知 API）
ezpay,STRN0119,Message 不得為空,,validation,error,ezPay 電子支付平台手冊 W1.0.2「十一、錯誤代碼」（前景通知 API）
ezpay,STRN0201,訂單查詢失敗,,business,error,ezPay 電子支付平台手冊 W1.0.2「十一、錯誤代碼」（前景通知 API）
ezpay,STRN0202,商店交易設定及 Return_url 查詢失敗,,business,error,ezPay 電子支付平台手冊 W1.0.2「十一、錯誤代碼」（前景通知 API）
ezpay,STRN0203,交易結果查詢失敗,,business,error,ezPay 電子支付平台手冊 W1.0.2「十一、錯誤代碼」（前景通知 API）
ezpay,STRN0204,跨機構交易詳細資料查詢失敗,,business,error,ezPay 電子支付平台手冊 W1.0.2「十一、錯誤代碼」（前景通知 API）
ezpay,STRN0205,自機構交易詳細資料查詢失敗,,business,error,ezPay 電子支付平台手冊 W1.0.2「十一、錯誤代碼」（前景通知 API）
ezpay,STRN0206,信用卡交易資訊查詢失敗,,business,error,ezPay 電子支付平台手冊 W1.0.2「十一、錯誤代碼」（前景通知 API）
ezpay,STRN0207,信用卡 bin 碼表查詢失敗,,business,error,ezPay 電子支付平台手冊 W1.0.2「十一、錯誤代碼」（前景通知 API）
ezpay,STRN0208,ACCLINK 交易資訊查詢失敗,,business,error,ezPay 電子支付平台手冊 W1.0.2「十一、錯誤代碼」（前景通知 API）
ezpay,STRN0209,ACCLINK_LOG 交易資訊查詢失敗,,business,error,ezPay 電子支付平台手冊 W1.0.2「十一、錯誤代碼」（前景通知 API）
ezpay,STRN9999,系統異常,,system,error,ezPay 電子支付平台手冊 W1.0.2「十一、錯誤代碼」（前景通知 API）
ezpay,STRD0001,Version 不得為空,,validation,error,ezPay 電子支付平台手冊 W1.0.2「十一、錯誤代碼」（交易退款 API）
ezpay,STRD0002,Version 錯誤,,validation,error,ezPay 電子支付平台手冊 W1.0.2「十一、錯誤代碼」（交易退款 API）
ezpay,STRD0003,APIID 不得為空,,validation,error,ezPay 電子支付平台手冊 W1.0.2「十一、錯誤代碼」（交易退款 API）
ezpay,STRD0004,APIID 錯誤,,validation,error,ezPay 電子支付平台手冊 W1.0.2「十一、錯誤代碼」（交易退款 API）
ezpay,STRD0005,UID 不得為空,,validation,error,ezPay 電子支付平台手冊 W1.0.2「十一、錯誤代碼」（交易退款 API）
ezpay,STRD0006,EncryptData 不得為空,,validation,error,ezPay 電子支付平台手冊 W1.0.2「十一、錯誤代碼」（交易退款 API）
ezpay,STRD0007,HashData 不得為空,,validation,error,ezPay 電子支付平台手冊 W1.0.2「十一、錯誤代碼」（交易退款 API）
ezpay,STRD0008,UID 錯誤,,validation,error,ezPay 電子支付平台手冊 W1.0.2「十一、錯誤代碼」（交易退款 API）
ezpay,STRD0009,HashData 錯誤,,validation,error,ezPay 電子支付平台手冊 W1.0.2「十一、錯誤代碼」（交易退款 API）
ezpay,STRD0010,商店不為啟用狀態,,validation,error,ezPay 電子支付平台手冊 W1.0.2「十一、錯誤代碼」（交易退款 API）
ezpay,STRD0011,加密資料不得為空,,validation,error,ezPay 電子支付平台手冊 W1.0.2「十一、錯誤代碼」（交易退款 API）
ezpay,STRD0012,TimeStamp 不得為空,,validation,error,ezPay 電子支付平台手冊 W1.0.2「十一、錯誤代碼」（交易退款 API）
ezpay,STRD0013,MerchantRefundNo 不得為空,,validation,error,ezPay 電子支付平台手冊 W1.0.2「十一、錯誤代碼」（交易退款 API）
ezpay,STRD0014,RefundType 不得為空,,validation,error,ezPay 電子支付平台手冊 W1.0.2「十一、錯誤代碼」（交易退款 API）
ezpay,STRD0015,Currency 不得為空,,validation,error,ezPay 電子支付平台手冊 W1.0.2「十一、錯誤代碼」（交易退款 API）
ezpay,STRD0016,RefundAmt 不得為空,,validation,error,ezPay 電子支付平台手冊 W1.0.2「十一、錯誤代碼」（交易退款 API）
ezpay,STRD0017,RefundBarCode、MerchantOrderNo、 TradeNo，其中之一不得為空,,validation,error,ezPay 電子支付平台手冊 W1.0.2「十一、錯誤代碼」（交易退款 API）
ezpay,STRD0018,RefundBarCode、MerchantOrderNo、 TradeNo，不能同時帶入,,validation,error,ezPay 電子支付平台手冊 W1.0.2「十一、錯誤代碼」（交易退款 API）
ezpay,STRD0019,MerchantRefundNo 不得超過 20 字元,,validation,error,ezPay 電子支付平台手冊 W1.0.2「十一、錯誤代碼」（交易退款 API）
ezpay,STRD0020,RefundBarCode 不得超過 18 字元,,validation,error,ezPay 電子支付平台手冊 W1.0.2「十一、錯誤代碼」（交易退款 API）
ezpay,STRD0021,MerchantOrderNo 不得超過 20 字元,,validation,error,ezPay 電子支付平台手冊 W1.0.2「十一、錯誤代碼」（交易退款 API）
ezpay,STRD0022,TradeNo 不得超過 20 字元,,validation,error,ezPay 電子支付平台手冊 W1.0.2「十一、錯誤代碼」（交易退款 API）
ezpay,STRD0023,RefundType 錯誤,,validation,error,ezPay 電子支付平台手冊 W1.0.2「十一、錯誤代碼」（交易退款 API）
ezpay,STRD0024,Currency 錯誤,,validation,error,ezPay 電子支付平台手冊 W1.0.2「十一、錯誤代碼」（交易退款 API）
ezpay,STRD0025,RefundAmt 必須為數字,,validation,error,ezPay 電子支付平台手冊 W1.0.2「十一、錯誤代碼」（交易退款 API）
ezpay,STRD0026,RefundAmt 必須大於 0,,validation,error,ezPay 電子支付平台手冊 W1.0.2「十一、錯誤代碼」（交易退款 API）
ezpay,STRD0027,商店自定義退款請求序號重複,,validation,error,ezPay 電子支付平台手冊 W1.0.2「十一、錯誤代碼」（交易退款 API）
ezpay,STRD0028,此訂單交易不可退款(未付款 or 已全額退款),,validation,error,ezPay 電子支付平台手冊 W1.0.2「十一、錯誤代碼」（交易退款 API）
ezpay,STRD0201,取得訂單/交易資料失敗,,business,error,ezPay 電子支付平台手冊 W1.0.2「十一、錯誤代碼」（交易退款 API）
ezpay,STRD0202,訂單狀態不為已付款狀態,,business,error,ezPay 電子支付平台手冊 W1.0.2「十一、錯誤代碼」（交易退款 API）
ezpay,STRD0203,退款金額超過可退款金額,,business,error,ezPay 電子支付平台手冊 W1.0.2「十一、錯誤代碼」（交易退款 API）
ezpay,STRD0204,訂單退款失敗,,business,error,ezPay 電子支付平台手冊 W1.0.2「十一、錯誤代碼」（交易退款 API）
ezpay,STRD0205,訂單退款處理中,,business,error,ezPay 電子支付平台手冊 W1.0.2「十一、錯誤代碼」（交易退款 API）
ezpay,STRD9999,系統異常,,system,error,ezPay 電子支付平台手冊 W1.0.2「十一、錯誤代碼」（交易退款 API）
ezpay,SGTR0001,Version 不得為空,,validation,error,ezPay 電子支付平台手冊 W1.0.2「十一、錯誤代碼」（訂單查詢 API）
ezpay,SGTR0002,Version 錯誤,,validation,error,ezPay 電子支付平台手冊 W1.0.2「十一、錯誤代碼」（訂單查詢 API）
ezpay,SGTR0003,APIID 不得為空,,validation,error,ezPay 電子支付平台手冊 W1.0.2「十一、錯誤代碼」（訂單查詢 API）
ezpay,SGTR0004,APIID 錯誤,,validation,error,ezPay 電子支付平台手冊 W1.0.2「十一、錯誤代碼」（訂單查詢 API）
ezpay,SGTR0005,UID 不得為空,,validation,error,ezPay 電子支付平台手冊 W1.0.2「十一、錯誤代碼」（訂單查詢 API）
ezpay,SGTR0006,EncryptData 不得為空,,validation,error,ezPay 電子支付平台手冊 W1.0.2「十一、錯誤代碼」（訂單查詢 API）
ezpay,SGTR0007,HashData 不得為空,,validation,error,ezPay 電子支付平台手冊 W1.0.2「十一、錯誤代碼」（訂單查詢 API）
ezpay,SGTR0008,UID 錯誤,,validation,error,ezPay 電子支付平台手冊 W1.0.2「十一、錯誤代碼」（訂單查詢 API）
ezpay,SGTR0009,HashData 錯誤,,validation,error,ezPay 電子支付平台手冊 W1.0.2「十一、錯誤代碼」（訂單查詢 API）
ezpay,SGTR0010,商店不為啟用狀態,,validation,error,ezPay 電子支付平台手冊 W1.0.2「十一、錯誤代碼」（訂單查詢 API）
ezpay,SGTR0111,加密資料不得為空,,validation,error,ezPay 電子支付平台手冊 W1.0.2「十一、錯誤代碼」（訂單查詢 API）
ezpay,SGTR0112,TimeStamp 不得為空,,validation,error,ezPay 電子支付平台手冊 W1.0.2「十一、錯誤代碼」（訂單查詢 API）
ezpay,SGTR0113,APIID 不得為空,,validation,error,ezPay 電子支付平台手冊 W1.0.2「十一、錯誤代碼」（訂單查詢 API）
ezpay,SGTR0114,Version 不得為空,,validation,error,ezPay 電子支付平台手冊 W1.0.2「十一、錯誤代碼」（訂單查詢 API）
ezpay,SGTR0115,UID 不得為空,,validation,error,ezPay 電子支付平台手冊 W1.0.2「十一、錯誤代碼」（訂單查詢 API）
ezpay,SGTR0116,TradeNo、MerchantOrderNo，不能同時帶入,,validation,error,ezPay 電子支付平台手冊 W1.0.2「十一、錯誤代碼」（訂單查詢 API）
ezpay,SGTR0117,TradeNo、MerchantOrderNo，其中之一不得為空,,validation,error,ezPay 電子支付平台手冊 W1.0.2「十一、錯誤代碼」（訂單查詢 API）
ezpay,SGTR0118,MerchantOrderNo 不得超過 20 字元,,validation,error,ezPay 電子支付平台手冊 W1.0.2「十一、錯誤代碼」（訂單查詢 API）
ezpay,SGTR0119,TradeNo 不得超過 20 字元,,validation,error,ezPay 電子支付平台手冊 W1.0.2「十一、錯誤代碼」（訂單查詢 API）
ezpay,SGTR0120,商店未啟用簡單付 TWQR 交易,,validation,error,ezPay 電子支付平台手冊 W1.0.2「十一、錯誤代碼」（訂單查詢 API）
ezpay,SGTR0201,訂單查詢失敗,,business,error,ezPay 電子支付平台手冊 W1.0.2「十一、錯誤代碼」（訂單查詢 API）
ezpay,SGTR0202,交易結果查詢失敗,,business,error,ezPay 電子支付平台手冊 W1.0.2「十一、錯誤代碼」（訂單查詢 API）
ezpay,SGTR0203,跨機構交易詳細資料查詢失敗,,business,error,ezPay 電子支付平台手冊 W1.0.2「十一、錯誤代碼」（訂單查詢 API）
ezpay,SGTR9999,系統異常,,system,error,ezPay 電子支付平台手冊 W1.0.2「十一、錯誤代碼」（訂單查詢 API）
ezpay,SGRD0001,Version 不得為空,,validation,error,ezPay 電子支付平台手冊 W1.0.2「十一、錯誤代碼」（退款查詢 API）
ezpay,SGRD0002,Version 錯誤,,validation,error,ezPay 電子支付平台手冊 W1.0.2「十一、錯誤代碼」（退款查詢 API）
ezpay,SGRD0003,APIID 不得為空,,validation,error,ezPay 電子支付平台手冊 W1.0.2「十一、錯誤代碼」（退款查詢 API）
ezpay,SGRD0004,APIID 錯誤,,validation,error,ezPay 電子支付平台手冊 W1.0.2「十一、錯誤代碼」（退款查詢 API）
ezpay,SGRD0005,UID 不得為空,,validation,error,ezPay 電子支付平台手冊 W1.0.2「十一、錯誤代碼」（退款查詢 API）
ezpay,SGRD0006,EncryptData 不得為空,,validation,error,ezPay 電子支付平台手冊 W1.0.2「十一、錯誤代碼」（退款查詢 API）
ezpay,SGRD0007,HashData 不得為空,,validation,error,ezPay 電子支付平台手冊 W1.0.2「十一、錯誤代碼」（退款查詢 API）
ezpay,SGRD0008,UID 錯誤,,validation,error,ezPay 電子支付平台手冊 W1.0.2「十一、錯誤代碼」（退款查詢 API）
ezpay,SGRD0009,HashData 錯誤,,validation,error,ezPay 電子支付平台手冊 W1.0.2「十一、錯誤代碼」（退款查詢 API）
ezpay,SGRD0010,商店不為啟用狀態,,validation,error,ezPay 電子支付平台手冊 W1.0.2「十一、錯誤代碼」（退款查詢 API）
ezpay,SGRD0111,加密資料不得為空,,validation,error,ezPay 電子支付平台手冊 W1.0.2「十一、錯誤代碼」（退款查詢 API）
ezpay,SGRD0112,TimeStamp 不得為空,,validation,error,ezPay 電子支付平台手冊 W1.0.2「十一、錯誤代碼」（退款查詢 API）
ezpay,SGRD0113,Rtoken、MerchantRefundNo，其中之一不得為空,,validation,error,ezPay 電子支付平台手冊 W1.0.2「十一、錯誤代碼」（退款查詢 API）
ezpay,SGRD0114,Rtoken、MerchantRefundNo，不能同時帶入,,validation,error,ezPay 電子支付平台手冊 W1.0.2「十一、錯誤代碼」（退款查詢 API）
ezpay,SGRD0115,Rtoken 不得超過 64 字元,,validation,error,ezPay 電子支付平台手冊 W1.0.2「十一、錯誤代碼」（退款查詢 API）
ezpay,SGRD0116,Rtoken 格式錯誤,,validation,error,ezPay 電子支付平台手冊 W1.0.2「十一、錯誤代碼」（退款查詢 API）
ezpay,SGRD0117,MerchantRefundNo 不得超過 20 字元,,validation,error,ezPay 電子支付平台手冊 W1.0.2「十一、錯誤代碼」（退款查詢 API）
ezpay,SGRD0201,取得訂單/交易資料失敗,,business,error,ezPay 電子支付平台手冊 W1.0.2「十一、錯誤代碼」（退款查詢 API）
ezpay,SGRD9999,系統異常,,system,error,ezPay 電子支付平台手冊 W1.0.2「十一、錯誤代碼」（退款查詢 API）
ezpay,MPG01000,送入參數檢查錯誤,,validation,error,ezPay 跨境網路交易串接手冊 1.0.1「九、錯誤代碼」（支付寶／微信 MPG）
ezpay,MPG01010,程式版本錯誤,,validation,error,ezPay 跨境網路交易串接手冊 1.0.1「九、錯誤代碼」（支付寶／微信 MPG）
ezpay,MPG01012,商店訂單編號錯誤,,validation,error,ezPay 跨境網路交易串接手冊 1.0.1「九、錯誤代碼」（支付寶／微信 MPG）
ezpay,MPG01014,網址設定錯誤,,validation,error,ezPay 跨境網路交易串接手冊 1.0.1「九、錯誤代碼」（支付寶／微信 MPG）
ezpay,MPG01015,訂單金額錯誤,,validation,error,ezPay 跨境網路交易串接手冊 1.0.1「九、錯誤代碼」（支付寶／微信 MPG）
ezpay,MPG01016,時間戳記錯誤,,validation,error,ezPay 跨境網路交易串接手冊 1.0.1「九、錯誤代碼」（支付寶／微信 MPG）
ezpay,MPG01017,商品資訊錯誤,,validation,error,ezPay 跨境網路交易串接手冊 1.0.1「九、錯誤代碼」（支付寶／微信 MPG）
ezpay,MPG02002,查無商店開啟任何金流服務，請與客服聯繫,,business,error,ezPay 跨境網路交易串接手冊 1.0.1「九、錯誤代碼」（支付寶／微信 MPG）
ezpay,MPG02003,金流服務未啟用，請洽客服中心,,business,error,ezPay 跨境網路交易串接手冊 1.0.1「九、錯誤代碼」（支付寶／微信 MPG）
ezpay,MPG02004,送出後檢查，超過交易限制時間,,business,error,ezPay 跨境網路交易串接手冊 1.0.1「九、錯誤代碼」（支付寶／微信 MPG）
ezpay,MPG02005,送出後檢查，驗證資料錯誤,,business,error,ezPay 跨境網路交易串接手冊 1.0.1「九、錯誤代碼」（支付寶／微信 MPG）
ezpay,MPG02006,系統發生異常，請洽客服中心,,business,error,ezPay 跨境網路交易串接手冊 1.0.1「九、錯誤代碼」（支付寶／微信 MPG）
ezpay,MPG03001,訂單資訊解密失敗,,business,error,ezPay 跨境網路交易串接手冊 1.0.1「九、錯誤代碼」（支付寶／微信 MPG）
ezpay,MPG03004,商店狀態或屬性不符合，無法進行交易,,business,error,ezPay 跨境網路交易串接手冊 1.0.1「九、錯誤代碼」（支付寶／微信 MPG）
ezpay,MPG03007,查無此商店代號,,business,error,ezPay 跨境網路交易串接手冊 1.0.1「九、錯誤代碼」（支付寶／微信 MPG）
ezpay,MPG03008,已存在相同的商店訂單編號,,business,error,ezPay 跨境網路交易串接手冊 1.0.1「九、錯誤代碼」（支付寶／微信 MPG）
ezpay,MPG03009,交易失敗,,business,error,ezPay 跨境網路交易串接手冊 1.0.1「九、錯誤代碼」（支付寶／微信 MPG）
ezpay,CTI01001,資料不齊全(缺少必要參數),,validation,error,ezPay 跨境實體商店串接手冊 ezPay_2.0.0「十、錯誤代碼」p.32（跨境交易付款）
ezpay,CTI02001,查無符合商店資料,,validation,error,ezPay 跨境實體商店串接手冊 ezPay_2.0.0「十、錯誤代碼」p.32（跨境交易付款）
ezpay,CTI02002,資料解密失敗,,validation,error,ezPay 跨境實體商店串接手冊 ezPay_2.0.0「十、錯誤代碼」p.32（跨境交易付款）
ezpay,CTI03001,SHA 256 檢查不符合,,validation,error,ezPay 跨境實體商店串接手冊 ezPay_2.0.0「十、錯誤代碼」p.32（跨境交易付款）
ezpay,CTI04001,商店狀態已被暫停或是關閉，無法進行交易,,validation,error,ezPay 跨境實體商店串接手冊 ezPay_2.0.0「十、錯誤代碼」p.32（跨境交易付款）
ezpay,CTI04002,商店屬性不符合，無法進行交易,,validation,error,ezPay 跨境實體商店串接手冊 ezPay_2.0.0「十、錯誤代碼」p.32（跨境交易付款）
ezpay,CTI05001,未有時間戳記,,validation,error,ezPay 跨境實體商店串接手冊 ezPay_2.0.0「十、錯誤代碼」p.32（跨境交易付款）
ezpay,CTI05002,版本比對不符合,,validation,error,ezPay 跨境實體商店串接手冊 ezPay_2.0.0「十、錯誤代碼」p.32（跨境交易付款）
ezpay,CTI05003,未有商店代號,,validation,error,ezPay 跨境實體商店串接手冊 ezPay_2.0.0「十、錯誤代碼」p.32（跨境交易付款）
ezpay,CTI05004,商店代號比對不符合,,validation,error,ezPay 跨境實體商店串接手冊 ezPay_2.0.0「十、錯誤代碼」p.32（跨境交易付款）
ezpay,CTI05005,商店自訂單號空白,,validation,error,ezPay 跨境實體商店串接手冊 ezPay_2.0.0「十、錯誤代碼」p.32（跨境交易付款）
ezpay,CTI05006,商店自訂單號格式錯誤(僅接受英文、數字、下底線(_),,validation,error,ezPay 跨境實體商店串接手冊 ezPay_2.0.0「十、錯誤代碼」p.32（跨境交易付款）
ezpay,CTI05007,支付方式錯誤,,validation,error,ezPay 跨境實體商店串接手冊 ezPay_2.0.0「十、錯誤代碼」p.32（跨境交易付款）
ezpay,CTI05008,買方跨境條碼不可空白,,validation,error,ezPay 跨境實體商店串接手冊 ezPay_2.0.0「十、錯誤代碼」p.32（跨境交易付款）
ezpay,CTI05009,幣別格式錯誤,,validation,error,ezPay 跨境實體商店串接手冊 ezPay_2.0.0「十、錯誤代碼」p.32（跨境交易付款）
ezpay,CTI05010,訂單金額錯誤,,validation,error,ezPay 跨境實體商店串接手冊 ezPay_2.0.0「十、錯誤代碼」p.32（跨境交易付款）
ezpay,CTI05011,訂單金額格式錯誤(僅支援整數金額),,validation,error,ezPay 跨境實體商店串接手冊 ezPay_2.0.0「十、錯誤代碼」p.32（跨境交易付款）
ezpay,CTI05012,應付金額錯誤,,validation,error,ezPay 跨境實體商店串接手冊 ezPay_2.0.0「十、錯誤代碼」p.32（跨境交易付款）
ezpay,CTI05013,應付金額格式錯誤(僅支援整數金額),,validation,error,ezPay 跨境實體商店串接手冊 ezPay_2.0.0「十、錯誤代碼」p.32（跨境交易付款）
ezpay,CTI05014,訂單金額不可低於應付金額,,validation,error,ezPay 跨境實體商店串接手冊 ezPay_2.0.0「十、錯誤代碼」p.32（跨境交易付款）
ezpay,CTI05015,商品資訊錯誤,,validation,error,ezPay 跨境實體商店串接手冊 ezPay_2.0.0「十、錯誤代碼」p.32（跨境交易付款）
ezpay,CTI06001,"連線失敗,請聯絡客服",,business,error,ezPay 跨境實體商店串接手冊 ezPay_2.0.0「十、錯誤代碼」p.32（跨境交易付款）
ezpay,CTI06002,"未有回傳結果,請聯絡客服",,business,error,ezPay 跨境實體商店串接手冊 ezPay_2.0.0「十、錯誤代碼」p.32（跨境交易付款）
ezpay,CTI06003,付款失敗,,business,error,ezPay 跨境實體商店串接手冊 ezPay_2.0.0「十、錯誤代碼」p.32（跨境交易付款）
ezpay,CTQ01001,資料不齊全(缺少必要參數),,validation,error,ezPay 跨境實體商店串接手冊 ezPay_2.0.0「十、錯誤代碼」p.33（交易狀態查詢）
ezpay,CTQ02001,查無符合商店資料,,validation,error,ezPay 跨境實體商店串接手冊 ezPay_2.0.0「十、錯誤代碼」p.33（交易狀態查詢）
ezpay,CTQ02002,資料解密失敗,,validation,error,ezPay 跨境實體商店串接手冊 ezPay_2.0.0「十、錯誤代碼」p.33（交易狀態查詢）
ezpay,CTQ03001,SHA 256 檢查不符合,,validation,error,ezPay 跨境實體商店串接手冊 ezPay_2.0.0「十、錯誤代碼」p.33（交易狀態查詢）
ezpay,CTQ04001,商店屬性不符合，無法進行交易,,validation,error,ezPay 跨境實體商店串接手冊 ezPay_2.0.0「十、錯誤代碼」p.33（交易狀態查詢）
ezpay,CTQ05001,未有時間戳記,,validation,error,ezPay 跨境實體商店串接手冊 ezPay_2.0.0「十、錯誤代碼」p.33（交易狀態查詢）
ezpay,CTQ05002,版本比對不符合,,validation,error,ezPay 跨境實體商店串接手冊 ezPay_2.0.0「十、錯誤代碼」p.33（交易狀態查詢）
ezpay,CTQ05003,未有商店代號,,validation,error,ezPay 跨境實體商店串接手冊 ezPay_2.0.0「十、錯誤代碼」p.33（交易狀態查詢）
ezpay,CTQ05004,商店代號比對不符合,,validation,error,ezPay 跨境實體商店串接手冊 ezPay_2.0.0「十、錯誤代碼」p.33（交易狀態查詢）
ezpay,CTQ05005,未有交易序號或商店自訂單號,,validation,error,ezPay 跨境實體商店串接手冊 ezPay_2.0.0「十、錯誤代碼」p.33（交易狀態查詢）
ezpay,CTQ05006,交易序號或商店自訂單號擇一填寫,,validation,error,ezPay 跨境實體商店串接手冊 ezPay_2.0.0「十、錯誤代碼」p.33（交易狀態查詢）
ezpay,CTQ06001,查無符合交易紀錄,,business,error,ezPay 跨境實體商店串接手冊 ezPay_2.0.0「十、錯誤代碼」p.33（交易狀態查詢）
ezpay,CTR01001,資料不齊全(缺少必要參數),,validation,error,ezPay 跨境實體商店串接手冊 ezPay_2.0.0「十、錯誤代碼」p.34（跨境交易退款）
ezpay,CTR02001,查無符合商店資料,,validation,error,ezPay 跨境實體商店串接手冊 ezPay_2.0.0「十、錯誤代碼」p.34（跨境交易退款）
ezpay,CTR02002,資料解密失敗,,validation,error,ezPay 跨境實體商店串接手冊 ezPay_2.0.0「十、錯誤代碼」p.34（跨境交易退款）
ezpay,CTR03001,SHA 256 檢查不符合,,validation,error,ezPay 跨境實體商店串接手冊 ezPay_2.0.0「十、錯誤代碼」p.34（跨境交易退款）
ezpay,CTR04001,商店屬性不符合，無法進行退款,,validation,error,ezPay 跨境實體商店串接手冊 ezPay_2.0.0「十、錯誤代碼」p.34（跨境交易退款）
ezpay,CTR05001,未有時間戳記,,validation,error,ezPay 跨境實體商店串接手冊 ezPay_2.0.0「十、錯誤代碼」p.34（跨境交易退款）
ezpay,CTR05002,版本比對不符合,,validation,error,ezPay 跨境實體商店串接手冊 ezPay_2.0.0「十、錯誤代碼」p.34（跨境交易退款）
ezpay,CTR05003,未有商店代號,,validation,error,ezPay 跨境實體商店串接手冊 ezPay_2.0.0「十、錯誤代碼」p.34（跨境交易退款）
ezpay,CTR05004,商店代號比對不符合,,validation,error,ezPay 跨境實體商店串接手冊 ezPay_2.0.0「十、錯誤代碼」p.34（跨境交易退款）
ezpay,CTR05005,未有交易序號或商店自訂單號,,validation,error,ezPay 跨境實體商店串接手冊 ezPay_2.0.0「十、錯誤代碼」p.34（跨境交易退款）
ezpay,CTR05006,交易序號或商店自訂單號擇一填寫,,validation,error,ezPay 跨境實體商店串接手冊 ezPay_2.0.0「十、錯誤代碼」p.34（跨境交易退款）
ezpay,CTR05007,退款類型錯誤,,validation,error,ezPay 跨境實體商店串接手冊 ezPay_2.0.0「十、錯誤代碼」p.34（跨境交易退款）
ezpay,CTR05008,退款幣別錯誤,,validation,error,ezPay 跨境實體商店串接手冊 ezPay_2.0.0「十、錯誤代碼」p.34（跨境交易退款）
ezpay,CTR05009,退款金額格式錯誤(僅支援整數金額),,validation,error,ezPay 跨境實體商店串接手冊 ezPay_2.0.0「十、錯誤代碼」p.34（跨境交易退款）
ezpay,CTR06001,查無符合交易紀錄,,business,error,ezPay 跨境實體商店串接手冊 ezPay_2.0.0「十、錯誤代碼」p.34（跨境交易退款）
ezpay,CTR07001,訂單狀態不為已付款狀態,,business,error,ezPay 跨境實體商店串接手冊 ezPay_2.0.0「十、錯誤代碼」p.34（跨境交易退款）
ezpay,CTR07002,退款金額超過可退款金額,,business,error,ezPay 跨境實體商店串接手冊 ezPay_2.0.0「十、錯誤代碼」p.34（跨境交易退款）
ezpay,CTR08001,退款失敗,,business,error,ezPay 跨境實體商店串接手冊 ezPay_2.0.0「十、錯誤代碼」p.34（跨境交易退款）
ezpay,CTR08002,該時段無法退款,,business,error,ezPay 跨境實體商店串接手冊 ezPay_2.0.0「十、錯誤代碼」p.34（跨境交易退款）；每日 23:55 至隔日 00:05 結帳期間暫停退款（p.13）
ezpay,CTR08003,"在途金額不足,無法退款",,business,error,ezPay 跨境實體商店串接手冊 ezPay_2.0.0「十、錯誤代碼」p.34（跨境交易退款）
shopline,1005,校驗錯誤,Check error,api,error,見 SHOPLINE Payments 錯誤碼附錄（docs.shoplinepayments.com/appendix/errorCode/，場景：通用）
shopline,1006,紀錄已存在,Record already exists,api,error,見 SHOPLINE Payments 錯誤碼附錄（docs.shoplinepayments.com/appendix/errorCode/，場景：通用）
shopline,1008,狀態錯誤,Status error,api,error,見 SHOPLINE Payments 錯誤碼附錄（docs.shoplinepayments.com/appendix/errorCode/，場景：通用）
shopline,1016,付款查詢、退款發起請求時，沒有交易紀錄,No transaction record.,api,error,見 SHOPLINE Payments 錯誤碼附錄（docs.shoplinepayments.com/appendix/errorCode/，場景：通用）
shopline,1018,付款失敗/取消/逾期 & 資訊載入失敗 & 未知原因,Business error,api,error,見 SHOPLINE Payments 錯誤碼附錄（docs.shoplinepayments.com/appendix/errorCode/，場景：通用）
shopline,1901,系統連線失敗,System connection failed,api,error,見 SHOPLINE Payments 錯誤碼附錄（docs.shoplinepayments.com/appendix/errorCode/，場景：通用）
shopline,1902,系統內部格式錯誤,System internal format error,api,error,見 SHOPLINE Payments 錯誤碼附錄（docs.shoplinepayments.com/appendix/errorCode/，場景：通用）
shopline,1904,[通用] 請求過於頻繁 / [Onboarding] 請求過於頻繁,Requests are too frequent / Requests too frequent,multi,error,見 SHOPLINE Payments 錯誤碼附錄（docs.shoplinepayments.com/appendix/errorCode/，場景：通用、Onboarding）
shopline,1997,資料庫錯誤,Database error,api,error,見 SHOPLINE Payments 錯誤碼附錄（docs.shoplinepayments.com/appendix/errorCode/，場景：通用）
shopline,1998,系統配置錯誤,System configuration error,api,error,見 SHOPLINE Payments 錯誤碼附錄（docs.shoplinepayments.com/appendix/errorCode/，場景：通用）
shopline,1999,系統異常,Server error,api,error,見 SHOPLINE Payments 錯誤碼附錄（docs.shoplinepayments.com/appendix/errorCode/，場景：通用）
shopline,2001,APPID不存在,APPID does not exist,api,error,見 SHOPLINE Payments 錯誤碼附錄（docs.shoplinepayments.com/appendix/errorCode/，場景：通用）
shopline,2002,簽名錯誤,Signature error,api,error,見 SHOPLINE Payments 錯誤碼附錄（docs.shoplinepayments.com/appendix/errorCode/，場景：通用）
shopline,2003,請求URL錯誤,Request URL error,api,error,見 SHOPLINE Payments 錯誤碼附錄（docs.shoplinepayments.com/appendix/errorCode/，場景：通用）
shopline,2004,系統內部錯誤,Internal System Error,api,error,見 SHOPLINE Payments 錯誤碼附錄（docs.shoplinepayments.com/appendix/errorCode/，場景：通用）
shopline,2005,訪問拒絕,Access denied,api,error,見 SHOPLINE Payments 錯誤碼附錄（docs.shoplinepayments.com/appendix/errorCode/，場景：通用）
shopline,2006,錯誤請求,Bad request,api,error,見 SHOPLINE Payments 錯誤碼附錄（docs.shoplinepayments.com/appendix/errorCode/，場景：通用）
shopline,2007,無法訪問,Not found,api,error,見 SHOPLINE Payments 錯誤碼附錄（docs.shoplinepayments.com/appendix/errorCode/，場景：通用）
shopline,2008,服務無法存取,Service cannot be accessed,api,error,見 SHOPLINE Payments 錯誤碼附錄（docs.shoplinepayments.com/appendix/errorCode/，場景：通用）
shopline,2009,Token逾期,Token expired,api,error,見 SHOPLINE Payments 錯誤碼附錄（docs.shoplinepayments.com/appendix/errorCode/，場景：通用）
shopline,2010,Token被篡改,Token tampered,api,error,見 SHOPLINE Payments 錯誤碼附錄（docs.shoplinepayments.com/appendix/errorCode/，場景：通用）
shopline,2011,付款工具狀態禁止修改,InstrumentStatus forbidden change,api,error,見 SHOPLINE Payments 錯誤碼附錄（docs.shoplinepayments.com/appendix/errorCode/，場景：通用）
shopline,2013,特店未與平台 Connect,Merchants are not connected to the platform,api,error,見 SHOPLINE Payments 錯誤碼附錄（docs.shoplinepayments.com/appendix/errorCode/，場景：通用）
shopline,URL_NOT_FOUND,[Connect] URL不存在 / [Onboarding] URL不存在,The url does not exist,multi,error,見 SHOPLINE Payments 錯誤碼附錄（docs.shoplinepayments.com/appendix/errorCode/，場景：Connect、Onboarding）
shopline,ACCESS_DENIED,apiKey 或 clientKey 不正確/金鑰與商家ID或平台ID不符/金鑰錯誤/商家沒有存取資源權限,Access Denied,auth,error,見 SHOPLINE Payments 錯誤碼附錄（docs.shoplinepayments.com/appendix/errorCode/，場景：Connect）
shopline,MERCHANT_NOT_EXISTS,特店ID不存在,Merchant information does not exist,auth,error,見 SHOPLINE Payments 錯誤碼附錄（docs.shoplinepayments.com/appendix/errorCode/，場景：Connect）
shopline,UNAUTHORIZED_CLIENT,客戶端ID錯誤或授權參數錯誤,The client is not authorized to access the requested resource,auth,error,見 SHOPLINE Payments 錯誤碼附錄（docs.shoplinepayments.com/appendix/errorCode/，場景：Connect）
shopline,SERVER_ERROR,其他系統錯誤,System exception,auth,error,見 SHOPLINE Payments 錯誤碼附錄（docs.shoplinepayments.com/appendix/errorCode/，場景：Connect）
shopline,KEY_INCORRECT,平台 Authorize觸發 connect綁定的時 apiKey錯誤,"The apiKey or clientKey format is incorrect, please check the parameters",auth,error,見 SHOPLINE Payments 錯誤碼附錄（docs.shoplinepayments.com/appendix/errorCode/，場景：Connect）
shopline,INVALID_SCOPE,授權範圍錯誤,The requested range parameter value is invalid or not supported by the authorized server,auth,error,見 SHOPLINE Payments 錯誤碼附錄（docs.shoplinepayments.com/appendix/errorCode/，場景：Connect）
shopline,1001,重複下單，交易已存在,Order exsit,create,error,見 SHOPLINE Payments 錯誤碼附錄（docs.shoplinepayments.com/appendix/errorCode/，場景：下單）
shopline,1003,下單過程中，參數缺失,Param miss,create,error,見 SHOPLINE Payments 錯誤碼附錄（docs.shoplinepayments.com/appendix/errorCode/，場景：下單）
shopline,1004,[下單] 下單請求過程中，因入參錯誤等系統原因導致的下單失敗 / [Onboarding] 因入參錯誤等系統原因導致的失敗,Param error / The request header is invalid,multi,error,見 SHOPLINE Payments 錯誤碼附錄（docs.shoplinepayments.com/appendix/errorCode/，場景：下單、Onboarding）
shopline,1025,下單請求過程中，超過最大付款限額或不足最低付款限額,Create amount error,create,error,見 SHOPLINE Payments 錯誤碼附錄（docs.shoplinepayments.com/appendix/errorCode/，場景：下單）
shopline,4001,通路連線失敗,Channel connection failed,create,error,見 SHOPLINE Payments 錯誤碼附錄（docs.shoplinepayments.com/appendix/errorCode/，場景：下單）
shopline,4002,通路錯誤,Channel error,create,error,見 SHOPLINE Payments 錯誤碼附錄（docs.shoplinepayments.com/appendix/errorCode/，場景：下單）
shopline,4003,通路回應逾時,Channel response timeout,create,error,見 SHOPLINE Payments 錯誤碼附錄（docs.shoplinepayments.com/appendix/errorCode/，場景：下單）
shopline,4101,付款超額，付款金額不在最低和最高限額之間,Wrong amount,create,error,見 SHOPLINE Payments 錯誤碼附錄（docs.shoplinepayments.com/appendix/errorCode/，場景：下單）
shopline,4102,發起請求過程中，因為交易異常情況，下單失敗,Payment declined due to order abnormalities.,create,error,見 SHOPLINE Payments 錯誤碼附錄（docs.shoplinepayments.com/appendix/errorCode/，場景：下單）
shopline,4103,因為列表以外的未知原因導致下單失敗,The payment has been declined for unspecificed reasons.,create,error,見 SHOPLINE Payments 錯誤碼附錄（docs.shoplinepayments.com/appendix/errorCode/，場景：下單）
shopline,4104,因為特店帳戶狀態異常，導致交易下單被拒絕。,Payment declined (issues with merchant account),create,error,見 SHOPLINE Payments 錯誤碼附錄（docs.shoplinepayments.com/appendix/errorCode/，場景：下單）
shopline,4105,由於顧客帳戶狀態異常，導致交易失敗,Payment declined (issues with customer account),create,error,見 SHOPLINE Payments 錯誤碼附錄（docs.shoplinepayments.com/appendix/errorCode/，場景：下單）
shopline,4106,IP位址在通路側未加入白名單,The payment(s) failed due to system issues.,create,error,見 SHOPLINE Payments 錯誤碼附錄（docs.shoplinepayments.com/appendix/errorCode/，場景：下單）
shopline,4107,交易幣種通路不支援,The payment has been declined for unspecificed reasons.,create,error,見 SHOPLINE Payments 錯誤碼附錄（docs.shoplinepayments.com/appendix/errorCode/，場景：下單）
shopline,4108,喚起付款表單失敗,Failed to pull up the form,create,error,見 SHOPLINE Payments 錯誤碼附錄（docs.shoplinepayments.com/appendix/errorCode/，場景：下單）
shopline,4109,網站網域未設定,Invalid store url,create,error,見 SHOPLINE Payments 錯誤碼附錄（docs.shoplinepayments.com/appendix/errorCode/，場景：下單）
shopline,3000,命中 SLP 風控，使用者行為異常,The payment was declined due to payer/card irregularities.,payment,error,見 SHOPLINE Payments 錯誤碼附錄（docs.shoplinepayments.com/appendix/errorCode/，場景：付款）
shopline,3001,命中 SLP 風控，交易卡異常,The payment was declined due to payer/card irregularities.,payment,error,見 SHOPLINE Payments 錯誤碼附錄（docs.shoplinepayments.com/appendix/errorCode/，場景：付款）
shopline,3002,命中 SLP 風控，收貨人資訊異常,The payment was declined due to payer/card irregularities.,payment,error,見 SHOPLINE Payments 錯誤碼附錄（docs.shoplinepayments.com/appendix/errorCode/，場景：付款）
shopline,3003,命中 SLP 風控，高風險交易,The payment was declined due to payer/card irregularities.,payment,error,見 SHOPLINE Payments 錯誤碼附錄（docs.shoplinepayments.com/appendix/errorCode/，場景：付款）
shopline,3004,命中 SLP 風控，交易資訊異常,The payment was declined due to payer/card irregularities.,payment,error,見 SHOPLINE Payments 錯誤碼附錄（docs.shoplinepayments.com/appendix/errorCode/，場景：付款）
shopline,1012,特店 SLP 付款權限已停用,Merchant payment permission is disabled,payment,error,見 SHOPLINE Payments 錯誤碼附錄（docs.shoplinepayments.com/appendix/errorCode/，場景：付款）
shopline,4350,命中通路/銀行風控，交易被拒絕,The payment was rejected by the issuing bank.,payment,error,見 SHOPLINE Payments 錯誤碼附錄（docs.shoplinepayments.com/appendix/errorCode/，場景：付款）
shopline,4400,通路端交易過程中資料傳輸異常、系統異常,The payment failed due to the transaction timed out.,payment,error,見 SHOPLINE Payments 錯誤碼附錄（docs.shoplinepayments.com/appendix/errorCode/，場景：付款）
shopline,4401,通路端交易交易逾期,The payment period has expired.,payment,error,見 SHOPLINE Payments 錯誤碼附錄（docs.shoplinepayments.com/appendix/errorCode/，場景：付款）
shopline,4402,ATM 虛擬帳號場景：客戶實際繳款金額與產生帳號的金額不一致,The payment failed due to the actual amount [xxx幣種] paid by the payer is different from the set amount.,payment,error,見 SHOPLINE Payments 錯誤碼附錄（docs.shoplinepayments.com/appendix/errorCode/，場景：付款）
shopline,4403,系統繁忙,System Busy,payment,error,見 SHOPLINE Payments 錯誤碼附錄（docs.shoplinepayments.com/appendix/errorCode/，場景：付款）
shopline,4404,付款完成後，token內與付款請求內金額錯誤,Payment token amount not match,payment,error,見 SHOPLINE Payments 錯誤碼附錄（docs.shoplinepayments.com/appendix/errorCode/，場景：付款）
shopline,4405,與錢包前端互動後，回應的token非法,Payment token invailid,payment,error,見 SHOPLINE Payments 錯誤碼附錄（docs.shoplinepayments.com/appendix/errorCode/，場景：付款）
shopline,4406,付款公鑰錯誤,Payment public key invailid,payment,error,見 SHOPLINE Payments 錯誤碼附錄（docs.shoplinepayments.com/appendix/errorCode/，場景：付款）
shopline,4407,付款私鑰錯誤,Payment private key invailid,payment,error,見 SHOPLINE Payments 錯誤碼附錄（docs.shoplinepayments.com/appendix/errorCode/，場景：付款）
shopline,4408,付款簽名錯誤,Payment signature invailid,payment,error,見 SHOPLINE Payments 錯誤碼附錄（docs.shoplinepayments.com/appendix/errorCode/，場景：付款）
shopline,4409,與通路前端互動後，回傳的token逾期,Payment token expires,payment,error,見 SHOPLINE Payments 錯誤碼附錄（docs.shoplinepayments.com/appendix/errorCode/，場景：付款）
shopline,4410,與通路互動後，通路提示重複付款,Duplicate payment.,payment,error,見 SHOPLINE Payments 錯誤碼附錄（docs.shoplinepayments.com/appendix/errorCode/，場景：付款）
shopline,4411,通路介面回傳鑑權失敗,Payment failed due to technical issue,payment,error,見 SHOPLINE Payments 錯誤碼附錄（docs.shoplinepayments.com/appendix/errorCode/，場景：付款）
shopline,4412,通路介面回應not found,Payment failed due to technical issue,payment,error,見 SHOPLINE Payments 錯誤碼附錄（docs.shoplinepayments.com/appendix/errorCode/，場景：付款）
shopline,4450,銀行卡付款中，3DS驗證流程逾時,The payer did not complete 3D Secure authentication.,payment,error,見 SHOPLINE Payments 錯誤碼附錄（docs.shoplinepayments.com/appendix/errorCode/，場景：付款）
shopline,4451,發卡行回傳信用卡交易失敗,The payment was rejected by the issuing bank.,payment,error,見 SHOPLINE Payments 錯誤碼附錄（docs.shoplinepayments.com/appendix/errorCode/，場景：付款）
shopline,4452,銀行卡付款中，3DS交驗不透過,The payer's attempt at 3D Secure authentication failed.,payment,error,見 SHOPLINE Payments 錯誤碼附錄（docs.shoplinepayments.com/appendix/errorCode/，場景：付款）
shopline,4453,銀行卡CVV2驗證不透過,The CVC number is incorrect.,payment,error,見 SHOPLINE Payments 錯誤碼附錄（docs.shoplinepayments.com/appendix/errorCode/，場景：付款）
shopline,4454,交易卡餘額不足,The card has insufficient funds to complete the purchase.,payment,error,見 SHOPLINE Payments 錯誤碼附錄（docs.shoplinepayments.com/appendix/errorCode/，場景：付款）
shopline,4455,交易卡卡號驗證不透過（卡號無效）,The card number used is invalid.,payment,error,見 SHOPLINE Payments 錯誤碼附錄（docs.shoplinepayments.com/appendix/errorCode/，場景：付款）
shopline,4456,通路側系統異常,The payment failed due to system issues.,payment,error,見 SHOPLINE Payments 錯誤碼附錄（docs.shoplinepayments.com/appendix/errorCode/，場景：付款）
shopline,4457,發卡行識別出為高風險交易,The payment was declined by the issuing bank due to payer/card abnormalities.,payment,error,見 SHOPLINE Payments 錯誤碼附錄（docs.shoplinepayments.com/appendix/errorCode/，場景：付款）
shopline,4458,交易依然pending在通路側，處理中,The payment is still being processed.,payment,error,見 SHOPLINE Payments 錯誤碼附錄（docs.shoplinepayments.com/appendix/errorCode/，場景：付款）
shopline,4459,發卡銀行識別出銀行卡已過有效期限,The card used has expired.,payment,error,見 SHOPLINE Payments 錯誤碼附錄（docs.shoplinepayments.com/appendix/errorCode/，場景：付款）
shopline,4460,發卡行回傳交易密碼輸入次數超額限額,The payer exceeded the maximum number of PIN attempts.,payment,error,見 SHOPLINE Payments 錯誤碼附錄（docs.shoplinepayments.com/appendix/errorCode/，場景：付款）
shopline,4461,發卡行回傳交易金額超過最大/最小限額,The payer exceeded their available balance/credit limit.,payment,error,見 SHOPLINE Payments 錯誤碼附錄（docs.shoplinepayments.com/appendix/errorCode/，場景：付款）
shopline,4462,發卡行回傳交易密碼檢定不透過,The PIN entered is invalid.,payment,error,見 SHOPLINE Payments 錯誤碼附錄（docs.shoplinepayments.com/appendix/errorCode/，場景：付款）
shopline,4463,發卡銀行識別出交易卡為被竊/遺失卡,The payment was declined after being flagged by the issuing bank.,payment,error,見 SHOPLINE Payments 錯誤碼附錄（docs.shoplinepayments.com/appendix/errorCode/，場景：付款）
shopline,4464,卡被凍結,The selected card application is blocked.,payment,error,見 SHOPLINE Payments 錯誤碼附錄（docs.shoplinepayments.com/appendix/errorCode/，場景：付款）
shopline,4465,輸入PIN,Card/E-Wallet requires online pin,payment,error,見 SHOPLINE Payments 錯誤碼附錄（docs.shoplinepayments.com/appendix/errorCode/，場景：付款）
shopline,4466,金融卡卡受限,Restricted Card or Invalid card in this country,payment,error,見 SHOPLINE Payments 錯誤碼附錄（docs.shoplinepayments.com/appendix/errorCode/，場景：付款）
shopline,4467,已超交易次數,The number of withdrawals permitted for the shopper's card was exceeded,payment,error,見 SHOPLINE Payments 錯誤碼附錄（docs.shoplinepayments.com/appendix/errorCode/，場景：付款）
shopline,4468,付款碼或收款碼已逾期或無效,"Invalid QR Code, or QR Code has expired.",payment,error,見 SHOPLINE Payments 錯誤碼附錄（docs.shoplinepayments.com/appendix/errorCode/，場景：付款）
shopline,4550,客戶自主取消交易,Customer cancellation,payment,error,見 SHOPLINE Payments 錯誤碼附錄（docs.shoplinepayments.com/appendix/errorCode/，場景：付款）
shopline,4551,客戶發起了拒付，交易正在爭議期,Customer dispute,payment,error,見 SHOPLINE Payments 錯誤碼附錄（docs.shoplinepayments.com/appendix/errorCode/，場景：付款）
shopline,4552,顧客付款帳號異常,Customer account error,payment,error,見 SHOPLINE Payments 錯誤碼附錄（docs.shoplinepayments.com/appendix/errorCode/，場景：付款）
shopline,4600,Others-Exception,The payment has been declined for unspecificed reasons.,payment,error,見 SHOPLINE Payments 錯誤碼附錄（docs.shoplinepayments.com/appendix/errorCode/，場景：付款）
shopline,1010,特店SLP退款權限已停用,Merchant refund permission is disabled,refund,error,見 SHOPLINE Payments 錯誤碼附錄（docs.shoplinepayments.com/appendix/errorCode/，場景：退款）
shopline,1013,退款要求已存在，不可重複發起退款,The refund request is existing.,refund,error,見 SHOPLINE Payments 錯誤碼附錄（docs.shoplinepayments.com/appendix/errorCode/，場景：退款）
shopline,1014,交易已完成全部金額退款，無可退款金額,The refund failed due to exceeded the allowable refund amount.,refund,error,見 SHOPLINE Payments 錯誤碼附錄（docs.shoplinepayments.com/appendix/errorCode/，場景：退款）
shopline,1015,特店帳戶未完成高級認證，不可發起退款,Refund decline（issues with customer account）,refund,error,見 SHOPLINE Payments 錯誤碼附錄（docs.shoplinepayments.com/appendix/errorCode/，場景：退款）
shopline,1020,付款交易可以退款的時效為180天，如超過，無法退款,The allowable refund period has expired.,refund,error,見 SHOPLINE Payments 錯誤碼附錄（docs.shoplinepayments.com/appendix/errorCode/，場景：退款）
shopline,1021,請求退款的交易不存在或狀態異常（失敗/逾時）,The refund failed due to the order does not exist or is in exception status.,refund,error,見 SHOPLINE Payments 錯誤碼附錄（docs.shoplinepayments.com/appendix/errorCode/，場景：退款）
shopline,1202,通路不支援線上退款API，只能線下退款,Refund is not support currently,refund,error,見 SHOPLINE Payments 錯誤碼附錄（docs.shoplinepayments.com/appendix/errorCode/，場景：退款）
shopline,1022,由於特店帳戶餘額不足，退款失敗,The refund failed due to the merchant acc does not have enough balance.,refund,error,見 SHOPLINE Payments 錯誤碼附錄（docs.shoplinepayments.com/appendix/errorCode/，場景：退款）
shopline,1023,因為清單以外的未知原因導致退款失敗,The refund request can not be processed at the moment.,refund,error,見 SHOPLINE Payments 錯誤碼附錄（docs.shoplinepayments.com/appendix/errorCode/，場景：退款）
shopline,4502,請求退款的交易不存在或狀態異常（失敗/逾時）,The refund failed due to the order does not exist or is in exception status.,refund,error,見 SHOPLINE Payments 錯誤碼附錄（docs.shoplinepayments.com/appendix/errorCode/，場景：退款）
shopline,4701,退款要求金額超過交易可退款金額,Refund request amount exceeds order refundable amount,refund,error,見 SHOPLINE Payments 錯誤碼附錄（docs.shoplinepayments.com/appendix/errorCode/，場景：退款）
shopline,4702,由於特店帳戶餘額不足，退款失敗,The refund failed due to insufficient merchant account balance,refund,error,見 SHOPLINE Payments 錯誤碼附錄（docs.shoplinepayments.com/appendix/errorCode/，場景：退款）
shopline,4703,付款交易已超過可退款時效,The payment order has exceeded the refundable time limit,refund,error,見 SHOPLINE Payments 錯誤碼附錄（docs.shoplinepayments.com/appendix/errorCode/，場景：退款）
shopline,4704,因為清單以外的未知原因導致退款失敗,The refund failed because of unknown reasons.,refund,error,見 SHOPLINE Payments 錯誤碼附錄（docs.shoplinepayments.com/appendix/errorCode/，場景：退款）
shopline,4705,傳輸金額不正確導致退款失敗,Refund failed because of amount not valid,refund,error,見 SHOPLINE Payments 錯誤碼附錄（docs.shoplinepayments.com/appendix/errorCode/，場景：退款）
shopline,4706,上次的退款交易尚在退款中，無法再新發起退款,The new refund cannot be initiated because the previously refund of the payment is still processing,refund,error,見 SHOPLINE Payments 錯誤碼附錄（docs.shoplinepayments.com/appendix/errorCode/，場景：退款）
shopline,4707,該交易不支援部分退款,Partial refund doesn't support.,refund,error,見 SHOPLINE Payments 錯誤碼附錄（docs.shoplinepayments.com/appendix/errorCode/，場景：退款）
shopline,4700,請求退款的交易不存在或狀態異常（失敗/逾時）,The refund failed because of unknown reasons.,refund,error,見 SHOPLINE Payments 錯誤碼附錄（docs.shoplinepayments.com/appendix/errorCode/，場景：退款）
shopline,1200,暫時不支援綁卡功能,Card binding is not support currently.,api,error,見 SHOPLINE Payments 錯誤碼附錄（docs.shoplinepayments.com/appendix/errorCode/，場景：綁卡）
shopline,1201,系統正在自動處理綁卡後流程，請5分鐘後再試,Card is cloning,api,error,見 SHOPLINE Payments 錯誤碼附錄（docs.shoplinepayments.com/appendix/errorCode/，場景：綁卡）
shopline,4800,未知原因,Binding failed due to unknown reason.,api,error,見 SHOPLINE Payments 錯誤碼附錄（docs.shoplinepayments.com/appendix/errorCode/，場景：綁卡）
shopline,4801,使用者拒絕授權,The merchant rejected the binding.,api,error,見 SHOPLINE Payments 錯誤碼附錄（docs.shoplinepayments.com/appendix/errorCode/，場景：綁卡）
shopline,4802,通路參數錯誤,Bind parameter error.,api,error,見 SHOPLINE Payments 錯誤碼附錄（docs.shoplinepayments.com/appendix/errorCode/，場景：綁卡）
shopline,1203,通路進行卡片驗證，通路回應失敗,Card verification is failed,api,error,見 SHOPLINE Payments 錯誤碼附錄（docs.shoplinepayments.com/appendix/errorCode/，場景：綁卡）
shopline,4900,通路要求該筆交易需要進行3DS，但由於是顧客不在場定期付款，無法完成,Need 3DS,api,error,見 SHOPLINE Payments 錯誤碼附錄（docs.shoplinepayments.com/appendix/errorCode/，場景：定期付款）
shopline,4901,通路要求該筆交易需要進行CVS認證，但由於是顧客不在場定期付款，無法完成,Need cvs,api,error,見 SHOPLINE Payments 錯誤碼附錄（docs.shoplinepayments.com/appendix/errorCode/，場景：定期付款）
shopline,4902,因其它原因，無法完成定期付款,Saved card payment other erorr,api,error,見 SHOPLINE Payments 錯誤碼附錄（docs.shoplinepayments.com/appendix/errorCode/，場景：定期付款）
shopline,6001,交易處理中，交易取消失敗,"Transaction is processing, can not cancel.",api,error,見 SHOPLINE Payments 錯誤碼附錄（docs.shoplinepayments.com/appendix/errorCode/，場景：取消授權）
shopline,6002,交易已請款，無法取消,Can not Cancel the Captured transaction,api,error,見 SHOPLINE Payments 錯誤碼附錄（docs.shoplinepayments.com/appendix/errorCode/，場景：取消授權）
shopline,6003,交易已取消，無法取消,Can not Cancel the Cancelled transaction,api,error,見 SHOPLINE Payments 錯誤碼附錄（docs.shoplinepayments.com/appendix/errorCode/，場景：取消授權）
shopline,6400,交易狀態異常，無法取消,The transaction status is abnormal and cannot be cancelled,api,error,見 SHOPLINE Payments 錯誤碼附錄（docs.shoplinepayments.com/appendix/errorCode/，場景：取消授權）
shopline,6401,通路系統原因導致無法取消,Can not Cancel for system error,api,error,見 SHOPLINE Payments 錯誤碼附錄（docs.shoplinepayments.com/appendix/errorCode/，場景：取消授權）
shopline,7001,請款金額大於可請款金額,The capture amount is bigger than the amount that can be captured,api,error,見 SHOPLINE Payments 錯誤碼附錄（docs.shoplinepayments.com/appendix/errorCode/，場景：請款）
shopline,7002,交易狀態異常，無法請款,The transaction status is abnormal and cannot be captured,api,error,見 SHOPLINE Payments 錯誤碼附錄（docs.shoplinepayments.com/appendix/errorCode/，場景：請款）
shopline,7400,交易狀態異常，無法請款,The transaction status is abnormal and cannot be captured,api,error,見 SHOPLINE Payments 錯誤碼附錄（docs.shoplinepayments.com/appendix/errorCode/，場景：請款）
shopline,7401,通路系統原因導致無法請款,Can not Capture for system error,api,error,見 SHOPLINE Payments 錯誤碼附錄（docs.shoplinepayments.com/appendix/errorCode/，場景：請款）
shopline,7402,請款金額大於可請款金額,The capture amount is bigger than the amount that can be captured,api,error,見 SHOPLINE Payments 錯誤碼附錄（docs.shoplinepayments.com/appendix/errorCode/，場景：請款）
shopline,7403,因授權額度問題請款失敗,Capture fail for bank decline,api,error,見 SHOPLINE Payments 錯誤碼附錄（docs.shoplinepayments.com/appendix/errorCode/，場景：請款）
shopline,1009,特店SLP收款權限已停用,Receive forbidden,api,error,見 SHOPLINE Payments 錯誤碼附錄（docs.shoplinepayments.com/appendix/errorCode/，場景：SDK）
shopline,4200,特店暫未綁定該付款通路,Payment method not activated,api,error,見 SHOPLINE Payments 錯誤碼附錄（docs.shoplinepayments.com/appendix/errorCode/，場景：SDK）
shopline,4201,特店暫無使用權限,The payment failed due to merchant account invalid,api,error,見 SHOPLINE Payments 錯誤碼附錄（docs.shoplinepayments.com/appendix/errorCode/，場景：SDK）
shopline,4202,通路或付款方式暫時不支援該交易幣種,Currency not support,api,error,見 SHOPLINE Payments 錯誤碼附錄（docs.shoplinepayments.com/appendix/errorCode/，場景：SDK）
shopline,4203,特店收款帳戶狀態異常,Merchant payment permission is disabled,api,error,見 SHOPLINE Payments 錯誤碼附錄（docs.shoplinepayments.com/appendix/errorCode/，場景：SDK）
shopline,4204,暫不支援該付款方式,This payment method is not currently supported,api,error,見 SHOPLINE Payments 錯誤碼附錄（docs.shoplinepayments.com/appendix/errorCode/，場景：SDK）
shopline,8100,無法對已經結算的交易執行結算,Transaction already settled.,api,error,見 SHOPLINE Payments 錯誤碼附錄（docs.shoplinepayments.com/appendix/errorCode/，場景：結算）
shopline,8101,無法對已經預約結算的交易執行結算,Transaction already scheduled for settlement.,api,error,見 SHOPLINE Payments 錯誤碼附錄（docs.shoplinepayments.com/appendix/errorCode/，場景：結算）
shopline,1011,提現已停用,Withdraw Forbidden,api,error,見 SHOPLINE Payments 錯誤碼附錄（docs.shoplinepayments.com/appendix/errorCode/，場景：轉帳交易）
shopline,9007,帳戶餘額不足,Account balance not enough,api,error,見 SHOPLINE Payments 錯誤碼附錄（docs.shoplinepayments.com/appendix/errorCode/，場景：轉帳交易）
shopline,1002,可操作餘額不足,Amount not enough,api,error,見 SHOPLINE Payments 錯誤碼附錄（docs.shoplinepayments.com/appendix/errorCode/，場景：分帳交易）
shopline,1040,該付款方式的交易不支援分帳,Transactions using this payment method cannot be split.,api,error,見 SHOPLINE Payments 錯誤碼附錄（docs.shoplinepayments.com/appendix/errorCode/，場景：分帳交易）
shopline,2113,此主體已經存在,entity not unique,onboarding,error,見 SHOPLINE Payments 錯誤碼附錄（docs.shoplinepayments.com/appendix/errorCode/，場景：Onboarding）
shopline,2116,此負責人或最終受益人已經存在,person not unique,onboarding,error,見 SHOPLINE Payments 錯誤碼附錄（docs.shoplinepayments.com/appendix/errorCode/，場景：Onboarding）
shopline,2121,此銀行帳戶已提交，請勿重複提交,"The bank has been submitted, please do not repeat",onboarding,error,見 SHOPLINE Payments 錯誤碼附錄（docs.shoplinepayments.com/appendix/errorCode/，場景：Onboarding）
shopline,2131,此主體正在申請中,entity applying,onboarding,error,見 SHOPLINE Payments 錯誤碼附錄（docs.shoplinepayments.com/appendix/errorCode/，場景：Onboarding）
linepay,0000,,"Returned when the request is successful. If this is the result of a payment request status check, the code indicates that The customer has not yet completed LINE Pay authentication.",success,info,見 LINE Pay Online API v3 結果代碼（developers-pay.line.me/online-api-v3）
linepay,0110,,"The customer has completed LINE Pay authentication, and you can proceed with payment confirmation.",api,info,見 LINE Pay Online API v3 結果代碼（developers-pay.line.me/online-api-v3）
linepay,0121,,"The customer canceled the payment, or the LINE Pay authentication waiting time expired.",api,info,見 LINE Pay Online API v3 結果代碼（developers-pay.line.me/online-api-v3）
linepay,0122,,Payment failed.,api,info,見 LINE Pay Online API v3 結果代碼（developers-pay.line.me/online-api-v3）
linepay,0123,,Payment completed.,api,info,見 LINE Pay Online API v3 結果代碼（developers-pay.line.me/online-api-v3）
linepay,1101,,The customer isn't a LINE Pay user.,api,error,見 LINE Pay Online API v3 結果代碼（developers-pay.line.me/online-api-v3）
linepay,1102,,The customer is currently unable to make transactions with LINE Pay.,api,error,見 LINE Pay Online API v3 結果代碼（developers-pay.line.me/online-api-v3）
linepay,1104,,The merchant isn't registered on the merchant center. Check if the correct credentials are entered.,api,error,見 LINE Pay Online API v3 結果代碼（developers-pay.line.me/online-api-v3）
linepay,1105,,LINE Pay is currently unavailable for the merchant.,api,error,見 LINE Pay Online API v3 結果代碼（developers-pay.line.me/online-api-v3）
linepay,1106,,There is an error in the request header information.,api,error,見 LINE Pay Online API v3 結果代碼（developers-pay.line.me/online-api-v3）
linepay,1110,,The credit card cannot be used.,api,error,見 LINE Pay Online API v3 結果代碼（developers-pay.line.me/online-api-v3）
linepay,1124,,There is an error in the amount information.,api,error,見 LINE Pay Online API v3 結果代碼（developers-pay.line.me/online-api-v3）
linepay,1141,,"There is a problem with the account status. In case of EPI transaction, the merchant may not have enabled the EPI payment method, if pre-approved transaction, user might discarded pre-approved payment key and need to obtain a new key.",api,error,見 LINE Pay Online API v3 結果代碼（developers-pay.line.me/online-api-v3）
linepay,1142,,The balance is insufficient.,api,error,見 LINE Pay Online API v3 結果代碼（developers-pay.line.me/online-api-v3）
linepay,1145,,Payment is in progress.,api,error,見 LINE Pay Online API v3 結果代碼（developers-pay.line.me/online-api-v3）
linepay,1150,,There are no transaction details.,api,error,見 LINE Pay Online API v3 結果代碼（developers-pay.line.me/online-api-v3）
linepay,1152,,There is a duplicate transaction.,api,error,見 LINE Pay Online API v3 結果代碼（developers-pay.line.me/online-api-v3）
linepay,1153,,The payment request amount and the capture amount differ.,api,error,見 LINE Pay Online API v3 結果代碼（developers-pay.line.me/online-api-v3）
linepay,1154,,The selected payment method for pre-approved payment isn't available.,api,error,見 LINE Pay Online API v3 結果代碼（developers-pay.line.me/online-api-v3）
linepay,1155,,This is an invalid transaction ID.,api,error,見 LINE Pay Online API v3 結果代碼（developers-pay.line.me/online-api-v3）
linepay,1159,,There is no payment request information.,api,error,見 LINE Pay Online API v3 結果代碼（developers-pay.line.me/online-api-v3）
linepay,1163,,Refund isn't available (refund period has expired).,api,error,見 LINE Pay Online API v3 結果代碼（developers-pay.line.me/online-api-v3）
linepay,1164,,Exceeded the refundable amount.,api,error,見 LINE Pay Online API v3 結果代碼（developers-pay.line.me/online-api-v3）
linepay,1165,,The transaction has already been refunded.,api,error,見 LINE Pay Online API v3 結果代碼（developers-pay.line.me/online-api-v3）
linepay,1169,,LINE Pay requires payment method selection and password authentication.,api,error,見 LINE Pay Online API v3 結果代碼（developers-pay.line.me/online-api-v3）
linepay,1170,,The balance in the member's account has changed.,api,error,見 LINE Pay Online API v3 結果代碼（developers-pay.line.me/online-api-v3）
linepay,1172,,Transaction details with the same order ID already exist.,api,error,見 LINE Pay Online API v3 結果代碼（developers-pay.line.me/online-api-v3）
linepay,1177,,Exceeded the maximum number of transactions that can be retrieved. (100),api,error,見 LINE Pay Online API v3 結果代碼（developers-pay.line.me/online-api-v3）
linepay,1178,,The currency isn't supported by the merchant.,api,error,見 LINE Pay Online API v3 結果代碼（developers-pay.line.me/online-api-v3）
linepay,1179,,Cannot be processed at the moment.,api,error,見 LINE Pay Online API v3 結果代碼（developers-pay.line.me/online-api-v3）
linepay,1180,,Payment time expired.,api,error,見 LINE Pay Online API v3 結果代碼（developers-pay.line.me/online-api-v3）
linepay,1183,,Payment amount must exceed the minimum amount set.,api,error,見 LINE Pay Online API v3 結果代碼（developers-pay.line.me/online-api-v3）
linepay,1184,,Payment amount must not exceed the maximum amount set.,api,error,見 LINE Pay Online API v3 結果代碼（developers-pay.line.me/online-api-v3）
linepay,1190,,There is no pre-approved payment key.,api,error,見 LINE Pay Online API v3 結果代碼（developers-pay.line.me/online-api-v3）
linepay,1193,,Pre-approved payment key has expired.,api,error,見 LINE Pay Online API v3 結果代碼（developers-pay.line.me/online-api-v3）
linepay,1194,,Pre-approved payment isn't available for this merchant.,api,error,見 LINE Pay Online API v3 結果代碼（developers-pay.line.me/online-api-v3）
linepay,1198,,API request is duplicated.,api,error,見 LINE Pay Online API v3 結果代碼（developers-pay.line.me/online-api-v3）
linepay,1199,,Internal error occurred during the request.,api,error,見 LINE Pay Online API v3 結果代碼（developers-pay.line.me/online-api-v3）
linepay,1280,,Temporary error occurred during credit card payment.,api,error,見 LINE Pay Online API v3 結果代碼（developers-pay.line.me/online-api-v3）
linepay,1281,,Error occurred during credit card payment.,api,error,見 LINE Pay Online API v3 結果代碼（developers-pay.line.me/online-api-v3）
linepay,1282,,Error occurred during credit card authorization.,api,error,見 LINE Pay Online API v3 結果代碼（developers-pay.line.me/online-api-v3）
linepay,1283,,Payment was denied due to suspected fraudulent use.,api,error,見 LINE Pay Online API v3 結果代碼（developers-pay.line.me/online-api-v3）
linepay,1284,,Credit card payment is temporarily suspended.,api,error,見 LINE Pay Online API v3 結果代碼（developers-pay.line.me/online-api-v3）
linepay,1285,,Credit card payment information is missing.,api,error,見 LINE Pay Online API v3 結果代碼（developers-pay.line.me/online-api-v3）
linepay,1286,,Credit card payment information is incorrect.,api,error,見 LINE Pay Online API v3 結果代碼（developers-pay.line.me/online-api-v3）
linepay,1287,,Credit card expiration date has passed.,api,error,見 LINE Pay Online API v3 結果代碼（developers-pay.line.me/online-api-v3）
linepay,1288,,Insufficient balance in the credit card account,api,error,見 LINE Pay Online API v3 結果代碼（developers-pay.line.me/online-api-v3）
linepay,1289,,Exceeded the credit card limit.,api,error,見 LINE Pay Online API v3 結果代碼（developers-pay.line.me/online-api-v3）
linepay,1290,,Exceeded the per-transaction limit for credit card payments.,api,error,見 LINE Pay Online API v3 結果代碼（developers-pay.line.me/online-api-v3）
linepay,1291,,This card is reported stolen.,api,error,見 LINE Pay Online API v3 結果代碼（developers-pay.line.me/online-api-v3）
linepay,1292,,Card usage is suspended.,api,error,見 LINE Pay Online API v3 結果代碼（developers-pay.line.me/online-api-v3）
linepay,1293,,CVN input error occurred.,api,error,見 LINE Pay Online API v3 結果代碼（developers-pay.line.me/online-api-v3）
linepay,1294,,This card is on the blacklist.,api,error,見 LINE Pay Online API v3 結果代碼（developers-pay.line.me/online-api-v3）
linepay,1295,,The credit card number is incorrect.,api,error,見 LINE Pay Online API v3 結果代碼（developers-pay.line.me/online-api-v3）
linepay,1296,,This amount cannot be processed.,api,error,見 LINE Pay Online API v3 結果代碼（developers-pay.line.me/online-api-v3）
linepay,1298,,Card use was declined.,api,error,見 LINE Pay Online API v3 結果代碼（developers-pay.line.me/online-api-v3）
linepay,2101,,Parameter error occurred.,api,error,見 LINE Pay Online API v3 結果代碼（developers-pay.line.me/online-api-v3）
linepay,2102,,JSON data format error occurred.,api,error,見 LINE Pay Online API v3 結果代碼（developers-pay.line.me/online-api-v3）
linepay,9000,,Internal error occurred.,api,error,見 LINE Pay Online API v3 結果代碼（developers-pay.line.me/online-api-v3）
jkopay,000,成功,Success,success,info,
jkopay,101,訂單已付款,Order is paid,duplicate,warning,以 platform_order_id 查詢 Inquiry API 確認狀態後結案勿重複建單
jkopay,200,參數錯誤,Bad request,validation,error,message 會動態指出錯誤欄位 依訊息修正
jkopay,200-store,商店代碼錯誤,Store not found,validation,error,確認 store_id 使用該環境(測試/正式)對應代碼
jkopay,200-currency,商店不支援此幣別,Using the currency unsupported by the Store,validation,error,確認商店已開通該幣別 或改用 TWD
jkopay,200-identity,此商店訂單需身分驗證,Entry of this store needs identity verification,validation,error,需帶入 identities 資料 洽街口確認商店設定
jkopay,200-mismatch,同單號但關鍵欄位不一致,Order has been used as entry but they do not match with each others,validation,error,同一 platform_order_id 重送時 store_id/currency/total_price/final_price 必須完全相同
jkopay,200-digits,幣別小數位檢核失敗,Invalid number of digits for the order currency amount,validation,error,依 currency 規定的小數位數送出金額
jkopay,200-minamount,低於該幣別最低金額,Order price below limit for this currency,validation,error,JPY>=5 USD>=0.02 CNY>=0.11 HKD>=0.13
jkopay,100,訂單不存在,Invaid Order ID,not_found,error,確認 platform_order_id 正確且已建單
jkopay,102,超過180天退款期限,Order has excessed 180 days cannot be refunded,business,error,街口退款期限為 180 天 逾期須改走線下退款
jkopay,105,金額不一致,Inconsistent remain amount / Inconsistent refund amount,validation,error,同一 refund_order_id 重送時 refund_amount 必須相同
jkopay,111,交易已關帳,Transaction has been closed,business,error,已關帳交易無法退款 須洽街口處理
jkopay,113,商家餘額不足,Refund reject due to refund amount exceeds total unreimbursed amount.,business,error,退款金額超過未撥款總額 待撥款入帳後再退
jkopay,116,街口券退款失敗,JKOPAY coupon reimbursement failed please contact JKOPAY for assistance in refund,business,error,聯繫街口客服協助處理
jkopay,117,用券訂單僅接受全額退款,JKOPAY Coupon is used in this transaction and we will only accept full refund,business,error,退款前先檢查 redeem_detail 有券則不可部分退款
jkopay,922,退款金額超過可退金額,Refund amount exceeds order final price,validation,error,退款金額不可超過 final_price 扣除已退金額
jkopay,978,帳戶已關閉,Closed account can't use JKOPay's service please contact the JKOPay's customer service.,auth,error,聯繫街口客服確認帳戶狀態
jkopay,999,街口系統錯誤,Internal Error,server,error,街口方非預期錯誤 稍後重試並保留 platform_order_id 供查詢
jkopay,103,退款金額錯誤,Error in refund amount,validation,error,授權扣款退款 檢查 refund_amount 是否正確
jkopay,104,超過月限額,Payment/transfer amount is over the monthly limit,business,error,電支個人月限額已滿 須待次月或改用其他支付工具
jkopay,110,查無此商店,Store not found,validation,error,確認 store_id 為該環境對應代碼
jkopay,115,付款失敗,Payment failed,business,error,消費者付款工具失敗 請消費者改用其他支付工具
jkopay,121,銀行帳戶餘額不足,Insufficient bank account balance.,business,error,消費者綁定的銀行帳戶餘額不足 建議通知消費者後重試
jkopay,201,驗證錯誤,Validation error,validation,error,授權扣款模組專屬 檢查必填欄位與型態
jkopay,301,無效的授權編號,Invalid auth_no,validation,error,確認 auth_no 來自綁定 callback 且未過期
jkopay,302,授權編號已取消,Canceled auth_no,business,error,該授權已終止 需請消費者重新綁定
jkopay,303,超過用戶設定的最高額度,FinalPrice exceeded the max amount quota set by the user,business,error,額度由消費者在街口 App 自行設定 非商家可控 須請消費者調高
jkopay,304,金額與授權帳單金額不一致,Order finalPrice is not consistent with authpay billing amount,validation,error,定期定額的 final_price 必須等於綁定時的 billing_amount
jkopay,305,超過當前週期扣款次數,Authpay payment exceeds current billing cycle times,business,error,週期次數上限 week/month/quarter<=7 year<=12 檢查 billing_cycle.times
jkopay,306,授權扣款時段無效,Authpay payment transaction time invalid.(Available at 08:00 - 20:00 UTC+8),business,error,授權扣款僅限 08:00-20:00 UTC+8 排程勿排夜間
jkopay,307,同一授權不可併發扣款,Payment with the same auth_no is allowed one at a time,business,error,同一 auth_no 同時僅允許一筆付款 扣款須序列化
sunpay,10,交易成功,Transaction Success,success,info,交易通知 status / 查詢 result.status（紅陽金流技術串接手冊 v1.1.0 4.3、4.4.2）
sunpay,11,交易失敗,Transaction Failed,payment,error,交易通知 status / 查詢 result.status；查 msg 確認原因（紅陽金流技術串接手冊 v1.1.0 4.3、4.4.2）
sunpay,12-callback,已建立(交易通知),Order Created,payment,warning,交易通知的 12 代表已建立尚未付款，勿與查詢的 12（查無訂單）、退款的 12（無此訂單）混淆（紅陽金流技術串接手冊 v1.1.0 4.3）
sunpay,12-query,查無該筆訂單(查詢API),Order Not Found,query,error,查詢 API result.status（紅陽金流技術串接手冊 v1.1.0 4.4.2）
sunpay,06,紅陽交易編號或是特店訂單編號必須擇一,Trade No or Order No required,validation,error,查詢 API result.status；trade_no 與 td 必須擇一帶入（紅陽金流技術串接手冊 v1.1.0 4.4.2）
sunpay,13-query,交易未完成(查詢API),Transaction Incomplete,query,warning,查詢 API result.status；消費者尚未完成付款（紅陽金流技術串接手冊 v1.1.0 4.4.2）
sunpay,14,訂單退款,Order Refunded,refund,info,查詢 API result.status；另看 refund_status（紅陽金流技術串接手冊 v1.1.0 4.4.2）
sunpay,15,交易取消,Transaction Canceled,query,info,查詢 API result.status（紅陽金流技術串接手冊 v1.1.0 4.4.2）
sunpay,00,請求成功,Request Success,success,info,查詢 / 請款 API 外層 code（紅陽金流技術串接手冊 v1.1.0 4.4.2、4.5.2）；查詢時業務狀態看 result.status
sunpay,99-query,未知錯誤(查詢/請款API),Unknown Error,system,error,查詢 API 外層 code 99「未知錯誤」、請款 API 99「請求失敗」（紅陽金流技術串接手冊 v1.1.0 4.4.2、4.5.2）
sunpay,01,特店代碼不正確,Invalid Merchant,auth,error,退款 API code（紅陽金流技術串接手冊 v1.1.0 4.6.2）
sunpay,02,訂單編號重複,Duplicate Order No,validation,error,退款 API code（紅陽金流技術串接手冊 v1.1.0 4.6.2）
sunpay,03,參數不正確,Invalid Parameter,validation,error,退款 API code（紅陽金流技術串接手冊 v1.1.0 4.6.2）
sunpay,04,驗簽失敗,Signature Verification Failed,auth,error,退款 API code（紅陽金流技術串接手冊 v1.1.0 4.6.2）
sunpay,12-refund,無此訂單(退款API),Order Not Found,refund,error,退款 API code（紅陽金流技術串接手冊 v1.1.0 4.6.2）
sunpay,13-refund,訂單已申請退款(退款API),Refund Already Requested,refund,error,退款 API code（紅陽金流技術串接手冊 v1.1.0 4.6.2）
sunpay,20,申請退款成功,Refund Requested,refund,info,退款 API code（紅陽金流技術串接手冊 v1.1.0 4.6.2）
sunpay,21,申請退款失敗，非信用卡交易不接受退款,Refund Rejected (non-credit),refund,error,退款 API code（紅陽金流技術串接手冊 v1.1.0 4.6.2）
sunpay,22,超過退款申請期限,Refund Period Expired,refund,error,退款 API code（紅陽金流技術串接手冊 v1.1.0 4.6.2）
sunpay,23,已退款達兩次,Refund Limit Reached,refund,error,退款 API code（紅陽金流技術串接手冊 v1.1.0 4.6.2）
sunpay,24,已無餘額可退款,No Refundable Balance,refund,error,退款 API code（紅陽金流技術串接手冊 v1.1.0 4.6.2）
sunpay,25,當日訂單僅允許全額退款,Same-day Orders Allow Full Refund Only,refund,error,退款 API code（紅陽金流技術串接手冊 v1.1.0 4.6.2）
sunpay,26,本次退款金額需與可退款金額一致,Refund Amount Must Equal Refundable Amount,refund,error,退款 API code（紅陽金流技術串接手冊 v1.1.0 4.6.2）
sunpay,97,不接受此 IP 進行授權,IP Not Allowed,auth,error,退款 API code（紅陽金流技術串接手冊 v1.1.0 4.6.2）
sunpay,99-refund,未知錯誤(退款API),Unknown Error,system,error,退款 API code（紅陽金流技術串接手冊 v1.1.0 4.6.2）
jkopay,POS-000,交易成功,Success,success,info,
jkopay,POS-301,交易失敗(網路或系統異常),Transaction failed network or system error,server,error,稍後重試 注意此碼與 Platform API 的 301(Invalid auth_no) 意義不同
jkopay,POS-601,查無綁定會員,Bound member not found,validation,error,消費者未完成綁定 請其於街口 App 完成設定
jkopay,POS-801,Gateway 連線異常,Gateway connection error,server,error,街口端連線異常 稍後重試
jkopay,POS-802,銀行端交易失敗,Bank transaction failed,payment,error,依 StatusDesc 內的銀行端錯誤訊息判斷 請消費者改用其他付款方式
jkopay,POS-804,缺少必要參數,Missing required parameter,validation,error,POS 付款所有欄位皆為必填 無值請帶空字串而非省略
jkopay,POS-812,此筆訂單已轉退款,Order already refunded,business,error,查詢原訂單狀態後結案
jkopay,POS-901,未明確定義錯誤,Undefined error,server,error,保留 MerchantTradeNo 洽街口客服查詢
jkopay,POS-904,加簽或驗簽失敗,Signature verification failed,auth,error,POS 簽章需將欄位依 Key 字母排序 去除空白換行 JSON 尾接 MerchantKey 後 SHA256 且 Sign 須全小寫
jkopay,POS-905,解析資料失敗,Data parsing failed,validation,error,檢查 JSON 格式與欄位型態
jkopay,POS-906,條碼已失效,Barcode expired,validation,error,街口付款條碼有時效 請消費者重新出示條碼
jkopay,POS-907,非街口合作店鋪,Store not a JKOPAY partner,auth,error,確認 MerchantID 與 StoreID 已開通
jkopay,POS-909,寫入資料失敗,Data write failed,server,error,稍後重試
jkopay,POS-911,停權用戶,Suspended user,business,error,請消費者聯繫街口客服 02-87717212
jkopay,POS-912,查無會員,Member not found,validation,error,確認消費者帳號狀態
jkopay,POS-916,查無此訂單,Order not found,query,error,確認 MerchantTradeNo 正確且交易已建立
jkopay,POS-927,條碼錯誤,Invalid barcode,validation,error,CardToken 格式為固定 2 碼 22 加 16 碼亂數 共 18 碼
jkopay,POS-928,消費者街口帳戶餘額不足,Insufficient JKOPAY balance,business,error,請消費者儲值或改用其他付款方式
jkopay,POS-929,交易類型不支援此付款方式,Payment type not supported,validation,error,確認該店鋪已開通該付款方式
jkopay,POS-931,交易金額已達限額,Transaction amount limit reached,business,error,電支法規限額 請拆單或改用其他支付工具
jkopay,POS-932,店家收款金額已達限額,Store receiving limit reached,business,error,洽街口調整店家限額
jkopay,POS-934,訂單狀態異常無法退款,Order status invalid for refund,business,error,先查詢訂單狀態確認是否已退款或已取消
jkopay,POS-935,已達每日店鋪限額,Daily store limit reached,business,error,隔日再行交易或洽街口調整限額
jkopay,POS-939,學生儲值卡餘額不足,Insufficient student card balance,business,error,請消費者改用其他付款方式
jkopay,POS-940,支付金額不可小於等於0元,Amount must be greater than zero,validation,error,TradeAmount 需為正整數
jkopay,POS-951,退款造成街口帳戶支出故拒絕退款,Refund would cause JKOPAY account outflow,business,error,洽街口客服協助處理
jkopay,POS-961,退款需收回街口幣或現金回饋導致信用卡退刷異常,Refund conflicts with coin or cashback,business,error,洽街口客服協助處理
jkopay,POS-962,儲值卡退款失敗,Stored value card refund failed,business,error,洽街口客服協助處理
jkopay,POS-968,使用街口券的交易無法部分退款,Coupon transaction requires full refund,business,error,退款前先檢查折抵資訊 有券則只能全額退款
jkopay,POS-975,退款金額大於店家累計未請款金額,Refund exceeds unreimbursed balance,business,error,待撥款入帳後再行退款
jkopay,POS-977,逾一年未使用需先身分驗證,Identity verification required,business,error,請消費者聯繫街口客服 02-87717212 進行身分驗證
jkopay,POS-978,此用戶無法使用街口服務,User cannot use JKOPAY,business,error,請消費者洽街口客服 02-87717212
jkopay,POS-980,此店鋪已下線,Store offline,auth,error,確認店鋪狀態並洽街口重新上線
jkopay,OA-001,OAuth 取得 token 成功,Success,success,info,
jkopay,OA-205,Auth Code 已被使用,Auth code already used,auth,error,auth_code 僅能使用一次 需重新引導使用者授權
jkopay,OA-360,Auth Code 過期,Auth code expired,auth,error,重新引導使用者授權取得新的 auth_code
jkopay,OA-999,OAuth 系統異常,System error,server,error,稍後重試
jkopay,UP-001,取得用戶資料成功,Success,success,info,
jkopay,UP-460,Access Token 過期,Access token expired,auth,error,以 refresh_token 換取新的 access_token
jkopay,UP-999,用戶資料系統異常,System error,server,error,稍後重試
jkopay,405,權限不足,Permission denied,auth,error,JOP Gateway 該 client_id 未取得此 API 權限 洽街口開放平台開通
jkopay,0001,街口幣發放成功,Success,success,info,
jkopay,2-GW-0997,服務維護中(Gateway),Service is under maintenance,server,error,街口幣發放閘道維護中 稍後以同一 exchangeId 重試
jkopay,2-GW-0201,驗簽失敗(Gateway),Signature verification failed,auth,error,街口幣發放的簽章與線上支付同規則 HMAC-SHA256 簽 payload 原文 注意 Header 為 Api-Key 與 Digest 首字大寫
jkopay,2-MT-9001,欄位檢核失敗,Validation failed,validation,error,檢查 clientId exchangeId amount jkosId 四個必填欄位
jkopay,2-MT-9002,發放對象不存在,Target user not found,validation,error,確認 jkosId 為有效的街口用戶 UUID
jkopay,2-MT-9003,發放金額需大於0,Amount must be greater than zero,validation,error,amount 必須大於 0
jkopay,2-MT-9004,驗證失敗,Authentication failed,auth,error,確認 Api-Key 正確且已開通街口幣發放權限
jkopay,2-MT-9006,exchangeId 請求不一致,Inconsistent request for exchangeId,validation,error,同一 exchangeId 帶了不同參數 屬實作錯誤非暫時性失敗 請修正參數而非重試
jkopay,2-MT-9005,街口幣發放內部錯誤,Internal service error,server,error,訂單卡在處理中可能已發幣成功 必須以「同一個」exchangeId 重送直到取得明確結果 換號會重複發幣
jkopay,2-MT-9999,街口幣發放非預期錯誤,Unspecified Error,server,error,同 2-MT-9005 必須以同一個 exchangeId 重送 不可換號
paynow,M000,參數錯誤 (Contract_check) PayNow合約認可,,api,error,見 PayNow 金流錯誤代碼表（docs.paynow.com.tw/developer/docs/apipdf/cashflow/cashflow-errorcode）：會員資料新增
paynow,M001,參數錯誤 (mem_kind) 會員類別,,api,error,見 PayNow 金流錯誤代碼表（docs.paynow.com.tw/developer/docs/apipdf/cashflow/cashflow-errorcode）：會員資料新增
paynow,M002,參數錯誤 (mem_namebrain) 公司名稱或申請人姓名,,api,error,見 PayNow 金流錯誤代碼表（docs.paynow.com.tw/developer/docs/apipdf/cashflow/cashflow-errorcode）：會員資料新增
paynow,M003,參數錯誤 (mem_cid) 公司統編或個人身分證,,api,error,見 PayNow 金流錯誤代碼表（docs.paynow.com.tw/developer/docs/apipdf/cashflow/cashflow-errorcode）：會員資料新增
paynow,M004,參數錯誤 (mem_tax) 公司稅籍編號,,api,error,見 PayNow 金流錯誤代碼表（docs.paynow.com.tw/developer/docs/apipdf/cashflow/cashflow-errorcode）：會員資料新增
paynow,M005,參數錯誤 (mem_nameregist) 負責人姓名,,api,error,見 PayNow 金流錯誤代碼表（docs.paynow.com.tw/developer/docs/apipdf/cashflow/cashflow-errorcode）：會員資料新增
paynow,M006,參數錯誤 (mem_idregist) 負責人身分證,,api,error,見 PayNow 金流錯誤代碼表（docs.paynow.com.tw/developer/docs/apipdf/cashflow/cashflow-errorcode）：會員資料新增
paynow,M007,參數錯誤 (mem_tel) 公司代表號,,api,error,見 PayNow 金流錯誤代碼表（docs.paynow.com.tw/developer/docs/apipdf/cashflow/cashflow-errorcode）：會員資料新增
paynow,M008,參數錯誤 (mem_zipcode) 郵遞區號,,api,error,見 PayNow 金流錯誤代碼表（docs.paynow.com.tw/developer/docs/apipdf/cashflow/cashflow-errorcode）：會員資料新增
paynow,M009,參數錯誤 (mem_add) 公司地址,,api,error,見 PayNow 金流錯誤代碼表（docs.paynow.com.tw/developer/docs/apipdf/cashflow/cashflow-errorcode）：會員資料新增
paynow,M025,已有註冊相同帳號但未開通，請至下列網址進行開通 正式：https://www.paynow.com.tw/index/mem_identification.aspx 測試：https://test.paynow.com.tw/index/mem_identification.aspx,,api,error,見 PayNow 金流錯誤代碼表（docs.paynow.com.tw/developer/docs/apipdf/cashflow/cashflow-errorcode）：會員資料新增
paynow,M026,參數錯誤 (mem_fax) 傳真號碼錯誤,,api,error,見 PayNow 金流錯誤代碼表（docs.paynow.com.tw/developer/docs/apipdf/cashflow/cashflow-errorcode）：會員資料新增
paynow,M027,會員加入系統錯誤，請連絡系統商,,api,error,見 PayNow 金流錯誤代碼表（docs.paynow.com.tw/developer/docs/apipdf/cashflow/cashflow-errorcode）：會員資料新增
paynow,M028,會員驗證開通錯誤，請連絡系統商,,api,error,見 PayNow 金流錯誤代碼表（docs.paynow.com.tw/developer/docs/apipdf/cashflow/cashflow-errorcode）：會員資料新增
paynow,M029,公司名稱或申請人姓名或負責人姓名，姓名不可輸入英數字,,api,error,見 PayNow 金流錯誤代碼表（docs.paynow.com.tw/developer/docs/apipdf/cashflow/cashflow-errorcode）：會員資料新增
paynow,M030,此帳號可能已被註冊為賣家,,api,error,見 PayNow 金流錯誤代碼表（docs.paynow.com.tw/developer/docs/apipdf/cashflow/cashflow-errorcode）：會員資料新增
paynow,M031,參數錯誤 (upmem) 是否買家升級賣家,,api,error,見 PayNow 金流錯誤代碼表（docs.paynow.com.tw/developer/docs/apipdf/cashflow/cashflow-errorcode）：會員資料新增
paynow,M032,買家升級賣家錯誤，無此買家,,api,error,見 PayNow 金流錯誤代碼表（docs.paynow.com.tw/developer/docs/apipdf/cashflow/cashflow-errorcode）：會員資料新增
paynow,M033,此帳號可能已被註冊為買家,,api,error,見 PayNow 金流錯誤代碼表（docs.paynow.com.tw/developer/docs/apipdf/cashflow/cashflow-errorcode）：會員資料新增
paynow,M034,此帳號未通過驗證,,api,error,見 PayNow 金流錯誤代碼表（docs.paynow.com.tw/developer/docs/apipdf/cashflow/cashflow-errorcode）：會員資料新增
paynow,M035,MCC_CODE格式錯誤,,api,error,見 PayNow 金流錯誤代碼表（docs.paynow.com.tw/developer/docs/apipdf/cashflow/cashflow-errorcode）：會員資料新增
paynow,M036,非使用中MCC_CODE代碼,,api,error,見 PayNow 金流錯誤代碼表（docs.paynow.com.tw/developer/docs/apipdf/cashflow/cashflow-errorcode）：會員資料新增
paynow,M037,手續費率設定錯誤,,api,error,見 PayNow 金流錯誤代碼表（docs.paynow.com.tw/developer/docs/apipdf/cashflow/cashflow-errorcode）：會員資料新增
paynow,A000,額度查詢錯誤,,api,error,見 PayNow 金流錯誤代碼表（docs.paynow.com.tw/developer/docs/apipdf/cashflow/cashflow-errorcode）：升級商務資格
paynow,A001,商務升級會員帳號錯誤,,api,error,見 PayNow 金流錯誤代碼表（docs.paynow.com.tw/developer/docs/apipdf/cashflow/cashflow-errorcode）：升級商務資格
paynow,A002,未使用信用卡認證，請先申請信用卡認證,,api,error,見 PayNow 金流錯誤代碼表（docs.paynow.com.tw/developer/docs/apipdf/cashflow/cashflow-errorcode）：升級商務資格
paynow,A003,您已經使用過信用卡認證服務,,api,error,見 PayNow 金流錯誤代碼表（docs.paynow.com.tw/developer/docs/apipdf/cashflow/cashflow-errorcode）：升級商務資格
paynow,A004,信用卡認證碼錯誤，請重新輸入,,api,error,見 PayNow 金流錯誤代碼表（docs.paynow.com.tw/developer/docs/apipdf/cashflow/cashflow-errorcode）：升級商務資格
paynow,A005,額度提升系統程式錯誤，請連絡系統商,,api,error,見 PayNow 金流錯誤代碼表（docs.paynow.com.tw/developer/docs/apipdf/cashflow/cashflow-errorcode）：升級商務資格
paynow,C000,非PayNow會員,,api,error,見 PayNow 金流錯誤代碼表（docs.paynow.com.tw/developer/docs/apipdf/cashflow/cashflow-errorcode）：會員請款
paynow,C001,無可請款資料,,api,error,見 PayNow 金流錯誤代碼表（docs.paynow.com.tw/developer/docs/apipdf/cashflow/cashflow-errorcode）：會員請款
paynow,C002,無訂單編號資料,,api,error,見 PayNow 金流錯誤代碼表（docs.paynow.com.tw/developer/docs/apipdf/cashflow/cashflow-errorcode）：會員請款
paynow,C003,可請款筆數與欲請款筆數不符，請確認是否已請款或該交易是否可請款,,api,error,見 PayNow 金流錯誤代碼表（docs.paynow.com.tw/developer/docs/apipdf/cashflow/cashflow-errorcode）：會員請款
paynow,C004,訂單編號請款程式錯誤，請與系統商連絡,,api,error,見 PayNow 金流錯誤代碼表（docs.paynow.com.tw/developer/docs/apipdf/cashflow/cashflow-errorcode）：會員請款
paynow,C005,全數請款程式錯誤，請與系統商連絡,,api,error,見 PayNow 金流錯誤代碼表（docs.paynow.com.tw/developer/docs/apipdf/cashflow/cashflow-errorcode）：會員請款
paynow,C006,無對應驗證碼ID,,api,error,見 PayNow 金流錯誤代碼表（docs.paynow.com.tw/developer/docs/apipdf/cashflow/cashflow-errorcode）：會員請款
paynow,C007,驗證碼錯誤,,api,error,見 PayNow 金流錯誤代碼表（docs.paynow.com.tw/developer/docs/apipdf/cashflow/cashflow-errorcode）：會員請款
paynow,C008,無此EC廠商,,api,error,見 PayNow 金流錯誤代碼表（docs.paynow.com.tw/developer/docs/apipdf/cashflow/cashflow-errorcode）：會員請款
paynow,C009,此會員無EC廠商,,api,error,見 PayNow 金流錯誤代碼表（docs.paynow.com.tw/developer/docs/apipdf/cashflow/cashflow-errorcode）：會員請款
paynow,B000,更新會員銀行帳戶失敗,,api,error,見 PayNow 金流錯誤代碼表（docs.paynow.com.tw/developer/docs/apipdf/cashflow/cashflow-errorcode）：銀行帳號變更
paynow,B001,驗證碼錯誤,,api,error,見 PayNow 金流錯誤代碼表（docs.paynow.com.tw/developer/docs/apipdf/cashflow/cashflow-errorcode）：銀行帳號變更
paynow,B002,變更會員銀行帳戶系統錯誤，請連絡系統商,,api,error,見 PayNow 金流錯誤代碼表（docs.paynow.com.tw/developer/docs/apipdf/cashflow/cashflow-errorcode）：銀行帳號變更
paynow,R000,退款系統程式錯誤，請與系統商連絡,,api,error,見 PayNow 金流錯誤代碼表（docs.paynow.com.tw/developer/docs/apipdf/cashflow/cashflow-errorcode）：交易退款
paynow,R001,申請人類別無填寫,,api,error,見 PayNow 金流錯誤代碼表（docs.paynow.com.tw/developer/docs/apipdf/cashflow/cashflow-errorcode）：交易退款
paynow,R002,參數錯誤 (buysafeno) 訂單編號,,api,error,見 PayNow 金流錯誤代碼表（docs.paynow.com.tw/developer/docs/apipdf/cashflow/cashflow-errorcode）：交易退款
paynow,R003,參數錯誤 (WebNo) 賣家會員帳號(公司統編或個人身分證),,api,error,見 PayNow 金流錯誤代碼表（docs.paynow.com.tw/developer/docs/apipdf/cashflow/cashflow-errorcode）：交易退款
paynow,R004,參數錯誤 (id) 買家會員帳號,,api,error,見 PayNow 金流錯誤代碼表（docs.paynow.com.tw/developer/docs/apipdf/cashflow/cashflow-errorcode）：交易退款
paynow,R005,參數錯誤 (refundvalue) 退貨原因,,api,error,見 PayNow 金流錯誤代碼表（docs.paynow.com.tw/developer/docs/apipdf/cashflow/cashflow-errorcode）：交易退款
paynow,R006,參數錯誤 (refunddate) 退貨日期,,api,error,見 PayNow 金流錯誤代碼表（docs.paynow.com.tw/developer/docs/apipdf/cashflow/cashflow-errorcode）：交易退款
paynow,R007,參數錯誤 (ECPlatform) EC廠商名稱,,api,error,見 PayNow 金流錯誤代碼表（docs.paynow.com.tw/developer/docs/apipdf/cashflow/cashflow-errorcode）：交易退款
paynow,R008,參數錯誤 (IDKey) IDKey檢驗識別碼,,api,error,見 PayNow 金流錯誤代碼表（docs.paynow.com.tw/developer/docs/apipdf/cashflow/cashflow-errorcode）：交易退款
paynow,R009,參數錯誤 (PassCode) 檢驗識別碼,,api,error,見 PayNow 金流錯誤代碼表（docs.paynow.com.tw/developer/docs/apipdf/cashflow/cashflow-errorcode）：交易退款
paynow,R010,參數錯誤 (refundmode) 退貨型態,,api,error,見 PayNow 金流錯誤代碼表（docs.paynow.com.tw/developer/docs/apipdf/cashflow/cashflow-errorcode）：交易退款
paynow,R011,今日交易不可當日退款,,api,error,見 PayNow 金流錯誤代碼表（docs.paynow.com.tw/developer/docs/apipdf/cashflow/cashflow-errorcode）：交易退款
paynow,R012,此交易賣家與申請退貨賣家不符,,api,error,見 PayNow 金流錯誤代碼表（docs.paynow.com.tw/developer/docs/apipdf/cashflow/cashflow-errorcode）：交易退款
paynow,R013,查無此交易,,api,error,見 PayNow 金流錯誤代碼表（docs.paynow.com.tw/developer/docs/apipdf/cashflow/cashflow-errorcode）：交易退款
paynow,R014,參數錯誤 (mem_bankaccno) 銀行帳號,,api,error,見 PayNow 金流錯誤代碼表（docs.paynow.com.tw/developer/docs/apipdf/cashflow/cashflow-errorcode）：交易退款
paynow,R015,參數錯誤 (accountbankno) 銀行代碼,,api,error,見 PayNow 金流錯誤代碼表（docs.paynow.com.tw/developer/docs/apipdf/cashflow/cashflow-errorcode）：交易退款
paynow,R016,參數錯誤 (mem_bankaccount) 撥款銀行分行名稱,,api,error,見 PayNow 金流錯誤代碼表（docs.paynow.com.tw/developer/docs/apipdf/cashflow/cashflow-errorcode）：交易退款
paynow,R017,由賣家取消信用卡交易，系統自動通知發卡行退還額度,,api,error,見 PayNow 金流錯誤代碼表（docs.paynow.com.tw/developer/docs/apipdf/cashflow/cashflow-errorcode）：交易退款
paynow,R018,非成功交易不得退款,,api,error,見 PayNow 金流錯誤代碼表（docs.paynow.com.tw/developer/docs/apipdf/cashflow/cashflow-errorcode）：交易退款
paynow,R019,此貨品已配送不得退款,,api,error,見 PayNow 金流錯誤代碼表（docs.paynow.com.tw/developer/docs/apipdf/cashflow/cashflow-errorcode）：交易退款
paynow,R020,此交易超過保管天數不得退款,,api,error,見 PayNow 金流錯誤代碼表（docs.paynow.com.tw/developer/docs/apipdf/cashflow/cashflow-errorcode）：交易退款
paynow,R021,此交易小於30元不得退款,,api,error,見 PayNow 金流錯誤代碼表（docs.paynow.com.tw/developer/docs/apipdf/cashflow/cashflow-errorcode）：交易退款
paynow,R022,此交易買家與申請退貨買家不符,,api,error,見 PayNow 金流錯誤代碼表（docs.paynow.com.tw/developer/docs/apipdf/cashflow/cashflow-errorcode）：交易退款
paynow,R023,此交易已請款不得退款,,api,error,見 PayNow 金流錯誤代碼表（docs.paynow.com.tw/developer/docs/apipdf/cashflow/cashflow-errorcode）：交易退款
paynow,R024,參數錯誤 (idRegist) 消費者身分證字號錯誤,,api,error,見 PayNow 金流錯誤代碼表（docs.paynow.com.tw/developer/docs/apipdf/cashflow/cashflow-errorcode）：交易退款
paynow,R025,退貨取消錯誤，請聯絡系統商,,api,error,見 PayNow 金流錯誤代碼表（docs.paynow.com.tw/developer/docs/apipdf/cashflow/cashflow-errorcode）：交易退款
paynow,R026,此買家無可退貨交易,,api,error,見 PayNow 金流錯誤代碼表（docs.paynow.com.tw/developer/docs/apipdf/cashflow/cashflow-errorcode）：交易退款
paynow,R027,交易已報送發卡行待回覆，目前不得退款,,api,error,見 PayNow 金流錯誤代碼表（docs.paynow.com.tw/developer/docs/apipdf/cashflow/cashflow-errorcode）：交易退款
paynow,R028,只能是商家發動退款,,api,error,見 PayNow 金流錯誤代碼表（docs.paynow.com.tw/developer/docs/apipdf/cashflow/cashflow-errorcode）：交易退款
paynow,R029,只能是確認退款狀態,,api,error,見 PayNow 金流錯誤代碼表（docs.paynow.com.tw/developer/docs/apipdf/cashflow/cashflow-errorcode）：交易退款
paynow,R030,只能是信用卡交易,,api,error,見 PayNow 金流錯誤代碼表（docs.paynow.com.tw/developer/docs/apipdf/cashflow/cashflow-errorcode）：交易退款
paynow,R031,退款金額錯誤,,api,error,見 PayNow 金流錯誤代碼表（docs.paynow.com.tw/developer/docs/apipdf/cashflow/cashflow-errorcode）：交易退款
paynow,R032,此交易不支援部分退款,,api,error,見 PayNow 金流錯誤代碼表（docs.paynow.com.tw/developer/docs/apipdf/cashflow/cashflow-errorcode）：交易退款
paynow,R033,今日請款金額(+30)須大於退款金額。,,api,error,見 PayNow 金流錯誤代碼表（docs.paynow.com.tw/developer/docs/apipdf/cashflow/cashflow-errorcode）：交易退款
paynow,R035,退款無法取消,,api,error,見 PayNow 金流錯誤代碼表（docs.paynow.com.tw/developer/docs/apipdf/cashflow/cashflow-errorcode）：交易退款
paynow,R036,票券訂單已核銷，無法退款,,api,error,見 PayNow 金流錯誤代碼表（docs.paynow.com.tw/developer/docs/apipdf/cashflow/cashflow-errorcode）：交易退款
paynow,R037,此為已撥款超過180天交易，退款作業完成須2-3個工作天；若於3個工作天後仍未顯示退款，請與PayNow聯繫。,,api,error,見 PayNow 金流錯誤代碼表（docs.paynow.com.tw/developer/docs/apipdf/cashflow/cashflow-errorcode）：交易退款
paynow,N000,會員資料修改程式錯誤，請與開發商聯絡,,api,error,見 PayNow 金流錯誤代碼表（docs.paynow.com.tw/developer/docs/apipdf/cashflow/cashflow-errorcode）：會員資料修改
paynow,N001,參數錯誤 (WebNo) 賣家會員帳號(公司統編或個人身分證),,api,error,見 PayNow 金流錯誤代碼表（docs.paynow.com.tw/developer/docs/apipdf/cashflow/cashflow-errorcode）：會員資料修改
paynow,N002,參數錯誤 (PassCode) 檢驗識別碼,,api,error,見 PayNow 金流錯誤代碼表（docs.paynow.com.tw/developer/docs/apipdf/cashflow/cashflow-errorcode）：會員資料修改
paynow,N003,參數錯誤 (IDKey) IDKey檢驗識別碼,,api,error,見 PayNow 金流錯誤代碼表（docs.paynow.com.tw/developer/docs/apipdf/cashflow/cashflow-errorcode）：會員資料修改
paynow,N004,參數錯誤 (ECPlatform) EC廠商名稱,,api,error,見 PayNow 金流錯誤代碼表（docs.paynow.com.tw/developer/docs/apipdf/cashflow/cashflow-errorcode）：會員資料修改
paynow,N005,參數錯誤 (webtel) 客服電話,,api,error,見 PayNow 金流錯誤代碼表（docs.paynow.com.tw/developer/docs/apipdf/cashflow/cashflow-errorcode）：會員資料修改
paynow,N006,參數錯誤 (mem_fax) 傳真號碼,,api,error,見 PayNow 金流錯誤代碼表（docs.paynow.com.tw/developer/docs/apipdf/cashflow/cashflow-errorcode）：會員資料修改
paynow,N007,參數錯誤 (memtel) 公司代表號,,api,error,見 PayNow 金流錯誤代碼表（docs.paynow.com.tw/developer/docs/apipdf/cashflow/cashflow-errorcode）：會員資料修改
paynow,N008,參數錯誤 (mem_zipcode) 郵遞區號,,api,error,見 PayNow 金流錯誤代碼表（docs.paynow.com.tw/developer/docs/apipdf/cashflow/cashflow-errorcode）：會員資料修改
paynow,N009,參數錯誤 (mem_add) 地址,,api,error,見 PayNow 金流錯誤代碼表（docs.paynow.com.tw/developer/docs/apipdf/cashflow/cashflow-errorcode）：會員資料修改
paynow,N010,參數錯誤 (mem_namecontect) 聯絡人姓名,,api,error,見 PayNow 金流錯誤代碼表（docs.paynow.com.tw/developer/docs/apipdf/cashflow/cashflow-errorcode）：會員資料修改
paynow,N011,參數錯誤 (mem_emailcontect) 聯絡人Email,,api,error,見 PayNow 金流錯誤代碼表（docs.paynow.com.tw/developer/docs/apipdf/cashflow/cashflow-errorcode）：會員資料修改
paynow,N012,參數錯誤 (mem_telcontect) 聯絡人電話,,api,error,見 PayNow 金流錯誤代碼表（docs.paynow.com.tw/developer/docs/apipdf/cashflow/cashflow-errorcode）：會員資料修改
paynow,N013,參數錯誤 (mem_telpcontect) 聯絡人手機,,api,error,見 PayNow 金流錯誤代碼表（docs.paynow.com.tw/developer/docs/apipdf/cashflow/cashflow-errorcode）：會員資料修改
paynow,N014,參數錯誤 (mem_checkpw) 網站交易密碼,,api,error,見 PayNow 金流錯誤代碼表（docs.paynow.com.tw/developer/docs/apipdf/cashflow/cashflow-errorcode）：會員資料修改
paynow,N015,地址不接受郵政信箱,,api,error,見 PayNow 金流錯誤代碼表（docs.paynow.com.tw/developer/docs/apipdf/cashflow/cashflow-errorcode）：會員資料修改
paynow,N016,地址錯誤，請輸入正確地址,,api,error,見 PayNow 金流錯誤代碼表（docs.paynow.com.tw/developer/docs/apipdf/cashflow/cashflow-errorcode）：會員資料修改
paynow,N017,郵遞區號錯誤，請輸入正確郵遞區號,,api,error,見 PayNow 金流錯誤代碼表（docs.paynow.com.tw/developer/docs/apipdf/cashflow/cashflow-errorcode）：會員資料修改
paynow,N018,該賣家非PayNow會員,,api,error,見 PayNow 金流錯誤代碼表（docs.paynow.com.tw/developer/docs/apipdf/cashflow/cashflow-errorcode）：會員資料修改
paynow,N019,賣家帳號不可輸入全形字,,api,error,見 PayNow 金流錯誤代碼表（docs.paynow.com.tw/developer/docs/apipdf/cashflow/cashflow-errorcode）：會員資料修改
paynow,N020,公司代表號不可輸入全形字,,api,error,見 PayNow 金流錯誤代碼表（docs.paynow.com.tw/developer/docs/apipdf/cashflow/cashflow-errorcode）：會員資料修改
paynow,N021,聯絡人電話不可輸入全形字,,api,error,見 PayNow 金流錯誤代碼表（docs.paynow.com.tw/developer/docs/apipdf/cashflow/cashflow-errorcode）：會員資料修改
paynow,N022,聯絡人手機不可輸入全形字,,api,error,見 PayNow 金流錯誤代碼表（docs.paynow.com.tw/developer/docs/apipdf/cashflow/cashflow-errorcode）：會員資料修改
paynow,N023,客服電話不可輸入全形字,,api,error,見 PayNow 金流錯誤代碼表（docs.paynow.com.tw/developer/docs/apipdf/cashflow/cashflow-errorcode）：會員資料修改
paynow,N024,聯絡人Email不可輸入全形字,,api,error,見 PayNow 金流錯誤代碼表（docs.paynow.com.tw/developer/docs/apipdf/cashflow/cashflow-errorcode）：會員資料修改
paynow,N025,客服Email不可輸入全形字,,api,error,見 PayNow 金流錯誤代碼表（docs.paynow.com.tw/developer/docs/apipdf/cashflow/cashflow-errorcode）：會員資料修改
paynow,N026,身分證字號驗證錯誤 或 賣家統一編號不正確,,api,error,見 PayNow 金流錯誤代碼表（docs.paynow.com.tw/developer/docs/apipdf/cashflow/cashflow-errorcode）：會員資料修改
paynow,N027,參數錯誤 (mem_type) 會員類型,,api,error,見 PayNow 金流錯誤代碼表（docs.paynow.com.tw/developer/docs/apipdf/cashflow/cashflow-errorcode）：會員資料修改
paynow,N028,參數錯誤 (mem_webname)網站名稱,,api,error,見 PayNow 金流錯誤代碼表（docs.paynow.com.tw/developer/docs/apipdf/cashflow/cashflow-errorcode）：會員資料修改
paynow,P000,交易查詢系統錯誤，請連絡系統開發商,,api,error,見 PayNow 金流錯誤代碼表（docs.paynow.com.tw/developer/docs/apipdf/cashflow/cashflow-errorcode）：交易查詢
paynow,Q000,系統錯誤請聯絡開發廠商,,api,error,見 PayNow 金流錯誤代碼表（docs.paynow.com.tw/developer/docs/apipdf/cashflow/cashflow-errorcode）：會員查詢
paynow,Q001,會員身分不符,,api,error,見 PayNow 金流錯誤代碼表（docs.paynow.com.tw/developer/docs/apipdf/cashflow/cashflow-errorcode）：會員查詢
paynow,Q002,查無此會員,,api,error,見 PayNow 金流錯誤代碼表（docs.paynow.com.tw/developer/docs/apipdf/cashflow/cashflow-errorcode）：會員查詢
paynow,Q003,未開通會員，系統已開通帳號，請重新修改會員資料,,api,error,見 PayNow 金流錯誤代碼表（docs.paynow.com.tw/developer/docs/apipdf/cashflow/cashflow-errorcode）：會員查詢
paynow,Q004,單純買家會員，請轉換成賣家會員,,api,error,見 PayNow 金流錯誤代碼表（docs.paynow.com.tw/developer/docs/apipdf/cashflow/cashflow-errorcode）：會員查詢
paynow,T000,系統錯誤請聯絡開發廠商,,api,error,見 PayNow 金流錯誤代碼表（docs.paynow.com.tw/developer/docs/apipdf/cashflow/cashflow-errorcode）：票券交易核銷
paynow,T001,票券未開通,,api,error,見 PayNow 金流錯誤代碼表（docs.paynow.com.tw/developer/docs/apipdf/cashflow/cashflow-errorcode）：票券交易核銷
paynow,T002,核銷碼格式錯誤(確認是否數字並為7碼),,api,error,見 PayNow 金流錯誤代碼表（docs.paynow.com.tw/developer/docs/apipdf/cashflow/cashflow-errorcode）：票券交易核銷
paynow,T003,非票券交易,,api,error,見 PayNow 金流錯誤代碼表（docs.paynow.com.tw/developer/docs/apipdf/cashflow/cashflow-errorcode）：票券交易核銷
paynow,T004,核銷碼檢核錯誤,,api,error,見 PayNow 金流錯誤代碼表（docs.paynow.com.tw/developer/docs/apipdf/cashflow/cashflow-errorcode）：票券交易核銷
paynow,T008,非成功交易不可核銷,,api,error,見 PayNow 金流錯誤代碼表（docs.paynow.com.tw/developer/docs/apipdf/cashflow/cashflow-errorcode）：票券交易核銷
paynow,T009,訂單所屬賣家與商家帳號不合,,api,error,見 PayNow 金流錯誤代碼表（docs.paynow.com.tw/developer/docs/apipdf/cashflow/cashflow-errorcode）：票券交易核銷
paynow,T010,該票券已使用不可重複核銷,,api,error,見 PayNow 金流錯誤代碼表（docs.paynow.com.tw/developer/docs/apipdf/cashflow/cashflow-errorcode）：票券交易核銷
paynow,T005,統編驗證錯誤(非公司戶會員),,api,error,見 PayNow 金流錯誤代碼表（docs.paynow.com.tw/developer/docs/apipdf/cashflow/cashflow-errorcode）：核銷會員轉換
paynow,T006,此會員已為票券使用者,,api,error,見 PayNow 金流錯誤代碼表（docs.paynow.com.tw/developer/docs/apipdf/cashflow/cashflow-errorcode）：核銷會員轉換
paynow,T007,此會員非EC票券使用者,,api,error,見 PayNow 金流錯誤代碼表（docs.paynow.com.tw/developer/docs/apipdf/cashflow/cashflow-errorcode）：核銷會員轉換
opay,10100001,IP 拒絕存取,IP Access Denied.,api,error,見歐付寶 APP 第三方應用／掃碼付 API 交易訊息代碼（appapi01 p.35、appapi02 p.27）
opay,10100002,交易發生錯誤,Trade Error.,api,error,歐付寶 APP 第三方應用／掃碼付 API 交易訊息代碼（appapi01 V1.0.8 p.35、appapi02 V1.6.3 p.27）
opay,10100010,超過扣款金額上限,Amount exceeds limit,payment,error,歐付寶 APP 第三方應用／掃碼付 API 交易訊息代碼（appapi01 V1.0.8 p.35、appapi02 V1.6.3 p.27）
opay,10100012,付款帳戶金額不足,Account cash is not enough.,payment,error,歐付寶 APP 第三方應用／掃碼付 API 交易訊息代碼（appapi01 V1.0.8 p.35、appapi02 V1.6.3 p.27）
opay,10100020,信用卡授權失敗,Credit card authorization is failed.,payment,error,歐付寶 APP 第三方應用／掃碼付 API 交易訊息代碼（appapi01 V1.0.8 p.35、appapi02 V1.6.3 p.27）
opay,10100022,使用非指定的發卡銀行信用卡,Not appointed issuing bank.,payment,error,歐付寶 APP 第三方應用／掃碼付 API 交易訊息代碼（appapi01 V1.0.8 p.35、appapi02 V1.6.3 p.27）
opay,10100050,參數錯誤,Parameter Error.,api,error,歐付寶 APP 第三方應用／掃碼付 API 交易訊息代碼（appapi01 V1.0.8 p.35、appapi02 V1.6.3 p.27）
opay,10100051,XML 參數錯誤,XML Parameter Error.,api,error,歐付寶 APP 第三方應用／掃碼付 API 交易訊息代碼（appapi01 V1.0.8 p.35、appapi02 V1.6.3 p.27）
opay,10100052,廠商編號錯誤,Merchant ID Error.,config,error,歐付寶 APP 第三方應用／掃碼付 API 交易訊息代碼（appapi01 V1.0.8 p.35、appapi02 V1.6.3 p.27）
opay,10100053,廠商狀態錯誤,Merchant Status Error.,config,error,歐付寶 APP 第三方應用／掃碼付 API 交易訊息代碼（appapi01 V1.0.8 p.35、appapi02 V1.6.3 p.27）
opay,10100054,廠商交易序號重複,Trading Number Repeated.,api,error,歐付寶 APP 第三方應用／掃碼付 API 交易訊息代碼（appapi01 V1.0.8 p.35、appapi02 V1.6.3 p.27）；重新建單須換新 MerchantTradeNo
opay,10100055,新增交易失敗,Create Trade Fail.,api,error,歐付寶 APP 第三方應用／掃碼付 API 交易訊息代碼（appapi01 V1.0.8 p.35、appapi02 V1.6.3 p.27）
opay,10100056,歐付寶交易序號有誤,TradeNo Error.,api,error,歐付寶 APP 第三方應用／掃碼付 API 交易訊息代碼（appapi01 V1.0.8 p.35、appapi02 V1.6.3 p.27）
opay,10100060,廠商編號空白,MerchantID Is Null.,api,error,歐付寶 APP 第三方應用／掃碼付 API 交易訊息代碼（appapi01 V1.0.8 p.35、appapi02 V1.6.3 p.27）
opay,10100063,廠商交易序號空白,MerchantTradeNo Is Null.,api,error,歐付寶 APP 第三方應用／掃碼付 API 交易訊息代碼（appapi01 V1.0.8 p.35、appapi02 V1.6.3 p.27）
opay,10100064,交易日期格式錯誤,MerchantTradeDate Format Error,api,error,歐付寶 APP 第三方應用／掃碼付 API 交易訊息代碼（appapi01 V1.0.8 p.35、appapi02 V1.6.3 p.27）
opay,10100065,交易金額格式錯誤,TradeAmount Format Error,api,error,歐付寶 APP 第三方應用／掃碼付 API 交易訊息代碼（appapi01 V1.0.8 p.35、appapi02 V1.6.3 p.27）
opay,99999901,In App WebView 才可使用此模式,,api,error,僅 APP 第三方應用（appapi01 p.35）
opay,99999910,缺少必要參數,,api,error,僅 APP 第三方應用（appapi01 p.35）
opay,99999999,使用者取消付款,,payment,warning,僅 APP 第三方應用；喚起付款後 redirectURL 的 rtnCode（appapi01 p.18、p.35）
